ID	TAG	CATEGORY	NOTES / TRANSLATION
1	R-18	r18	R-18
2	オリジナル	oc	Original
3	おっぱい	tit-	breasts
4	巨乳	tit-	big breasts
5	乳首ピアス	nip pierc	nipple piercing
6	拘束	bond	bondage - restraint - kōsoku
7	女の子	content-	girl
8	おしっこ	uro	pee
9	ぶっかけ	cum	bukkake
10	極上の乳	tit-	first-rate breasts
11	R-18G	guro	R-18G
12	飲尿	uro mouth	urophagia
13	尻神様	ass-	ass god
14	浴尿	uro	meat urinal - urine bath - yokunyō
15	母乳	tit milk	breast milk
16	肉便器	uro	meat toilet - niku benki
17	ピアス	pierc	piercing
18	艦これ	tm	KanColle
19	爆乳	tit-	big breasts
20	極上の女体	body-	superb female body
21	陰毛	pussy	pubic hair
22	首輪	sm- pet	collar - kubiwa (choker)
23	漫画	content	manga
24	魅惑の谷間	tit	cleavage - enchanting cleavage - miwaku no tanima
25	うごイラ	anim	ugoira - moving illustration
26	緊縛	bond	bondage - kinbaku
27	褐色	black	dark skin
28	調教	sm	training - chōkyō (sm related)
29	中出し	cum	creampie - internal ejaculation
30	ぱんつ	underwear	panties
31	ロリ	loli	loli
32	アズールレーン	tm	Azur Lane
33	AIイラスト	ai	AI illustration
34	ポケモン	tm	Pokémon
35	ブルーアーカイブ	tm	Blue Archive
36	おもらし	uro	peeing
37	バーチャルYouTuber	©	vtuber
38	スカトロ	sca	scat - sukatoro
39	露出	expose	exhibitionism - exposure - roshutsu
40	百合	not_solo yuri	yuri
41	乳首責め	nip	nipple stimulation - nipple torture - chikubizeme
42	放尿	uro	urination - hōnyō
43	アナル	anus	anal
44	魅惑のふともも	thigh-	bewitching thighs - enchanting thighs - Miwaku no futo momo
45	原神	tm	Genshin Impact
46	東方	tm	Touhou
47	パイズリ	tit dick	paizuri - titty fuck
48	フェラ	mouth dick	fellatio / blowjob
49	エロ衣装	expose	sexy clothes / erotic costume
50	輪姦	dick	gangbang
51	むちむち	chubby-	plump
52	拷問	sm	torture
53	Fate/GrandOrder	tm	Fate/Grand Order
54	くぱぁ	pussy	Kuppaa - spread pussy
55	ホロライブ	tm	Hololive
56	猿轡	mouth sm	mouth gag
57	東方Project	tm	Touhou Project
58	揉みしだきたい乳	tit-	boobs I want to massage
59	アナログ	not_ai	analog / traditional art
60	身体に落書き	bodymark-	body doodling
61	レイプ	sm	rape
62	リョナ	ryona	ryona
63	アイマス	tm	IMAS - Idolmaster
64	艦隊これくしょん	tm	Kantai Collection
65	Fate/GO	tm	Fate/GO
66	裸足	foot-	barefoot
67	水着	swim	swimsuit
68	奴隷	sm	slave
69	制服	costume	uniform
70	アヘ顔	face	ahegao
71	アイドルマスターシンデレラガールズ	tm	THE IDOLM@STER CINDERELLA GIRLS
72	全裸	body- expose	completely naked
73	淫紋	bodymark	sexual demon tattoo - Indecent Crest
74	目がハート	bodypart	heart eyes
75	腋	armpit	armpits
76	ポケモン人間絵	©	human characters in Pokémon
77	FGO	tm	FGO
78	猫耳	fantasy	cat ears
79	メイド	costume	maid
80	ふたなり	tit dick expose	futanari
81	AI	ai	AI
82	オナニー	mast	masturbation
83	サキュバス	fantasy	succubus
84	顔射	cum	facial ejaculation
85	コピック	not_ai	copic
86	触手	beast	tentacle
87	長手袋	wear-	long gloves
88	おへそ	belly-	navel / bellybutton
89	GenshinImpact	tm	GenshinImpact
90	クリピアス	clit pierc	clitoris piercing
91	金髪	hair-	blonde
92	敗北	sm	defeat
93	VTuber	©	VTuber
94	搾乳	milk	milking
95	催眠	sm-	hypnosis
96	ロリ巨乳	loli tit	loli with huge breasts
97	ボンデージ	bond	bondage
98	ボールギャグ	mouth sm	ball gag
99	溢れ精液	cum	creampie - overflowing semen
100	女子高生	id	high school girl
101	SM	sm	SM
102	エロ蹲踞	expose thight pussy	sexy squatting
103	アークナイツ	tm	Arknights
104	NTR	type-	NTR / Netorare
105	明日方舟	tm	Arknights (Chinese name)
106	お尻	ass-	butt / ass
107	濡れ透け	expose	wet see-through clothes
108	ケモノ	fantasy	kemono / furry
109	眼鏡	glasses	glasses
110	拡張	expose pussy	dilation / stretching
111	ブルアカ	tm	Buruaka - Blue Archive (Abbreviation)
112	グラブル	tm	Granblue Fantasy
113	騎乗位	sex	Cowgirl position
114	ツインテール	hair-	twin ponytails (hairstyle)
115	塗糞	sca	scat smearing
116	BlueArchive	tm	Blue Archive
117	失禁	uro	incontinence - wetting - shikkin
118	メスケモ	fantasy	Female Furry / Anthro girl - Female Kemo
119	AI生成	ai	AI Generated Content
120	性奴隷	sm	Sex slave
121	ボテ腹	belly-	pregnant belly / swollen belly
122	裸	body- expose	nude
123	美少女	content-	Beautiful girl / Bishoujo
124	美少女戦士セーラームーン	tm	Pretty Guardian Sailor Moon
125	乳首	nip-	nipples
126	セーラームーン	tm	Sailor Moon
127	洗脳	sm	Brainwashing / Mind Control
128	野外露出	expose	Outdoor exposure / Exhibitionism
129	獣耳	fantasy	Animal ears (Kemomimi)
130	乳揉み	tit	breast rub / breast massage / breast groping
131	StableDiffusion	ai	Stable Diffusion
132	タトゥー	bodymark	tattoo
133	グランブルーファンタジー	tm	Granblue Fantasy
134	黒髪	hair-	black hair
135	バニーガール	costume	bunny girl costume
136	潮吹き	wet	squirting
137	日焼け跡	black	tanlines
138	使用済みコンドーム	condom	used condom
139	エルフ	fantasy	elf
140	NovelAI	ai	NovelAI
141	鞭打ち	sm	whipping / flogging
142	腹筋	belly-	abs
143	下乳	tit	underboob
144	にじさんじ	tm	nijisanji
145	食糞	sca	coprophagy
146	动图	anim	GIF / Animated Image (Chinese tag)
147	ペットプレイ	pet	pet play
148	目隠し	sm	blindfold
149	痴女	type	female pervert / nymphomaniac / lewd woman
150	悪堕ち	sm	corrupted / falling to evil
151	ビッチ	type	bitch / slut archetype
152	シスター	costume	nun uniform
153	ふともも	thigh-	thighs
154	透け乳首	nip	nipples through clothes / See-through nipples
155	背後から胸揉み	tit	breast groping from behind
156	レズ	not_solo yuri	yuri / lesbian
157	フェラチオ	mouth dick	fellatio / blowjob
158	すじ	expose	cameltoe outline / pussy line
159	3D	not_ai	3D Models
160	羞恥	sm	humiliation / shame
161	女体美	body-	beautiful female bodies
162	監禁	sm	confinement / imprisonment
163	乱交	not_solo dick sex	group sex / orgy / gangbang
164	ギャル	type	gyaru
165	異物挿入	insert	foreign object insertion
166	ケモミミ	fantasy	kemomimi
167	hololive	tm	Hololive
168	狐耳	fantasy	fox ears
169	手コキ	dick	handjob
170	マイクロビキニ	swim expose	micro bikini
171	イラマチオ	throat dick insert	facefucking / deep throat / irrumatio
172	精液	cum	semen - seieki
173	鼻フック	sm	nose hook
174	挟まれたい谷間	tit	plump cleavage / cleavage you want to get caught in
175	尻	ass-	butt / ass
176	JK	id	joshikousei / high school girl
177	少女	id	young girl / shoujo
178	便女	uro	female human toilet / toilet girl / human urinal (Niku benki variation)
179	お漏らし	uro	wetting oneself / incontinence / peeing
180	筋肉娘	type	muscle girl / fit girl
181	立ちション	uro	peeing standing up / standing urination
182	ヒロピン	sm	heroine in a pinch / ryona light / Hiropin
183	うちの子	oc	OC / Original Character (Utchinoko)
184	BDSM	sm	BDSM
185	脱糞	sca	defecation / scat
186	機械姦	gear	intercourse with machinery / machine sex
187	バイブ	toy	vibrator / toy
188	横乳	tit	side breasts / side-breast
189	ビキニ	swim	bikini
190	落書き	not_ai	doodle / sketch
191	事後	setting	after sex / aftermath
192	褐色肌	black	tan skin / dark skin
193	無様エロ	expose	uncouth erotic / clumsy erotic state / awful erotic
194	足裏	foot-	soles of feet
195	スパンキング	sm	spanking
196	3DCG	not_ai	3D Computer Graphics
197	汗	wet	sweat
198	ゼンレスゾーンゼロ	tm	Zenless Zone Zero
199	着衣巨乳	tit	clothed breasts / oppai hidden by shirt
200	マニキュア	bodypart-	nail polish
201	ディルド	toy	dildo
202	メスガキ	loli	sassy loli - female brat - mesugaki
203	ザーメン	cum	semen - cum - zamen
204	セーラー服	costume	sailor uniform
205	異種姦	fantasy sex	interspecies sex
206	小便	uro	urine / pee (shouben)
207	口内射精	cum mouth	oral ejaculation / cum in mouth
208	パンツ	underwear	panties (Katakana variation)
209	CLIPSTUDIOPAINT	content	Clip Studio Paint
210	胸ポチ	nip	nipple poke / nipples protruding through clothes (munepochi)
211	スリングショット	swim expose	slingshot swimsuit / bikini
212	輪チラ	nip	areola flash / areola peek
213	勝利の女神:NIKKE	tm	Goddess of Victory: NIKKE
214	アイドルマスターシャイニーカラーズ	tm	THE iDOLM@STER Shiny Colors
215	ぴっちりスーツ	underwear expose	tight bodysuit / skintight suit
216	おねショタ	type	Onee-Shota
217	性器ピアス	pussy pierc	Genital piercing
218	乳合わせ	tit dick	paizuri sharing / breasts pressing / breast-to-breast rub
219	pokemon	tm	Pokémon (English tag)
220	貧乳	flat-	flat chest / small breasts
221	レオタード	underwear	leotard
222	うんこ	sca	poop / scat 
223	服越し母乳	tit milk	breastfeeding / lactation through clothes
224	エロ処刑	ryona	erotic execution / sexy punishment / lewd punishment
225	裸足裏	foot-	bare soles
226	碧蓝航线	tm	Azur Lane (Chinese name)
227	極上の貧乳	flat-	first-rate flat breasts / superb small breasts / premium flat chest
228	チンカス	cum	smegma
229	furry	fantasy	furry (English tag)
230	黒タイツ	underwear-	Black tights
231	四肢切断	guro	desmemberment / amputation / guro
232	乳吸い	tit	breast sucking
233	ローション	oil	lotion / lube
234	アナル尻尾	anus pet toy	anal tail plug
235	鬼畜	sm	brutal
236	開脚放尿	uro	spread leg urination / kaikyakuhounyou
237	愛液	wet	sexual fluids / female lubrication / love juice
238	崩壊スターレイル	tm	Honkai: Star Rail
239	創作	oc	OC / Original Creation
240	セックス	sex	sex
241	アナルビーズ	anus toy	anal beads
242	まんぐり返し	pussy	piledriver position / upward pussy display
243	おトイレ間に合わなかった系女子	uro	girls who didn't make it to the toilet in time
244	girl	content-	girl (English tag)
245	熟女	type	milf / mature woman
246	子宮脱	pussy ryona	uterine prolapse
247	乳房破壊	tit ryona	breast destruction
248	トイレ	uro toilet	toilet play / bathroom setting
249	スク水	swim	sukumizu / school swimsuit
250	遊戯王	tm	Yu-Gi-Oh!
251	腋毛	armpit-	armpit hair
252	白髪	hair-	white/silver hair
253	手マン	insert	fingering / manual stimulation
254	乳責め	tit	breast torture / stimulation
255	ハニーセレクト	tm	Honey Select
256	FF	tm	Final Fantasy
257	常識改変	setting+	change in common sense / common sense alteration / mind control
258	ポケットモンスター	tm	Pocket Monsters / Pokémon
259	チンコ包囲網	not_solo dick	surrounded by cocks / dick encirclement
260	NIKKE	tm	NIKKE (Abbreviation)
261	膣内放尿	pussy uro	vaginal urination / internal pee
262	両手に茎	not_solo dick	double handjob / holding two dicks / stems in both hands
263	三角木馬	sm gear	wooden horse
264	ブルマ	id	bloomer shorts
265	ハロウィン	setting	halloween themed
266	アイドルマスター	tm	THE IDOLM@STER
267	聖水	uro	golden shower / holy water / urine
268	積極お漏らし	uro	intentional pants wetting
269	崩坏星穹铁道	tm	Honkai: Star Rail (Chinese name)
270	寝取られ	type-	Netorare / Cuckold
271	口枷	mouth sm	Gag / Mouth shackle
272	凌辱	sm	sexual assault / rape / outrage / lewd violation
273	人妻	type	married woman / wife
274	乳暖簾	tit dick	milk warms / paizuri curtain / milk noren effect
275	はいてない	expose-	bottomless / not wearing panties / no-pan status
276	Arknights	tm	Arknights (English tag)
277	黒スト	underwear-	black stockings / tights
278	陵辱	sm	rape / lewd violation
279	男の娘	type	otokonoko / femboy
280	下着	underwear	underwear / lingerie
281	へそピアス	pierc	navel piercing
282	逆バニー	costume	reverse bunny suit
283	獣姦	beast	bestiality / zoophilia
284	悪魔っ娘	fantasy	devil girl / demon girl
285	仕事絵	content	commission / professional work
286	二穴	insert	DP / double penetration / two holes
287	ナース	costume	nurse uniform
288	ストリートファイター	tm	Street Fighter
289	黒髪ロング	hair-	long black hair
290	舌出し	tongue	tongue out
291	服ビリ	expose-	torn clothes / clothes tearing / ripped clothes
292	射精	cum	ejaculation / cumming
293	変身ヒロイン	id	transformable heroines
294	メイ(トレーナー)	©	Rosa / Mei (Pokémon Trainer)
295	パンチラ	expose-	panty flash / pantsu peek / panchira
296	ストッキング	underwear-	stockings
297	コルセットピアス	pierc	corset piercing
298	ILLUSION	tm	ILLUSION
299	黒ギャル	type	kuro-gyaru / dark-skinned gal
300	巨乳輪	nip	large areolas
301	小スカ	sca	Minor Scat / Light scat
302	宣伝	content	Advertisement / Promo art
303	娘乳	flat milk	Daughter's milk / Young lady lactation / Nyannyu
304	妊婦	type	Pregnant woman
305	公衆便所	toilet	Public toilet
306	僕のヒーローアカデミア	tm	My Hero Academia
307	ビンビンにおっ勃てたエロ乳首	nip	rock-hard erect erotic nipples
308	ヒトイヌ	pet sm	walking on fours / Human dog / Petplay pet
309	ニーソ	underwear	Thighhighs / Knee-high socks (Knee-so) 
310	ニプレス	nip expose	nipple pasties
311	クリ責め	clit	clit stimulation / clit torture
312	オリキャラ	oc	Original Character / OC
313	開脚	open	spread legs
314	足コキ	foot dick	footjob
315	舌ピアス	tongue pierc	tongue piercing
316	縛り	bond	bound / tie-up (Bondage light)
317	白長手袋	wear-	white long gloves / opera gloves
318	牛柄ビキニ	swim expose	cow print bikini
319	後背位	sex	doggy style
320	Tバック	underwear expose	t-back thong
321	貞操帯	sm gear	chastity Belt
322	神羅万象	tm	Shinra Bansho
323	噴乳	tit milk	Lactation squirt / Spraying breast milk
324	前から見えるお尻	ass	butt visible from the front
325	プリンセスコネクト!Re:Dive	tm	Princess Connect! Re:Dive
326	ニプルファック	nip insert	nipple fuck
327	テカテカ	oil	gleaming / shiny / glossy skin filter / baby oil texture
328	ゼンゼロ	tm	Zenless Zone Zero (Japanese abbreviation)
329	ぽっかりアナル	anus	gaping anal / gaping asshole
330	おまんこ	pussy	pussy / vagina
331	電気責め	sm gear	electro torture / electric shock torture / electro-stimulation
332	舐め回したい穴	anus tongue	lickable asshole
333	腹ボコ	pussy toy sm	foreign objects in the stomach
334	ポニーガール	pet sm	pony girl play (bdsm)
335	フィギュア	art_style	figure-like style / garage kit look
336	くらすめいと	id	Classmate
337	あばれる乳	tit	abareruchichi / wildly bouncing breasts
338	bondage	bond	bondage (English tag)
339	VOCALOID	tm	Vocaloid
340	B★RS	tm	Black★Rock Shooter
341	巨根	dick	large penis / huge cock / monster penis
342	太もも	thigh-	thighs (Alternative kanji)
343	八重神子	©	Yae Miko (Genshin Impact character)
344	ローター	toy	rotor / egg vibrator
345	ポニーテール	hair-	ponytail
346	M字開脚	open	M-shaped spread legs
347	針責め	pierc	needle torture / piercing pins
348	牛娘	fantasy	cow girl / minotaur girl
349	松村馬之助	©	Umanosuke Matsumura (OC)
350	快楽堕ち	lust	succumbing to pleasure / mindbroken by pleasure / falling to ecstasy
351	尿	uro	urine
352	大量射精	cum	huge ejaculation
353	不知火舞	©	Mai Shiranui (Fatal Fury / KOF)
354	パンスト	underwear	Pantyhose
355	ガーターベルト	underwear	Garter belt
356	League_of_Legends	tm	League of Legends
357	陥没乳首	nip	inverted nipples
358	野外	setting expose	Outdoor setting
359	绝区零	tm	Zenless Zone Zero (Chinese name)
360	狐娘	fantasy	Fox girl / Kitsunemimi
361	断面図	expose	X-ray view / Cross-section view (Hentai anatomy)
362	女の子の立ちション	uro	Girl peeing standing up
363	便器	uro	Toilet / Human urinal context
364	乳神様	tit-	breast god / holy boobs appreciation
365	メガネ	glasses	Glasses (Katakana variation)
366	ピンク髪	hair-	pink hair
367	サイハイブーツ	wear-	Thigh-high boots
368	ZenlessZoneZero	tm	Zenless Zone Zero (English tag)
369	魔法少女	id	Magical Girl
370	魅惑の顔	face	alluring face / fascinating face / ecstasy face expression
371	魅惑の乳	tit-	bewitching breasts / enchanting breasts
372	餓狼伝説	tm	Fatal Fury (Garou Densetsu)
373	銀髪	hair-	Silver hair
374	足指	foot-	toes
375	胸合わせ	tit	breasts pressed together / breast rubbing / cleavage-to-cleavage
376	濡れ	wet	wet / soaked clothes or skin
377	巫女	costume	shrine maiden / miko outfit
378	尿道	uro expose	urethra
379	初音ミク	©	Hatsune Miku
380	修道女	costume	Nun / Sister outfit
381	パイパン	pussy	shaved pubic area / bare pussy
382	セーラーマーキュリー	©	Sailor Mercury
383	ショートパンツ	wear-	Short pants / Booty shorts
384	クンニ	mouth	Cunnilingus / Eating out
385	くノ一	costume	Kunoichi / Female ninja
386	WutheringWaves	tm	Wuthering Waves
387	鸣潮	tm	Wuthering Waves (Chinese name)
388	高品質パンツ	underwear	High-quality panties / Extremely detailed underwear
389	看板娘	id	Mascot girl / Poster girl
390	尿道責め	sm gear	Urethral torture / sounding
391	八雲藍	©	Ran Yakumo (Touhou character)
392	乳首吊り	nip bond	Nipple suspension / Nipple hanging bondage
393	ヴァンパイア	fantasy	Vampire
394	ワンピース	tm	One Piece
395	ロリビッチ	loli type	slutty lolita / loli-bitch / lewd loli archetype
396	ティファ・ロックハート	©	Tifa Lockhart (Final Fantasy VII)
397	セーラージュピター	©	Sailor Jupiter
398	けものフレンズ	tm	Kemono Friends
399	ai	ai	AI content (Lowercase tag)
400	HoneySelect	tm	Honey Select (English tag)
401	AzurLane	tm	Azur Lane (English tag)
402	鞭	sm gear	whip
403	裸ニーソ	expose-	wearing only knee-high socks / naked with knee-high socks
404	裸エプロン	expose-	naked apron
405	着衣脱糞	sca	clothed defecation / clothed bowel movement / pooping in clothes
406	眼鏡っ娘	glasses	girl with glasses / megane-ko
407	強制絶頂	sm	coerced orgasm / forced orgasm / forced climax
408	崩壊:スターレイル	tm	Honkai: Star Rail
409	勃起乳首	nip	erect nipples
410	ラブライブ!	tm	Love Live!
411	マシュ・キリエライト	©	Mash Kyrielight (Fate/Grand Order)
412	ボディスーツ	expose underwear	Bodysuit
413	オカルトマニア	©	Hex Maniac (Pokémon Trainer)
414	よその子	oc	Someone else's OC / Guest character
415	谷間	tit-	cleavage
416	汗だく	wet	sweating / covered in sweat / drenched in sweat
417	水野亜美	©	Ami Mizuno (Sailor Mercury)
418	変態	type	pervert / hentai
419	人間便器	uro	human toilet / meat urinal archetype
420	乳内放尿	tit dick uro	urination during paizuri / breast pee
421	乳	tit-	breasts
422	プリズマ☆イリヤ	tm	Fate/kaleid liner Prisma ☆Ilya
423	ヌード	expose	nude
424	ソックス足裏	foot	soles through socks / stocking feet
425	クリトリス	clit	clitoris
426	キス	not_solo	kissing
427	ねじ込みたい尻	anus-	ass I want to screw
428	おしっこ我慢	uro	pee-holding / holding back pee / urine patience
429	DOA	tm	Dead or Alive
430	鼠蹊部	thigh	groin / groin area / inguinal crease (sokeibu)
431	鬼滅の刃	tm	Demon Slayer (Kimetsu no Yaiba)
432	雷電将軍	©	Raiden Shogun (Genshin Impact character)
433	閃乱カグラ	tm	Senran Kagura
434	調月リオ	©	Rio Tsukatsuki (Blue Archive character)
435	有刺鉄線	sm gear	barbed wire
436	小便器	uro	urinal setting
437	女オナニー	mast	female masturbation
438	モンスター娘	fantasy	Monster Girl
439	ファンタジー	setting	fantasy setting
440	ビッチ化	lust	transforming into a bitch / become a bitch / turning into a bitch / lewd corruption
441	チャイナドレス	costume	cheongsam / china dress
442	コンドーム	condom	condom
443	エヴァ	tm	Evangelion
444	アナルセックス	anus insert	Anal sex
445	このすば	tm	Konosuba
446	いじめ	sm	bullying / domination humilation
447	FF14	tm	Final Fantasy XIV
448	透け	expose	see-through clothes / sheer
449	浣腸	sca	enema
450	性器破壊	ryona	genital destruction
451	女性を乳首責め	nip	nipple torture on a woman / joseiwochikubizeme
452	天雨アコ	©	Ako Amau (Blue Archive character)
453	体操服	costume	gym uniform / bloomer set
454	仰臥	body	supine position / lying on back
455	三つ編み	hair-	braids (Hairstyle)
456	フィギュア風	art_style	figure style / plastic toy filter
457	トップレス	tit-	topless
458	セーラーマーズ	©	Sailor Mars
459	シースルー	expose	see-through
460	サイハイソックス	underwear	thigh-highs
461	ガバマン	pussy	loose pussy / gaping pussy / stretched vagina
462	ずらし挿入	insert	clothed penetration / shifting clothes to insert / quick unbuttoned sex
463	Skeb	content	Skeb Commission art
464	SAO	tm	Sword Art Online
465	首絞め	sm	choking / erotic asphyxiation
466	精液ボテ	cum	belly filled with semen / semen bulge / swollen belly filled with cum
467	申鶴	©	Shenhe (Genshin Impact character)
468	日焼け	black	sunburn / heavy tan
469	対魔忍	tm	Taimanin (Asagi/Yukikaze universe)
470	宇崎ちゃんは遊びたい!	tm	Uzaki-chan Wants to Hang Out!
471	妹	id	little sister / Imouto
472	嘔吐	sca	vomiting / emetic fetish
473	串刺し	ryona gear	skewer / impalement / spitted style
474	一之瀬アスナ	©	Asuna Ichinose (Blue Archive Bunny Girl)
475	ボディハーネス	sm	body harness (BDSM straps)
476	ブラックマジシャンガール	©	Black Magician Girl (Yu-Gi-Oh!)
477	ギルティギア	tm	Guilty Gear
478	KOF	tm	King of Fighters
479	開口マスク	mouth sm	open-mouth mask / Gag mask
480	痴漢	not_solo sm	molester / groping / molestation play
481	火野レイ	©	Rei Hino (Sailor Mars)
482	手袋	wear-	gloves
483	悪魔	fantasy	demon
484	全身タイツ	expose underwear	full bodysuit / zentai
485	傷跡	bodymark-	scar
486	乳出し	tit expose	exposed breasts / flashing tits
487	ラバー	costume	rubber / latex material
488	ハイヒール	wear-	high heels
489	ドラクエ	tm	Dragon Quest (DQ)
490	チクニー	nip mast	nipple masturbation (Chikuni)
491	ダブルピース	hand-	double peace sign
492	ショタ	type	shota
493	コスプレ	costume	cosplay
494	クリスマス	setting	christmas themed
495	キャットファイト	not_solo	catfight / girl-on-girl brawl
496	エロ	content	erotic / ecchi
497	イラスト	content	illustration / general artwork
498	アナル拡張	anus	anal expansion / anal dilation / anal stretching
499	アナルプラグ	anus sm- toy	anal plug
500	アズレン	tm	Azur Lane (Japanese abbreviation)
501	この素晴らしい世界に祝福を!	tm	God's blessing on this wonderful world!
502	おしり	ass	butt
503	Vtuber	id	Vtuber
504	Ugoira	anim	Ugoira
505	Fate	tm	Fate
506	葬送のフリーレン	tm	Funeral Freelen
507	色紙	art_style	Colored paper
508	艦ぱい	© tit-	KanColle cleavage
509	腹パン	sm	Belly punch
510	股縄	bond pussy	crotch rope
511	精液風呂	cum	cum bath
512	競泳水着	costume	Competitive swimsuit / High-cut school swimsuit
513	発情	lust	In heat
514	猫娘	fantasy	Cat girl (Nekomusume)
515	猫又おかゆ	©	Nekomata Okayu (Hololive VTuber)
516	欠損	ryona	Amputee
517	木野まこと	©	Makoto Kino / Sailor Jupiter
518	提督LOVE	©	Admiral LOVE
519	悪魔娘	fantasy	Devil Girl / Akumamusume
520	ラテックス	sm expose underwear	Latex / Rubber wear
521	メイド服	costume	Maid outfit / Maid uniform
522	ボーイッシュ	type	Boyish girl / Tomboy archetype
523	ホットパンツ	wear-	Hot pants / Short shorts
524	プリコネ	tm	Princess Connect! (Short casual tag)
525	ブレマートン(アズールレーン)	©	Bremerton (Azur Lane)
526	ハイレグ	swim	High-leg leotard / High-cut swimwear
527	トウコ(トレーナー)	©	Hilda / Touko (Pokémon Black/White Trainer)
528	チアガール	costume	Cheerleader outfit
529	ちっぱい	flat-	small breasts / chippai / tiny breasts / flat chest
530	かわいい	art_style	Cute / Kawaii (General aesthetic tag)
531	pee	uro	Pee / Urination (English lowercase tag)
532	overwatch	tm	Overwatch
533	DQ	tm	Dragon Quest (Short abbreviation tag)
534	Breasts	tit-	breasts (English capitalized tag)
535	髪コキ	hair dick	Hairjob / Frottage using long hair
536	食ザー	cum	Semen ingestion / Eating cum (Corrigido!)
537	食い込み	ass expose	wedgie / underwear wedged between butt cheeks
538	限界放尿	uro	can't hold the urge to pee / Limit urination / Urinating past the bladder limit
539	調教済み	sm	well-trained / Already trained / Conditioned submissive (BDSM)
540	見せ槍	dick	cock shock
541	着衣放尿	uro	clothed urination - chakui hōnyō / wetting oneself while fully dressed
542	猟奇マゾ	guro	Bizarre masochism / Guro-masochist build / rixyoukimazo
543	版権	tm-	copyrighted work / Fanart of official IP
544	授乳	tit milk	breastfeeding
545	捆绑	bond	bondage / shibari (Chinese characters variant tag)
546	手描きイラスト	not_ai	hand-drawn illustration
547	快楽天ビースト	tm	the quintessential quintuplets
548	レイプ目	face-	empty eyes / mind-broken eyes / dead eyes expression
549	メカ娘	fantasy	mecha girl / Mecha Girl
550	ムチムチ	chubby-	fat / muchimuchi / chubby / plump / thick thighs
551	フェルン	©	Fern (Sousou no Frieren - A maga gordinha emburrada)
552	ドMホイホイ	sm	Do M Hoi Hoi / Magnet for extreme masochists / Extreme M bait
553	トロ顔	face	melty face / torogao / intoxicated dazed expression
554	ティファ	©	Tifa Lockhart (Final Fantasy VII - Short name tag)
555	ダンまち	tm	DanMachi (Short casual abbreviation)
556	セルフ乳揉み	tit mast	self tit play / Self breast massage / Self breast fondling / Masturbating own tits
557	エロ下着	underwear expose	sexy underwear
558	エッチ	content	Ecchi
559	アナルフック	anus sm gear	anal hook
560	けもみみ	fantasy	Kemomimi
561	うる星やつら	tm	Urusei Yatsura
562	pixiv今日のお題	content	pixiv Today's Theme
563	ToLOVEる	tm	To LOVE Ru
564	魔法少女にあこがれて	tm	Gushing over Magical Girls (Mahouako)
565	魔女	id	Witch / Majo
566	髪掴み	sm hair	Hair grab
567	針	gear	needle
568	自撮り	body-	selfie
569	搾乳機	tit milk gear	milker / breast pump
570	微スカ	pov	Slight skirt view / Low angle peek (Micro-skirt glimpse)
571	巨乳化	tit	Breast expansion / Sudden growth fetish
572	宇崎花	©	Hana Uzaki (Uzaki-chan Wants to Hang Out!)
573	僕は友達が少ない	tm	Boku wa Tomodachi ga Sukunai (Haganai)
574	体に落書き	bodymark-	Body doodling / Writing markers on skin
575	ヴァンパイアシリーズ	tm	Darkstalkers / Vampire series (Capcom)
576	ラバースーツ	sm expose underwear	Rubber suit / Catsuit
577	ヤフオク	content	Yahoo! Auctions
578	モンハン	tm	Monster Hunter (Casual abbreviation tag)
579	ポケモンSV	tm	Pokémon Scarlet & Violet
580	ノーブラ	expose-	No bra / Bralless state
581	ドット絵	art_style	Pixel art
582	ソードアート・オンライン	tm	Sword Art Online
583	セーラーヴィーナス	©	Sailor Venus
584	スーパーマリオ	tm	Super Mario
585	アームバインダー	bond	Arm binder (BDSM leather restraint sleeve)
586	scat	sca	Scat / Coprophilia (English lowercase tag)
587	ONEPIECE	tm	One Piece
588	OC	oc	Original Character (Abbreviation tag)
589	NovelAIDiffusion	ai	NovelAI Diffusion generated art tag
590	BMG	©	Black Magician Girl (Yu-Gi-Oh!)
591	裏乳	tit back	back boobs
592	舌	tongue	Tongue
593	美脚	thigh	Beautiful legs / Bikaku
594	竜娘	fantasy	Dragon Girl / Ryuumusume
595	着衣	wear-	chakui / wearing clothes
596	汁	pussy	fluid / bodily fluids / juices / vaginal secretion (Corrigido!)
597	抜け陰毛	sm	Shed pubic hair / Stray pubic hairs on skin
598	崩坏3rd	tm	Honkai Impact 3rd (Chinese characters tag)
599	尻尾	fantasy	Tail (Animal/monster girl tail feature)
600	少女前線	tm	Girls' Frontline (Chinese characters tag)
601	対魔忍アサギ	©	Asagi Igawa (Taimanin Asagi)
602	妊娠	bodypart	Pregnancy
603	博衣こより	©	Hakui Koyori (Hololive VTuber - A cientista coiote coyote)
604	刺青	bodymark	Tattoo / Shisei
605	乳カーテン	tit expose	tit curtains / Breast curtain / Tits hanging down covering view
606	乳だけ出してる	tit expose	boobs out of clothes / exposure of only the breasts
607	ローアングル	pov	Low angle shot / Aomori look up
608	フェラ素振り	tongue	Blowjob air practice / Tongue mimics sucking motion
609	ファイナルファンタジー	tm	Final Fantasy (Full katakana tag)
610	ニーソックス	underwear	Knee socks / Over-knee socks
611	スクール水着	swim	Sukumizu / Japanese school swimsuit
612	クリリード	clit pierc sm	clitoris leash / clit chain attachment
613	ガールズ&パンツァー	tm	Girls und Panzer (Full katakana version)
614	ウェディングドレス	costume	Wedding dress
615	アラド戦記	tm	Arad Senki / Dungeon Fighter Online (JP name)
616	ごっくん	cum	Gokkun / Swallowing semen act
617	commission	content	Paid commission work (English tag)
618	boobs	tit-	Boobs (English lowercase plural tag)
619	R-15	content	R-15 rating / Mild restriction
620	FF7	tm	Final Fantasy VII (Abbreviation tag)
621	BLEACH	tm	Bleach series
622	鷺沢文香	©	Fumika Sagisawa (The Idolm@ster Cinderella Girls)
623	長瀞さん	©	Hayase Nagatoro (Nagatoro-san short tag)
624	童貞を殺すセーター	costume	Virgin Killer Sweater (Full japanese name tag)
625	汚いおっさん	type-	Ugly bastard / Dirty old man archetype
626	正の字	bodymark-	Tally marks / Counting orgasms drawn on skin with 'Sei'
627	月野うさぎ	©	Usagi Tsukino / Sailor Moon
628	晒し者	expose	public humiliation / Public exhibition / Exposed person to crowd
629	拷問館	gear	Torture Device
630	愛宕	©	Atago (Azur Lane / KanColle single name tag)
631	原创	oc	Original / OC (Chinese characters variant tag)
632	即夜戦	setting-	Instant Night Battle (Kantai Collection)
633	千年戦争アイギス	tm	Millennium War Aigis
634	側面全裸	tit expose	naked side / No sides dress / Sideboob-to-hip exposure
635	便器舐め	tongue	Toilet bowl licking (BDSM extreme degradation)
636	乳打撃	tit	Breast slapping / Tit punching (Ryona/Rough sex)
637	ランドセル	id	Randoseru / Elementary school backpack
638	ポケモン剣盾	tm	Pokémon Sword & Shield
639	ボンテージ	bond gear	Bondage gear / Leather strappy wear
640	ネコミミ	fantasy	Cat ears / Nekomimi (Katakana spelling tag)
641	セーラー対魔忍	tm	Sailor Taimanin crossover project
642	グロ	guro	Guro / Grotesque / Gore content indicator
643	アへ顔	face	ahegao
644	sexy	body-	Sexy (English lowercase tag)
645	large_breasts	tit-	Large Breasts (English lowercase snake_case tag)
646	cute	body-	Cute (English lowercase tag)
647	ahegao	face	Ahegao (English lowercase tag)
648	Re:ゼロから始める異世界生活	tm	Re:Zero - Starting Life in Another World (Full name)
649	R18	content	R-18 explicit rating tag
650	OL	costume-	Office Lady (Occupation archetype)
651	LOL	tm	League of Legends
652	青肌	fantasy	Blue skin (Monster girls, alien or demon skin)
653	開口器	mouth sm	Speculum / Mouth gag / Oral spreader device
654	鎖	bond gear	Chains / Metal chains bondage
655	腋見せのポーズ	armpit	showing off armpits
656	白タイツ	underwear-	white tights / Thigh-high socks / Thigh-highs
657	甘雨(原神)	©	Ganyu (Genshin Impact character)
658	犬走椛	©	Momiji Inubashiri (Touhou character)
659	焼印	bodymark	Branding / Hot iron marking (BDSM extreme)
660	泣き顔	face-	teary-eyed / Crying face (Expression preference)
661	東風谷早苗	©	Sanae Kochiya (Touhou character)
662	巨尻	ass-	Huge ass / Big butt
663	妖姿媚態	lust-	seductive appearance & posture / Bewitching figure and seductive behavior
664	城ヶ崎美嘉	©	Mika Jogasaki (The Idolm@ster Cinderella Girls)
665	地雷系	type	Jirai-kei / Minefield girl archetype
666	乳揺れ	tit	bouncing breasts / Breast jiggle / Breast shaking
667	リブ生地	wear-	Ribbed fabric clothing / Ribbed sweater
668	ラムちゃん	©	Lum-chan (Urusei Yatsura)
669	ラム	©	Ram (Re:Zero character or Lum short name)
670	ラストオリジン	tm	Last Origin
671	ヨル・フォージャー	©	Yor Forger (Spy x Family)
672	ボンバーガール	tm	Bomber Girl
673	ボディペイント	bodymark expose	Body paint
674	ビットギャグ	mouth sm	Bit gag / Bridle gag (BDSM horse play)
675	パイフェラ	tit mouth dick	Paizuri into fellatio / mammary intercourse & fellatio
676	バック	anus-	Doggy style / From behind
677	ニラマレ	face-	Glaring expression / Scowling look
678	セルフ浴尿	uro	Self urine bath / Urinating on oneself (Urola avançada)
679	まったく、駆逐艦は最高だぜ!!	©	Geez, Destroyers are the best! (Meme clássico de KanColle)
680	ねこみみ	fantasy	Nekomimi / Cat ears (Hiragana variant)
681	たくしあげ	expose-	Tucking up skirt/shirt / Lifting up clothes to expose
682	お腹	belly-	Stomach / Belly / Abdomen focus
683	loli	loli	Loli (English lowercase tag)
684	fanart	tm-	Fanart (English lowercase tag)
685	SPY×FAMILY	tm	Spy × Family
686	FE	tm	Fire Emblem (Abbreviation tag)
687	C84	event	Comiket 84 reference tag
688	Ahri	©	Ahri (League of Legends)
689	90年代風	art_style	90s anime style aesthetic
690	鼻輪	pierc	Nose ring / Septum piercing
691	野ション	uro	No-shon / Outdoor urination / Peeing in public
692	踊り子	costume	Dancer outfit / Belly dancer costume
693	英雄联盟	tm	League of Legends (Chinese characters variant tag)
694	花嫁	id	Bride / Wedding dress context
695	精飲	cum	Semen drinking / Seinin / Swallowing cum (A sua 'sopa')
696	立ちバック	sex	Standing doggy style / Standing from behind
697	破瓜	sex	Defloration / Loss of virginity / First time (Corrigido!)
698	着衣パイズリ	tit dick	Clothed paizuri / Titfuck through fabric
699	着衣セックス	sex	Clothed sex / Intercourse while wearing clothes
700	白丝	underwear	white silk pantyhose / Hakuhei
701	申鹤	©	Shenhe (Genshin Impact - Chinese tag)
702	温泉	setting expose	Hot Spring / Onsen setting
703	早瀬ユウカ	©	Yuuka Hayase (Blue Archive - A tesoureira favorita!)
704	撫で回したいお腹	belly-	A belly I want to caress/stroke
705	授乳手コキ	tit milk dick	Lactation handjob / Breastfeeding handjob
706	抱き枕カバー	content	Dakimakura cover / Body pillow design
707	手ブラ	tit	Hand bra (Covering breasts with hands)
708	愛野美奈子	©	Minako Aino / Sailor Venus
709	少女と小便器	uro	Girl using a urinal (Mais uma pro complexo de galeria!)
710	小学生	id	Elementary school student / Shougakusei
711	口内放尿	uro mouth	Mouth urination / Peeing in mouth
712	人外娘	fantasy	Monster Girl / Non-human girl (Jingaimusume)
713	乳房切断	tit guro	Breast amputation / Mastectomy (Guro/Ryona pesado)
714	マングソ	sca	Manguso / Extreme scat context (Vá com calma nas galerias!)
715	プロジェクトセカイ	tm	Project Sekai (Vocaloid rhythm game)
716	バンドリ	tm	BanG Dream! (Bandori)
717	ドラゴンクエスト	tm	Dragon Quest (Full name)
718	ダンジョンに出会いを求めるのは間違っているだろうか	tm	DanMachi / Is It Wrong to Try to Pick Up Girls in a Dungeon?
719	セーラープルート	©	Sailor Pluto
720	スパッツ	wear-	leggings / Spats / Athletic tights
721	ストレングス	©	Strength (Black★Rock Shooter)
722	スケベボディ	lust-	Lewd body / Slutty physique
723	シロナ	©	Cynthia (Pokémon Diamond/Pearl - Deusa absoluta)
724	ゲロ	sca	Vomit / Emetic fetish (Guro light)
725	グロマン	pussy	grotesque pussy
726	キャミィ	©	Cammy White (Street Fighter)
727	カテーテル	pussy gear sm	Catheter play (Fetiche médico/BDSM)
728	アヘ顔ダブルピース	face	Ahegao double peace sign pose
729	アナル舐め	anus tongue	Anal licking / Anilingus
730	アナルくぱぁ	anus expose	Anal spread
731	アスカ	©	Asuka Langley Soryu (Evangelion)
732	だがしかし	tm	Dagashi Kashi
733	お姉さん	type	Oneesan / Big sister type
734	zzzero	tm	Zenless Zone Zero (Short casual tag)
735	skeb	content	Skeb art commission (Lowercase tag)
736	originalcharacter	oc	Original Character (English tag)
737	arknights	tm	Arknights (English tag)
738	VOICEROID	tm	Voiceroid series
739	Shenhe	©	Shenhe (Genshin Impact - English tag)
740	M女	type	Masochistic woman / M-girl (BDSM role)
741	C95	event	Comic Market 95 / Comiket 95
742	C91	event	Comic Market 91 / Comiket 91
743	C83	event	Comic Market 83 / Comiket 83
744	BBC	dick	Big Black Cock (Interracial trope)
745	80年代風	art_style	80s anime style filter
746	鹿島	©	Kashima (Kantai Collection - Short tag)
747	鳴潮	tm	Wuthering Waves (Chinese characters kanji variant)
748	顔面騎乗	sm	Facesitting
749	赤面	face-	Blushing face
750	舌射	cum tongue	Cum on tongue / Ejaculation on tongue
751	羽川ハスミ	©	Hasumi Hanekawa (Blue Archive - As asas gigantes dela!)
752	羞恥プレイ	sm expose	Humiliation play / Shame play
753	繋がれピアス	nip clit pierc	Connected piercings (Nipple to clit, etc.)
754	種付けプレス	sex	Mating press / Breeding press (Posição intensa!)
755	白銀ノエル	©	Shirogane Noel (Hololive VTuber - Peito nível Knight)
756	犬耳	fantasy	Dog ears (Inumimi)
757	浜風	©	Hamakaze (Kantai Collection)
758	死体	guro	Corpse / Necrophilia context (Guro supremo)
759	抱き枕	content	Dakimakura / Hugging pillow (General tag)
760	愛のあるセックス	sex	Loving sex / Passionate consensual sex (Raro no Pixiv kkk)
761	恥辱	sm expose	Humiliation / Disgrace
762	巨クリ	clit	large clit
763	女の子に急所攻撃	ryona	Attack on girl's vital spot (Guro/Ryona groin attack)
764	大鳳(アズールレーン)	©	Taihou (Azur Lane)
765	同人	content	Doujin / Self-published work
766	勃起クリトリス	clit	erect clitoris
767	今泉影狼	©	Kagerou Imaizumi (Touhou werewolf girl)
768	乳首イキ	nip	Nipple orgasm
769	ロンググローブ	wear-	Long gloves (Katakana variation)
770	レズキス	not_solo yuri	Lesbian kiss / Yuri kiss
771	ルーズソックス	underwear-	Loose socks / Kogal style socks
772	リゼロ	tm	Re:Zero - Starting Life in Another World
773	リコリス・リコイル	tm	Lycoris Recoil
774	ランジェリー	underwear	Lingerie
775	モリガン	©	Morrigan Aensland (Darkstalkers - Short tag)
776	ポケモンXY	tm	Pokémon X and Y
777	ボディピアス	pierc	Body piercing
778	ファイアーエムブレム	tm	Fire Emblem
779	ハーレム	not_solo	Harem
780	ハーネス	sm gear	Harness (BDSM leather straps)
781	ドールズフロントライン	tm	Girls' Frontline / Dolls Frontline
782	トレンカ	underwear-	stirrup leggings / Trenka
783	ディープキス	tongue	Deep kiss / French kiss
784	セーラーサターン	©	Sailor Saturn
785	コンドーム腰蓑	condom	Condom skirt / Condom belt (Fetiche de excessos)
786	ケモ耳	fantasy	Animal ears (Kemomimi)
787	キョンシー	fantasy	Jiangshi / Kyonshi (Chinese hopping vampire)
788	エヴァンゲリオン	tm	Neon Genesis Evangelion (Full name)
789	エンジェル倶楽部	tm	Angel Club
790	エルフ耳	fantasy	Elf ears (Duplicate tag in katakana)
791	アイドルマスターミリオンライブ!	tm	THE IDOL@STER Million Live!
792	うんち	sca	Poop / Feces (Scat explícito)
793	HonkaiStarRail	tm	Honkai: Star Rail (English tag)
794	C87	event	Comic Market 87 / Comiket 87
795	C86	event	Comic Market 86 / Comiket 86
796	AIart	ai	AI Art (English tag)
797	鬼娘	fantasy	Oni Girl / Demon girl (Onimusume)
798	髪ブラ	tit	Hair bra (Covering breasts with long hair)
799	馬姦	beast	Bestiality with a horse / Horse sex (Galeria maldita! kkk)
800	長乳	tit	Long/sagging breasts / nagachichimatahachounyuu
801	遊戯王OCG	tm	Yu-Gi-Oh! Official Card Game
802	足	foot-	Foot / Feet / Legs
803	褐色娘	black	Dark-skinned girl
804	肉感少女	lust-	Fleshy girl / Voluptuous young girl
805	聖園ミカ	©	Mika Misono (Blue Archive - A princesa caída)
806	美乳	tit-	Beautiful breasts
807	精液便所	cum	Cum dumpster / Semen toilet archetype
808	笑顔	face-	Smiling face
809	看護婦	costume	Nurse (Outfit/archetype)
810	白上フブキ	©	Shirakami Fubuki (Hololive VTuber - Fox waifu!)
811	流血	ryona	Bleeding / Bloodshed (Ryona/Guro explicit)
812	正常位	sex	Missionary position
813	春麗	©	Chun-Li (Street Fighter)
814	撫で回したい尻	ass-	An ass I want to caress/stroke
815	手描き	not_ai	Hand-drawn / Traditional feel digital art
816	愛宕(アズールレーン)	©	Atago (Azur Lane)
817	性職者	id	Clergy worker / Lewd nun or priest (Trote com 'sex worker')
818	常闇トワ	©	Tokoyami Towa (Hololive VTuber)
819	宝鐘マリン	©	Houshou Marine (Hololive - A capitã mais sedenta do YT)
820	女囚	costume	Female prisoner
821	女体化	content	Feminization / Gender-bend (Genderswap)
822	女	content-	Woman / Female
823	四肢拘束	bond	Full limb restraint / Four-limb bondage
824	喜多川海夢	©	Marin Kitagawa (My Dress-Up Darling)
825	単行本	content	Tankobon / Manga volume release
826	包茎	dick	phimosis / uncircumcised penis
827	剥けチン	dick	peeled foreskin / circumcised / exposed glans
828	処女	type	Virgin
829	八重歯	face	Snaggletooth / Yaeba (Dente de canino saltado fofo)
830	佐々城柑奈	©	Kanna Sasaki (Visual Novel character/OC)
831	仰け反り絶頂	sex	Arched-back climax / Bending backwards orgasm
832	乳首に名札	nip	Name tag pinned on nipple
833	乳内射精	cum tit	Ejaculation inside breasts / Cleavage creampie
834	モリガン・アーンスランド	©	Morrigan Aensland (Darkstalkers - Full name)
835	ポールダンス	gear	Pole dancing
836	プロセカ	tm	Project Sekai (Japanese abbreviation)
837	プリコネR	tm	Princess Connect! Re:Dive (Abbreviation)
838	プリキュア	tm	Pretty Cure (Precure)
839	ブーツ	wear-	Boots
840	フォーミダブル(アズールレーン)	©	Formidable (Azur Lane)
841	ビキニアーマー	costume	Bikini Armor
842	バイブINパンツ	toy	Vibrator inside panties
843	ハイスクールD×D	tm	High School DxD
844	ナンジャモ	©	Iono / Nanjamo (Pokémon Scarlet/Violet Gym Leader)
845	タイツ	underwear-	Tights
846	ゼルダの伝説	tm	The Legend of Zelda
847	セクシー	body-	Sexy (Duplicate tag in katakana)
848	キューティーハニー	tm	Cutie Honey
849	ガルパン	tm	Girls und Panzer (Garpan)
850	アナル中出し	anus cum	Anal creampie
851	アイギス	©	Aigis (Persona 3 / Millennium War Aigis)
852	よだれ	mouth	drool / saliva
853	へそ	belly-	Navel / Bellybutton (Short kanji tag)
854	たかぎさん	©	Takagi-san (Teasing Master Takagi-san)
855	さなぱい	tit ©	Sanapai / Sanae's big breasts (Touhou fandom joke)
856	けしからん谷間	tit	naughty cleavage / Outrageous/Indecent cleavage
857	お風呂	toilet	Bath / Bathroom setting
858	piercing	pierc	Piercing (English lowercase tag)
859	nsfw	content	NSFW (Not Safe For Work - English tag)
860	WanVideo	ai	WanVideo (AI Video generation tool reference)
861	Iray	art_style	Daz3D Iray Render engine reference
862	C89	event	Comic Market 89 / Comiket 89 (Duplicate tag)
863	AZKi	©	AZKi (Hololive VTuber)
864	髪射	cum	Cum on hair / Ejaculation on hair
865	金髪碧眼	hair-	Blonde hair and blue eyes (Duplicate tag)
866	遠坂凛	©	Rin Tohsaka (Fate/stay night)
867	透けへそ	expose-	see-through navel / Navel visible through clothing / Translucent navel
868	踏みつけ	sm	Trampling / Foot stepping (BDSM domination)
869	调教	sm	Training / Discipline (BDSM - Chinese character variant)
870	美女	content-	Beautiful woman
871	網タイツ	underwear	fishnets
872	破れストッキング	expose-	Torn stockings / Ripped tights
873	眼帯	glasses-	Eyepatch
874	盛るペコ	© lust	Pekora in heat / Horny Pekora trope (Corrigido! kkk)
875	白瀬咲耶	©	Sakuya Shirase (The Idolm@ster Shiny Colors)
876	甘雨	©	Ganyu (Genshin Impact - Short name tag)
877	瑞鶴	©	Zuikaku (Kantai Collection - Short name tag)
878	獣人	fantasy beast	Beastman / Anthropomorph / Theriantrope
879	染みパン	uro underwear	stained panties
880	擬人化	fantasy	Anthropomorphism
881	搾精	cum	Semen harvesting / Intense milking (Chinese/JP variant)
882	掌受け	cum	Catching cum in hands / Palm pooling
883	恐怖失禁	uro	Fear incontinence / Wetting oneself out of terror (Ryona)
884	幼女	loli	Young girl / Loli variant (Youjo)
885	崩壊3rd	tm	Honkai Impact 3rd
886	学園アイドルマスター	tm	Gakuen Idolmaster
887	女性上位	sex	Female on top / Cowgirl position (Alternative term)
888	女子校生	id	High school girl / JK (Duplicate tag)
889	四楓院夜一	©	Yoruichi Shihoin (Bleach)
890	原創	oc	Original Creation (Chinese characters tag for OC)
891	勃起ズル剥け	dick	bokkizurumuke / fully exposed erect glans / exposed erection
892	加賀	©	Kaga (Kantai Collection - Short tag)
893	刻晴	©	Keqing (Genshin Impact - Kanji tag)
894	八雲紫	©	Yukari Yakumo (Touhou Project)
895	俺の妹がこんなに可愛いわけがない	tm	OreImo / My Little Sister Can't Be This Cute
896	例のセーター	costume	Virgin Killer Sweater
897	人外	fantasy beast	Non-human / Monster (General category)
898	乳鷲掴み	tit	Eagle-grip breast squeeze / Rough breast grab
899	ロリ爆乳	loli tit type	Loli with massive breasts
900	レム(リゼロ)	©	Rem (Re:Zero - Explicit character tag)
901	ライザリン・シュタウト	©	Reisalin Stout / Ryza (Atelier Ryza - As coxas mais famosas)
902	ライザのアトリエ	tm	Atelier Ryza series
903	ヤンデレ	type	Yandere (Archetype preference)
904	ホタル(スターレイル)	©	Firefly / Hotaru (Honkai: Star Rail)
905	ヘスティア	©	Hestia (DanMachi - A deusa da fita azul!)
906	プラグスーツ	expose underwear	Plugsuit (Evangelion context/Sci-fi latex)
907	ファイナルファンタジー7	tm	Final Fantasy VII
908	ハート目	face-	Heart eyes / Pupil arousal expression
909	ノーパン	expose	No panties / Commando state
910	ニコ・デマラ	©	Nicole Demara (Zenless Zone Zero)
911	ナルメア	©	Narmaya (Granblue Fantasy - A big sister definitiva)
912	チューブ連結	sm gear	Tube connection / Medical fluid tubes
913	セルフパイ舐め	tit tongue	Self breast/nipple licking
914	セリフ付き	content	With dialogue lines / Text included
915	スマイルプリキュア	tm	Smile Precure!
916	スプリットタン	tongue	forked tongue / split tongue
917	ジーンズ	wear-	Jeans
918	イリヤスフィール・フォン・アインツベルン	©	Illyasviel von Einzbern (Fate series - Alerta de loli!)
919	イジらないで、長瀞さん	tm	Don't Toy with Me, Miss Nagatoro
920	アナルパール	anus sm- toy	Anal pearls / Anal beads
921	まんこ	pussy	Manko / Pussy
922	ふつくしい	art_style	beautiful
923	にあ☆みぃ	©	Nia☆Mii (Poser 3D Character)
924	つぶれおっぱい	tit	squished breasts / collapsed breasts
925	elsword	tm	Elsword (English lowercase tag)
926	Wフェラ	mouth dick	Double blowjob / Two girls on one guy
927	Splatoon	tm	Splatoon series
928	I字バランス	open	I-shaped balance vertical split / Extreme leg stretch
929	C82	event	Comic Market 82 / Comiket 82
930	3Dカスタム少女	tm	3D Custom Girl (Classic H-game simulator)
931	魔法少女まどか☆マギカ	tm	Puella Magi Madoka Magica
932	長乳首	nip	long nipples / elongated nipples
933	錦木千束	©	Chisato Nishikigi (Lycoris Recoil)
934	達磨	guro	Daruma / Limbless doll state (Ryona/Amputação extrema)
935	逆レイプ	sm sex	Reverse rape / Femdom forced sex
936	逆さ吊り	bond	Hanging upside down restraint (Inversion bondage)
937	辱め	sm expose	Humiliation / Disgrace treatment
938	超乳	tit-	extra large breasts / hyper breasts / gigantic tits
939	角楯カリン	©	Karin Kakutate (Blue Archive - Empregada coelha chocólatra)
940	血	ryona	Blood (Ryona/Guro light indicator)
941	自慰	mast	Masturbation (Full kanji spelling)
942	肉体破壊	ryona	Body destruction (Guro pesado / Ryona terminal)
943	聖白蓮	©	Byakuren Hijiri (Touhou Project)
944	緑髪	hair-	Green hair
945	綾波レイ	©	Rei Ayanami (Evangelion)
946	絶頂	sex	Orgasm / Climax (Duplicate tag in block)
947	紐パン	underwear	Side-tie panties / String panties
948	筋肉	body-	Muscles / Muscular build (Duplicate tag)
949	着衣くぱぁ	pussy	Clothed pussy spread / Pulling underwear aside while dressed
950	玉藻の前	©	Tamamo no Mae (Fate series / Extra)
951	源頼光(Fate)	©	Minamoto no Raiko (Fate/Grand Order - A mãe milf suprema)
952	涙目	face-	Teary eyes / Crying expression
953	桐ヶ谷直葉	©	Suguha Kirigaya / Leafa (Sword Art Online)
954	放置プレイ	sm expose	Neglect play / Leaving bound girl alone (BDSM trope)
955	捜査官	costume	Investigator / Female Agent trope
956	战舰少女	tm	Warship Girls (Chinese mobile game)
957	御姐	type	Oneesan / Mature woman (Chinese term for 'Oneesan')
958	尊厳破壊	sm	Destruction of dignity / Psychological ahegao/corruption
959	子宮口	sm expose	cervix / uterine
960	媚薬	lust	Aphrodisiac / Love potion
961	女王様	id	Dominatrix / Queen type (BDSM role)
962	女性	content-	Female / Woman (Duplicate/General kanji tag)
963	垂れ乳	tit	hanging breasts / saggy breasts / Natural drop tits
964	古风	setting	Traditional style / Ancient Chinese style aesthetics
965	冴えない彼女の育てかた	tm	Saekano: How to Raise a Boring Girlfriend
966	先生(ブルーアーカイブ)	©	Sensei (Blue Archive player avatar context)
967	乳环	nip pierc	Nipple rings / Nipple piercing (Chinese kanji spelling)
968	モンスターハンター	tm	Monster Hunter series
969	メッシー	wet	Messy fetish / Sploshing (Food, mud or slime on the body)
970	マスク	face gear-	Mask
971	ボコォ	ryona	Bokoo / Sound effect for a heavy stomach deformation punch
972	ペット	pet sm	Petplay role / Submissive treated as pet
973	ヘテロ	not_solo	Hetero / Straight sex (Non-yuri/Non-yaoi indicator)
974	ヘッドボードアングル	pov	Headboard angle camera / POV sex looking up from bed
975	パンスト越しのパンツ	expose-	Panties seen through pantyhose
976	ハルカ(トレーナー)	©	May / Haruka (Pokémon Ruby/Sapphire Trainer - Sua favorita!)
977	ネクパイ	tit	Necktie cleavage / Tie tucked between naked breasts
978	トリック・オア・トリートメント	©	Trick or Treatment (Fate/Grand Order)
979	チェンソーマン	tm	Chainsaw Man
980	セクハラ	sm	Sexual harassment context
981	スズラン(アークナイツ)	©	Suzuran (Arknights - Alerta máximo do FBI! kkk)
982	ショートカット	hair-	Short haircut / Short hair style
983	ザーメンジョッキ	cum gear	Semen mug / Pitcher filled with cum
984	ザーゲロ	cum sca	Vomiting semen / Cum vomit (Hardcore guro light)
985	キスハメ	sex	Kissing during intercourse / Kissing while inserting
986	カスミ	©	Misty (Pokémon) or Kasumi (Dead or Alive) short tag
987	エロ水着	swim expose	erotic swimwear
988	エルソード	tm	Elsword (Katakana full tag)
989	エジプト	costume	Egypt themed background / outfits
990	らんま1/2	tm	Ranma 1/2
991	らくがき	not_ai	Doodle / Sketch (Hiragana spelling)
992	ふんどし	underwear-	Fundoshi / Traditional loincloth
993	ぬるぬる	wet	Slimy / Lubed up / Slippery body fluid state
994	ずらし放尿	uro	Urinating while underwear is pulled aside
995	すーぱーそに子	©	Super Sonico (A rainha original do fetiche com fone!)
996	こね回したい乳首	nip	nipples I want to play with
997	bigboobs	tit-	Big boobs (English tag)
998	Sexyビーチ	tm	Sexy Beach (Illusion H-game series)
999	BanG_Dream!	tm	BanG Dream! (English explicit spelling)
1000	鹿島(艦隊これくしょん)	©	Kashima (Fleet Collection)
1001	魔法少女ゆーしゃちゃん	©	Magical Girl Yusha-chan
1002	高雄	©	Takao (Kantai Collection or Azur Lane)
1003	電車	setting expose	Train setting / Chikan context
1004	陸八魔アル	©	Aru Rikuhakuma (Blue Archive - A patroa desastrada)
1005	足枷	foot gear	Ankle shackles / Foot irons
1006	表紙	content	Cover design / Doujinshi cover style
1007	背後から乳揉み	tit	Breast groping from behind
1008	純愛	sex	Pure love / Vanilla consensual romance
1009	着物	costume	Kimono
1010	白猫プロジェクト	tm	White Cat Project
1011	片足パンツ	expose-	panties through one leg
1012	橘ありす	©	Alice Tachibana (The Idolm@ster Cinderella Girls - FBI!!)
1013	極上の尻	ass-	Exquisite ass / First-rate butt
1014	椛	©	Momiji (Touhou Project - Short single kanji tag)
1015	格ゲー	tm	Fighting game genre theme (Fighting Game)
1016	斬首	guro	Beheading / Decapitation (Guro supremo)
1017	推しの子	tm	Oshi no Ko
1018	拘束衣	gear	Straitjacket (Alternative kanji spelling)
1019	巡音ルカ	©	Luka Megurine (Vocaloid)
1020	学校	setting	School setting (Duplicate tag)
1021	天使	fantasy	Angel
1022	大艦巨乳主義	tit ©	battleship girls with big breasts
1023	大神ミオ	©	Ookami Mio (Hololive VTuber)
1024	夢見りあむ	©	Riamu Yumemi (The Idolm@ster Cinderella Girls)
1025	売春	setting	Prostitution context / Enjo kosai
1026	垂れ愛液	pussy	Dripping love juice / Vaginal lubrication pooling
1027	土下座	sm	Dogeza (Prostration / Submissive bowing)
1028	唾液	mouth	Saliva / Spit
1029	受精	expose cum	Fertilization / Conception visual trope
1030	十六夜咲夜	©	Sakuya Izayoi (Touhou Project)
1031	剥ぎ取りたいブラ	underwear expose	enticing brassiere
1032	切断	guro	Amputation / Dismemberment (Guro/Ryona)
1033	光沢	oil	Glossy texture / Latex or oil sheen render
1034	健屋花那	©	Sukoya Kana (Nijisanji VTuber)
1035	体操着	costume	Gym uniform / Bloomers set
1036	五等分の花嫁	tm	The Quintessential Quintuplets
1037	主観視点	pov	First-person POV / Subjective point of view
1038	ロングヘアー	hair-	Long hair (Katakana tag)
1039	ルリナ	©	Nessa / Rurina (Pokémon Sword/Shield Gym Leader)
1040	ミルコ(僕のヒーローアカデミア)	©	Mirko / Rumi Usagiyama (My Hero Academia)
1041	マリィ(トレーナー)	©	Marnie / Mary (Pokémon Sword/Shield Trainer)
1042	マゾ	sm	Masochist (Short form archetype)
1043	マギ	tm	Magi: The Labyrinth of Magic
1044	マオ(トレーナー)	©	Mallow / Mao (Pokémon Sun/Moon Trainer)
1045	ポケ姦	© beast	Pokekan / Pokémon bestiality (Sua galeria é um caos kkk)
1046	ブレマートン	©	Bremerton (Azur Lane)
1047	ピーチ姫	©	Princess Peach (Super Mario)
1048	ハメ撮り視点	pov	POV perspective
1049	ノースリーブ	costume	Sleeveless outfit
1050	ネモ(トレーナー)	©	Nemona / Nemo (Pokémon Scarlet/Violet Trainer)
1051	デレマス	tm	Deremas / Cinderella Girls (Short casual tag)
1052	テープくぱぁ	pussy	Labia taping spread / Tape restraint genitals
1053	ツーサイドアップ	hair-	Two side up hair style
1054	ツインテ	hair-	Twintails (Short casual tag)
1055	タンクトップ	costume	Tank top
1056	スカサハ	©	Scathach (Fate/Grand Order)
1057	ジャンヌ・ダルク	©	Jeanne d'Arc (Fate series)
1058	ジャンヌ・オルタ	©	Jeanne d'Arc Alter / Jalter (Fate/Grand Order)
1059	シャニマス	tm	Shanimas / Shiny Colors (Short casual tag)
1060	ゴブリン	fantasy beast	Goblin (Monster archetype / Goblin Slayer style)
1061	ガバアナル	anus	gaping anus
1062	ガキ巨乳	loli tit	Bratty short girl with massive breasts
1063	カスミ(トレーナー)	©	Misty / Kasumi Trainer ver. (Pokémon classic - Mais uma!)
1064	オシッコ	uro	Urination / Pee (Katakana alternate spelling)
1065	エロフ	fantasy	Erotic Elf / Lewd Elf trope
1066	エアリス・ゲインズブール	©	Aerith Gainsborough (Final Fantasy VII)
1067	アリス(勝利の女神:NIKKE)	©	Alice (Goddess of Victory: NIKKE - Coelhinha de macacão)
1068	アトリエシリーズ	tm	Atelier series
1069	アイドル	id	Idol (Occupation archetype)
1070	その着せ替え人形は恋をする	tm	My Dress-Up Darling / Sono Bisque Doll
1071	がに股	open	bowlegged / wide-open crotch stance
1072	かぐや様は告らせたい	tm	Kaguya-sama: Love Is War
1073	おっさんホイホイ	content	old men please gather / Old Man Hoihoi
1074	curvy	lust-	Curvy physique (English tag)
1075	MyGO!!!!!	tm	MyGO!!!!! (BanG Dream! sub-unit)
1076	JS	id	JS / Joshi Shougakusei (Elementary school girl)
1077	Genshin	tm	Genshin Impact (English casual short tag)
1078	DNF	tm	Dungeon & Fighter (Dungeon Fighter Online)
1079	BOOTH	content	BOOTH store link reference / Asset design
1080	3P	not_solo sex	Threesome / 3P (Threeway action)
1081	首吊り		Hanging
1082	電車内		Inside the train
1083	電マ		Electric massager
1084	逆アナル	anus	Reverse anal
1085	近親相姦		Incest
1086	谷間に布寄せ		Clothing in the valley
1087	謹賀新年		Happy New Year
1088	謎の白い液体		Mysterious white liquid
1089	誘惑		Temptation
1090	触手服		Tentacle clothes
1091	裸リボン		Naked Ribbon
1092	裸コート		Naked coat
1093	臭いフェチ		Smell fetish
1094	縛	bond	Bound
1095	神里綾華	©	Ayaka Kamisato
1096	眼鏡巨乳	tit	Glasses big breasts
1097	猫耳娘		Cat ear girl
1098	狼娘		Wolf Girl
1099	犬	beast	Dog
1100	無洗浄		No cleaning
1101	湊あくあ	©	Aqua Minato
1102	水星の魔女		Witch of Mercury
1103	母娘		Mother and daughter
1104	新世紀エヴァンゲリオン	tm	Neon Genesis Evangelion
1105	拡張済み		Expanded
1106	戦艦少女		Battleship Girl
1107	我慢失禁	uro	Retention incontinence
1108	少女前线		Girl's front line
1109	射命丸文		Shameimaru text
1110	完全拘束		Complete restraint
1111	娼婦		Prostitute
1112	女教師		Female teacher
1113	女子プロレス		Women's professional wrestling
1114	大量脱糞	sca	Massive defecation
1115	大空スバル		Oozora Subaru
1116	城ヶ崎莉嘉	©	Rika Jogasaki
1117	地味子		Jimiko
1118	和服		Japanese clothes
1119	台湾		Taiwan
1120	半ケツ	ass	Half-ass
1121	動圖		Moving picture
1122	剛毛		Bristles
1123	出血		Bleeding
1124	公衆便女		Public train woman
1125	俺妹		My sister
1126	伊落マリー		Iraku Marie
1127	人間牧場		Human Farm
1128	二穴責め		Double hole torture
1129	事前		Advance
1130	乳首オナニー	nip mast	Nipple masturbation
1131	乳袋	milk	Milk bag
1132	乳枷	milk	Milk Shackles
1133	乳房吊り	tit	Breast suspension
1134	レズバトル	not_solo yuri	Lesbian Battle
1135	ラブプラス		Love Plus
1136	ミコッテ		Miqo'te
1137	プール		Pool
1138	ヒロアカ		Heroaka
1139	パフィーニップル	nip	Puffy nipples
1140	バニー		Bunny
1141	ナイル(どうぶつの森)	©	Nile (Animal Crossing)
1142	ドM		Do M
1143	ダークエルフ		Dark Elf
1144	ダンベル何キロ持てる?		How many kilograms of dumbbells can you lift?
1145	ダクネス	©	Darkness
1146	タイツ越しのパンツ		Pants through tights
1147	セーラーネプチューン	©	Sailor Neptune
1148	セーラーウラヌス	©	Sailor Uranus
1149	セルフ飲尿	uro	Self drinking urine - serufu nonyō
1150	スプラトゥーン	tm	Splatoon
1151	サイトウ	©	Saito
1152	コミケ	event	Comiket
1153	ケツ毛	anus-	Ass hair
1154	クリック推奨		Click to expand
1155	ガクビク		Jakubikku
1156	オーバーロード		Overlord
1157	オリジナルキャラクター	oc	Original character
1158	オナバレ		Onabare
1159	エウルア	©	Eurua
1160	インナーカラー		Inner color
1161	アルカナハート	tm	Arcana Heart
1162	アバ茶	uro	Aba-cha / Abbachio tea / Urine tea
1163	アナスタシア	©	Anastasia
1164	アジアの巨乳.com	tit	Asian big breasts.com
1165	ぽっちゃり		Chubby
1166	とある		Something
1167	けいおん!		K-ON!
1168	お仕置き		Punishment
1169	おむつ		Diapers
1170	【生贄の花嫁】ノルニス		[Sacrificial Bride] Nornis
1171	sailormoon	©	sailormoon
1172	ryona	ryona	ryona
1173	VAM		VAM
1174	PixAI	ai	PixAI
1175	NieR:Automata		NieR:Automata
1176	MyHeroAcademia	tm	MyHeroAcademia
1177	LastOrigin		LastOrigin
1178	HololiveEN	tm	HololiveEN
1179	DQ3	tm	DQ3
1180	DAZ-Studio		DAZ-Studio
1181	C90	event	C90
1182	C88	event	C88
1183	C85	event	C85
1184	C81	event	C81
1185	3d		3d
1186	라스트오리진		Last Origin
1187	黒猫		Black cat
1188	高雄(アズールレーン)	©	Takao (Azur Lane)
1189	高木さん	©	Mr. Takagi
1190	馬乗りパイズリ	tit dick	horse-riding titty fuck - Umanori paizuri
1191	食蜂操祈		Hokkaido Prayer
1192	風呂		Bath
1193	青姦		Open sex
1194	雷电将军		Raiden General
1195	隠姦		Secret rape
1196	金髪ロング		Long blonde hair
1197	野外放尿	uro	Outdoor urination
1198	逆乳	tit	Inverted breasts
1199	貝合わせ		Assorted shellfish
1200	豊川祥子		Shoko Toyokawa
1201	表紙絵		Cover picture
1202	萝莉	loli	Lolita
1203	草薙寧々	©	Nene Kusanagi
1204	腹肉		Belly meat
1205	腕押さえ輪姦	not_solo sex	Arm hold gangbang
1206	胡蝶しのぶ	©	Shinobu Kocho
1207	肉オナホ	sm sex	Flesh onahole
1208	聖剣伝説3		Sacred Sword Legend 3
1209	羽川翼		Tsubasa Hanekawa
1210	紐ビキニ	swim expose	String bikini
1211	穿刺		Puncture
1212	空崎ヒナ	©	Hina Sorasaki
1213	碧蓝档案		Blue blue frame plan
1214	砂狼シロコ		Sand Wolf Shiroko
1215	目隠し竿		Blind rod
1216	百合キス	not_solo yuri	Yuri Kiss
1217	甲鉄城のカバネリ		Kabaneri of the Iron Fortress
1218	猫		Cat
1219	片目隠れ		One eye hidden
1220	片乳	tit	One breast
1221	照れ顔		Embarrassed face
1222	洗濯バサミ		Clothespins
1223	武蔵	©	Musashi
1224	極太ディルド		Extremely thick dildo
1225	柏崎星奈	©	Sena Kashiwazaki
1226	枝垂ほたる		Weeping firefly
1227	東方project		Touhou project
1228	杏山カズサ	©	Kyouyama Kazusa
1229	服越しピアス	pierc	Earrings through clothes
1230	放置		Leave it alone
1231	援交		Compensated dating
1232	排泄		Excretion
1233	捕虜		Prisoner of War
1234	拘束具		Restraints
1235	手袋コキ	dick	Glove job
1236	手枷		Manacles
1237	忍者		Ninja
1238	後藤ひとり		Goto Hitori
1239	彼女、お借りします		I'll borrow your girlfriend.
1240	巨乳美女	tit-	Big breasted beauty
1241	屈辱		Humiliation
1242	安全ピン名札の乳首ピアス	nip pierc	Safety pin name tag nipple piercing
1243	姉なるもの		Sister
1244	女戦士		Female Warrior
1245	女児服		Girls' clothes
1246	太眉		Thick eyebrows
1247	土萠ほたる		Tsuchimoi Hotaru
1248	四つん這い		Crawling on all fours
1249	咥えゴム		Bag rubber
1250	即堕ち2コマシリーズ		Immediate fall 2-panel series
1251	冥王せつな	©	Setsuna Hades
1252	信濃(アズールレーン)	©	Shinano (Azur Lane)
1253	便所	toilet	Toilet
1254	乳風	milk	Milk style
1255	乳狼	milk	Milk Wolf
1256	乳吊り	tit	Breast suspension
1257	乗せ乳	milk	Putting milk
1258	三穴		Three holes
1259	ロケットおっぱい	tit	Rocket boobs
1260	レナモン	©	Renamon
1261	メイ	©	May
1262	マジアベーゼ	©	Magia Baizer
1263	ポケ獣人		Poke Beastman
1264	ボクシング		Boxing
1265	ペコリーヌ		Pecorine
1266	ベルファスト(アズールレーン)	©	Belfast (Azur Lane)
1267	ヘスティア(ダンまち)	©	Hestia (Danmachi)
1268	プロレス		Pro wrestling
1269	プリンツ・オイゲン	©	Prinz Eugen
1270	ブラック・マジシャン・ガール	©	Black Magician Girl
1271	フェチ		Fetish
1272	ピースサイン		Peace sign
1273	ヒロインピンチ		Heroine Pinch
1274	ヒカリ(トレーナー)	©	Hikari (Trainer)
1275	パーカー		Parker
1276	バーバラ(原神)	©	Barbara (Genshin Impact)
1277	バレンタイン		Valentine
1278	ハートニプレス		Heart Pasties
1279	ニプルピアス	nip pierc	Nipple piercing
1280	ナース服		Nurse uniform
1281	ナイチンゲール(Fate)	©	Nightingale (Fate)
1282	ドSホイホイ		S Hoihoi
1283	デジモン		Digimon
1284	チャイナ服		China clothes
1285	ダンス		Dance
1286	ダンガンロンパ		Danganronpa
1287	ゼノギアス		Xenogears
1288	ズリ事後		After the slip-up
1289	スーパーハイレグ		Super High-Leg
1290	スパイファミリー	tm	Spy Family
1291	ジャンヌ・ダルク(Fate)	©	Joan of Arc (Fate)
1292	シャワー		Shower
1293	サンタコス		Santa Costume
1294	コミッション		Commission
1295	ゲーム		Game
1296	ケルシー(アークナイツ)	©	Kal'tsit (Arknights)
1297	カプコン	tm	Capcom
1298	エロライブ		Erotic Live
1299	エデンズリッターグレンツェ		Edens Ritter Grenze
1300	イキ顔		Live face
1301	イイダ		Iida
1302	アリス	©	Alice
1303	アスナ(SAO)	©	Asuna (SAO)
1304	ぼっち・ざ・ろっく!	tm	Bocchi The Rock!
1305	へそ出し		Navel exposed
1306	はいてないしつけてない		No clothes, no discipline
1307	ねこランジェリー		Cat lingerie
1308	などと供述しており		etc.
1309	とある科学の超電磁砲		A Certain Scientific Railgun
1310	ちんちんのポーズ		Chinchin pose
1311	しゃがみ		Crouch down
1312	けいおん		K-ON
1313	おっさん		Old man
1314	♀Д♀		♀Д♀
1315	latex		latex
1316	cum	cum	cum
1317	SSSS.GRIDMAN		SSSS.GRIDMAN
1318	Overwatch	tm	Overwatch
1319	MILF		MILF
1320	INDEXACG		INDEXACG
1321	Fate/staynight	tm	Fate/stay night
1322	Fate/EXTRA	tm	Fate/EXTRA
1323	FINALFANTASY	tm	FINAL FANTASY
1324	Daz		Daz
1325	DID		DID
1326	C94	event	C94
1327	Ave_Mujica		Ave_Mujica
1328	AI-generated	ai	AI-generated
1329	黑丝		Black 丝
1330	麗富学園		Reitomi Academy
1331	魅惑の女体		Enchanting female body
1332	露出狂		Exhibitionist
1333	雪花ラミィ		Snow Flower Lamy
1334	長瀞早瀬	©	Nagatoro Hayase
1335	銃		Gun
1336	連縛	bond	Bound
1337	透け服		Sheer clothes
1338	足フェチ		Foot fetish
1339	赤髪		Red hair
1340	谷間ホール		Tanima Hall
1341	見せない構図		Composition that is not shown
1342	蛍(原神)	©	Firefly (Genshin)
1343	葉隠透	©	Toru Hagakure
1344	胸囲の格差社会		Society with disparity in chest circumference
1345	胸チラ		Chest flash
1346	背中	back-	Back
1347	肛門	anus	Anus
1348	美遊・エーデルフェルト	©	Miyu Edelfelt
1349	緊縛労働	bond	Bondage labor
1350	続編希望		Sequel hope
1351	笑顔強制		Forced smile
1352	秋山澪	©	Mio Akiyama
1353	碧眼	bodypart	Blue eyes
1354	看護師		Nurse
1355	白スク		White School
1356	異世界迷宮でハーレムを		Harem in a different world labyrinth
1357	産卵		Spawning
1358	生まれたままの姿(産まれたままの姿)全裸(ヌード)		As born (as born) Naked (nude)
1359	甘露寺蜜璃		Kanroji Mitsuri
1360	獣娘		Beast Girl
1361	潮		Tide
1362	渋谷凛	©	Rin Shibuya
1363	淫魔		Inma
1364	淫乱		Nympho
1365	海		Sea
1366	沙花叉クロヱ	©	Shaka Kuroie
1367	沖田総司	©	Okita Souji
1368	汚パンツ		Dirty pants
1369	死姦		Death rape
1370	欧派		European
1371	桜	©	Sakura
1372	柊うてな	©	Utena Hiiragi
1373	東方肉便器	uro	Touhou meat toilet - Tōhō niku benki
1374	東方緊縛画	bond	Touhou bondage painting
1375	有原優奈	©	Yuna Arihara
1376	星川サラ	©	Sarah Hoshikawa
1377	新田美波	©	Minami Nitta
1378	新刊		New publication
1379	指を突っ込みたいへそ		I want to stick my finger in my navel
1380	我々の業界ではご馳走です		It's a treat in our industry.
1381	戌神ころね		Korone Inugami
1382	惣流・アスカ・ラングレー	©	Soryu Asuka Langley
1383	式波・アスカ・ラングレー	©	Shikinami Asuka Langley
1384	島村卯月	©	Uzuki Shimamura
1385	尿袋	uro	urine bag - nyō-bukuro
1386	小悪魔		Little devil
1387	家畜		Livestock
1388	宮本武蔵(Fate)	©	Miyamoto Musashi (Fate)
1389	妖精		Fairy
1390	女騎士		Female Knight
1391	女僧侶		Female monk
1392	奇乳	tit	Odd breasts
1393	天海春香	©	Haruka Amami
1394	夏コミ		Summer comic
1395	夏		Summer
1396	壁尻	ass	Kabebutt
1397	四肢欠損		Limb loss
1398	告知		Announcement
1399	吊り		Hanging
1400	可愛い		Cute
1401	古見さんは、コミュ症です。	©	Mr. Komi has communism.
1402	及川雫	©	Shizuku Oikawa
1403	半脱ぎ		Half undressed
1404	化物語	tm	Bakemonogatari
1405	処刑		Execution
1406	内臓		Internal organs
1407	体格差		Physical disparity
1408	井河アサギ		Igawa Asagi
1409	乳首ピアスチェーン	nip pierc	Nipple piercing chain
1410	乳輪	nip	Areola
1411	串刺しセックス		Skewer sex
1412	丝袜		Horizontal
1413	三白眼		Sanpakugan
1414	三月なのか		Is it March?
1415	レースクイーン		Race Queen
1416	レム	©	Rem
1417	レトロゲーム		Retro games
1418	レインコート		Raincoat
1419	ラブライブ!虹ヶ咲学園スクールアイドル同好会		Love Live! Nijigasaki Academy School Idol Club
1420	ラブライブ!サンシャイン!!		Love Live! Sunshine!!
1421	ヨルハ二号B型		Yorha No. 2 Type B
1422	モリマン		Moriman
1423	メスの顔		Female face
1424	マビノギ英雄伝		Mabinogi Hero Legend
1425	ポケモントレーナー	©	Pokemon Trainer
1426	ボディストッキング		Body stockings
1427	ボア・ハンコック	©	Boa Hancock
1428	ホームレス		Homeless
1429	ホロライブEN	tm	Hololive EN
1430	ブラジャー	underwear-	Bra
1431	フルネルソン		Full Nelson
1432	フェリシア		Felicia
1433	パイロットスーツ		Pilot suit
1434	バーニス・ホワイト	©	Burnice White
1435	ハミ毛		Hami hair
1436	ネバネバ		Sticky
1437	ニップレス	nip	Nipples
1438	ドラゴンズクラウン	tm	Dragon's Crown
1439	デッドオアアライブ	tm	Dead or Alive
1440	ディープスロート	throat	Deep Throat
1441	セントルイス(アズールレーン)	©	St. Louis (Azur Lane)
1442	セクシーポーズ		Sexy pose
1443	ストライクウィッチーズ		Strike Witches
1444	シトラリ		Citrali
1445	サンタ		Santa
1446	サングラス		Sunglasses
1447	サトシ		Satoshi
1448	ゴムから精飲	cum	Drinking sperm from rubber
1449	ゴブリンスレイヤー	tm	Goblin Slayer
1450	クロエ・フォン・アインツベルン	©	Chloe von Einzbern
1451	クッパ姫	©	Princess Bowser
1452	ギャグ		Gag
1453	キャプション芸		Caption art
1454	キツネ耳		Fox ears
1455	ガンダム	tm	Gundam
1456	ガニ股		Crab crotch
1457	カウガール		Cowgirl
1458	オナフェラ	dick	Onafera - onanii fellatio
1459	オッパイ	tit	Tits
1460	オイル		Oil
1461	エレン・ジョー		Ellen Jo
1462	エレシュキガル		Ereshkigal
1463	エジプト娘		Egyptian girl
1464	ウマ娘プリティーダービー		Uma Musume Pretty Derby
1465	イリヤスフィール(プリズマ☆イリヤ)	©	Illyasviel (Fate/kaleid liner Prisma Illya)
1466	アーミヤ(アークナイツ)	©	Amiya (Arknights)
1467	アルトリア・ペンドラゴン(ランサー)	©	Artoria Pendragon (Lancer)
1468	アスナ	©	Asuna
1469	アイカツ!		Aikatsu!
1470	わからせ		Wakase
1471	ゆーしゃちゃん		Yusha-chan
1472	もみぱい		Momipai
1473	まんすじ		Man streak
1474	なにこれかわいい		How cute is this?
1475	どうぶつの森	tm	Animal Crossing
1476	つるまんさいこう		Tsuruman Saiko
1477	だるま		Daruma
1478	たくし上げ		Push up
1479	くのいち		Kunoichi
1480	お掃除フェラ	mouth dick	Cleaning blowjob
1481	【SSS】		【SSS】
1482	yaemiko	©	yaemiko
1483	raidenshogun		raidenshogun
1484	pixivSakuraEffect	content	pixivSakuraEffect
1485	original	oc	original
1486	gagged		gagged
1487	bigbreasts	tit-	bigbreasts
1488	bdsm	sm	bdsm
1489	XAXO		XAXO
1490	R18G	guro	R18G
1491	R-17.9	content	R-17.9
1492	NARUTO		NARUTO
1493	FFXIV	tm	FFXIV
1494	CG集		CG collection
1495	C93	event	C93
1496	C80	event	C80
1497	BB(Fate)	©	BB(Fate)
1498	2B		2B
1499	鼻水		Runny nose
1500	黒獣		Black beast
1501	鳳えむ		Emu Otori
1502	魅惑の股間		Enchanting crotch
1503	魂魄妖夢		Konpaku Youmu
1504	高垣楓		Kaede Takagaki
1505	風見幽香	©	Yuka Kazami
1506	音声作品		Audio works
1507	電撃		Blitz
1508	雷电芽衣		Raiden Mei
1509	酒呑童子(Fate)	©	Shuten Doji (Fate)
1510	足袋		Tabi
1511	貫通	insert	Penetration
1512	講座		Course
1513	角娘		Kaku Musume
1514	西行寺幽々子		Yuyuko Saigyoji
1515	薬物		Drugs
1516	薬漬け		Medicine
1517	苗床		Nursery
1518	膨乳	tit	Swollen breasts
1519	腋コキ	armpit dick	Armpit job
1520	脫糞	sca	Dung
1521	脇毛	armpit	Armpit hair
1522	胸破れ		Chest Torn
1523	聖剣伝説		Sacred Sword Legend
1524	縞パン		Striped bread
1525	絢瀬絵里		Eri Ayase
1526	絆創膏		Bandaid
1527	素股		Intercrural sex
1528	糸引き		Stringing
1529	精液封入	cum	holding semen - encapsulation
1530	精液ぶっかけ	cum	splashing semen - semen bukkake
1531	磔		Crucifixion
1532	着ザー		Arrival
1533	真希波・マリ・イラストリアス		Makinami Mari Illustrious
1534	白猫		White cat
1535	白坂小梅	©	Shirasaka Koume
1536	生塩ノア		Raw salt Noah
1537	生えかけ		Newly born
1538	珊瑚宮心海		Sangogu Shinkai
1539	玉責め		Ball torture
1540	玉藻の前(Fate)	©	Tamamo no Mae (Fate)
1541	物語シリーズ		Story Series
1542	涙		Tears
1543	水原千鶴	©	Chizuru Mizuhara
1544	機動戦士ガンダム水星の魔女		Mobile Suit Gundam Mercury Witch
1545	極上の腹		Superb belly
1546	極上の妹		The best sister
1547	梅喧	©	Baiken
1548	桜セイバー		Sakura Saber
1549	東方グラマラス		Touhou Glamorous
1550	来生泪		Kuryu Tears
1551	昔の水着	swim	Old swimsuits
1552	教室		Classroom
1553	敗北ヒロイン		Defeated heroine
1554	撫で回したい太もも		Thighs I want to stroke
1555	排泄管理		Excretion management
1556	挟射		Pinch shot
1557	手錠		Handcuffs
1558	戦うヒロイン		Fighting heroine
1559	我々の業界ではご褒美です		It's a reward in our industry.
1560	憲兵さんこっちです		Military police are here.
1561	恥丘		Mons pubis
1562	性交		Intercourse
1563	快楽天		Kairakuten
1564	後輩		Junior
1565	強化人類アムネロ		Enhanced Humanity Amnero
1566	幽香	©	Yuka
1567	年賀状		New Year's card
1568	巨大娘		Giant Girl
1569	尿ジョッキ	uro	Urine jug
1570	尻コキ	ass dick	Buttjob
1571	尤诺		Explanation
1572	尘白禁区		Yabaekin District
1573	小便風呂	uro	Urine bath
1574	寝取らせ		Cuckolding
1575	宝多六花	©	Rikka Takarada
1576	宇津見エリセ(ランサー)	©	Elyse Utsumi (Lancer)
1577	孕ませ		Improve
1578	婚纱		Marriage
1579	天津風		Tianjin Wind
1580	天ヶ瀬むゆ	©	Muyu Amagase
1581	大人のおもちゃ		Adult toys
1582	夏色まつり		Summer Color Festival
1583	垂らし事後		After dripping
1584	咲-Saki-	©	Saki-
1585	和輪姦	not_solo sex	Japanese gangbang
1586	和式トイレ		Japanese style toilet
1587	吐血		Hematemesis
1588	吊り乳	tit	Hanging breasts
1589	古見硝子		Komi Glass
1590	刑部姫(Fate)	©	Osakabehime (Fate)
1591	全裸土下座		Naked kneeling
1592	兎田ぺこら	©	Pekora Usada
1593	兄妹		Siblings
1594	優結		Yuyu
1595	便器化	uro	Toilet conversion
1596	任天堂		Nintendo
1597	人魚		Mermaid
1598	人格排泄		Personal excretion
1599	井ノ上たきな	©	Takina Inoue
1600	乳首ズリ	nip	Nipple slippage
1601	乳首つねり	nip	Nipple pinching
1602	乳踏み	tit	Breast stepping
1603	乳房	tit-	Breast
1604	乳寄せ	tit milk	Breastfeeding
1605	乳ワイパー	tit	Breast wiper
1606	下脱ぎ		Take off your bottom
1607	ヴァレサ		Varesa
1608	ローゼンメイデン		Rozen Maiden
1609	ロスモンティス(アークナイツ)	©	Losmontis (Arknights)
1610	レズレイプ	not_solo yuri sm	Lesbian rape
1611	レズビアン	not_solo yuri	Lesbian
1612	リーリエ(ポケモン)	©	Lillie (Pokemon)
1613	リゼ・ヘルエスタ	©	Lize Hellesta
1614	リコ(アニポケ)	©	Riko (Anime Pokemon)
1615	リクエスト		Request
1616	ラプラス・ダークネス		Laplace Darkness
1617	ラブ握り		Love Nigiri
1618	ラグナロクオンライン	tm	Ragnarok Online
1619	ユーノ	©	Yuno
1620	ヤマト(ONEPIECE)	©	Yamato (ONE PIECE)
1621	メイドビキニ	swim	Maid Bikini
1622	メイキング		Making
1623	ミスティーハニー		Misty Honey
1624	ママ		Mom
1625	マッサージ		Massage
1626	マシュマロおっぱい	tit	Marshmallow boobs
1627	マオ		Mao
1628	ポケモンBW	tm	Pokemon BW
1629	ボーカロイド	tm	Vocaloid
1630	ボロ絵		Bolo picture
1631	ボコ顔		Boko face
1632	ホルターネック		Halter neck
1633	ホシノ・ルリ	©	Ruri Hoshino
1634	ブレイブルー	tm	BlazBlue
1635	ブリーチ	tm	Bleach
1636	ブイズ		Buiz
1637	フランドール・スカーレット		Flandre Scarlet
1638	フェリシア(ヴァンパイア)	©	Felicia (Vampire)
1639	ビーチ		Beach
1640	ヒカリ	©	Hikari
1641	パンティ&ストッキングwithガーターベルト	tm	Panty & Stocking with Garterbelt
1642	パンツ下ろし		Pants down
1643	パチュリー		Patchouli
1644	バニースーツ		Bunny suit
1645	バステト	©	Bastet
1646	ハルカ	©	Haruka
1647	ハニーセレクト2	tm	Honey Select 2
1648	ハイレグレオタード		High leg leotard
1649	ニードルプレイ		Needle play
1650	ニーアオートマタ		NieR:Automata
1651	ニップルリング	nip pierc	Nipple ring
1652	ナミ	©	Nami
1653	ナデシコ		Dianthus
1654	ナツメ(ポケモン)	©	Natsume (Pokemon)
1655	ナツメ		Jujube
1656	ナイル	©	Nile
1657	ナイスバディ		Nice buddy
1658	ドーナドーナ		Donna Dona
1659	トラ柄		Tiger pattern
1660	トイレボール		Toilet ball
1661	テキサス(アークナイツ)	©	Texas (Arknights)
1662	ティアーズオブザキングダム		Tears of the Kingdom
1663	チョーカー		Choker
1664	チャムチャム		Cham Cham
1665	チェーン		Chain
1666	ダンダダン		Dandadan
1667	ダヌア		Danua
1668	タマモキャット		Tamamo Cat
1669	セレナ(トレーナー)	©	Serena (Trainer)
1670	セセリア・ドート	©	Cecelia Dort
1671	セイバー		Saber
1672	スパロボ		Super Robot
1673	スノウブレイク:禁域降臨		Snow Break: Forbidden Region Advent
1674	シージ(アークナイツ)	©	Siege (Arknights)
1675	シリアス(アズールレーン)	©	Syria S (Azur Lane)
1676	ショートヘア		Short hair
1677	サンプル		Sample
1678	サンタ娘		Santa Girl
1679	コードギアス		Code Geass
1680	コミックバベル		Comic Babel
1681	キルラキル	tm	Kill la Kill
1682	キャス狐		Cath Fox
1683	ガンダムビルドダイバーズ	tm	Gundam Build Divers
1684	ガラス越し		Through the glass
1685	カフカ(スターレイル)	©	Kafka (Star Rail)
1686	オフショルダー		Off shoulder
1687	オッドアイ		Odd Eye
1688	エジプト神話		Egyptian mythology
1689	ウマ娘		Uma Musume
1690	ウエディングドレス		Wedding dress
1691	イヅナ	©	Izuna
1692	アンカレッジ(アズールレーン)	©	Anchorage (Azur Lane)
1693	アリス・タイムフィールド	©	Alice Thymefield
1694	アニス(勝利の女神:NIKKE)	©	Anis (Goddess of Victory: NIKKE)
1695	アナルの造詣が深い	anus dick	Deep knowledge of anal
1696	アクア(このすば)	©	Aqua (Konosuba)
1697	べろちゅー		Bellochu
1698	ふたけっと		Futaket
1699	ふた×男		Lid x Man
1700	ひょっとこフェラ	mouth dick	Hyottoko Blowjob
1701	はがない		Hagana
1702	ねばねば		Sticky
1703	ところてん		Tokoroten
1704	ときのそら		Toki no Sora
1705	とある魔術の禁書目録		A Certain Magical Index
1706	ちん嗅ぎ		Din sniffing
1707	ちちしりふともも		Chichishiri thighs
1708	たてセタ	©	Tate Seta
1709	しっぽ		Tail
1710	このおっぱいで聖女は無理でしょ	tit	You can't be a saint with these breasts, right?
1711	ぐぱぁ		Guppaa
1712	きわどい		Risky
1713	お姫様		Princess
1714	おっぱいがいっぱい	tit	Lots of boobs
1715	うなじ		Nape of neck
1716	vtuber		vtuber
1717	tits	tit	tits
1718	tifa	©	tifa
1719	tattoos		tattoos
1720	tattoo		tattoo
1721	senka		senka
1722	poser		poser
1723	piss	uro	piss
1724	hexmaniac	©	hexmaniac
1725	gifアニメ	anim	gif animation
1726	fgo	tm	fgo
1727	catgirl		catgirl
1728	c83	event	c83
1729	c80	event	c80
1730	Tifa	©	Tifa
1731	TSF		TSF
1732	Succubus		Succubus
1733	SEX		SEX
1734	RO	tm	RO
1735	NieR		NieR
1736	M字騎乗位		M-shaped cowgirl position
1737	MMD		MMD
1738	Iuno		Iuno
1739	IS		IS
1740	HoneySelect2	tm	HoneySelect2
1741	Grok		Grok
1742	Ganyu		Ganyu
1743	Furry		Furry
1744	Fanart		Fanart
1745	CG		CG
1746	C96	event	C96
1747	BB(水着)	swim ©	BB (Swimsuit)
1748	데스티니차일드		Destiny Child
1749	黒糸		Black thread
1750	黒人	black-	Black people
1751	黒パンツ		Black pants
1752	黑白		Black and white
1753	魔都精兵のスレイブ		Demon City Elite Slave
1754	鬼		Demon
1755	高坂桐乃	©	Takasaka Kirino
1756	首枷		Neck shackles
1757	饮尿	uro	Urine
1758	風景		Landscape
1759	顔面チンポ置き		Face cock holder
1760	鞭痕		Whip marks
1761	露出プレイ	expose	Exposure play
1762	铃兰		Lily of the Valley
1763	鎧		Armor
1764	銀髪ロング		Long silver hair
1765	鉄血のオルフェンズ		Iron-Blooded Orphans
1766	鈴鹿御前(Fate)	©	Suzuka Gozen (Fate)
1767	鈴原るる	©	Ruru Suzuhara
1768	針刺し		Needle prick
1769	金色の闇		Golden darkness
1770	野糞	sca	Wild feces
1771	野外緊縛	bond	Outdoor bondage
1772	酷刑		Harsh punishment
1773	部族		Tribe
1774	邪神_karasu_		Evil God_karasu_
1775	連続絶頂		Continuous climax
1776	透け水着	swim expose	Sheer swimsuit
1777	透けブラ		Sheer bra
1778	輪フェラ	mouth dick	Ring blow job
1779	軍服		Military uniform
1780	足裏汚れ		Dirty soles
1781	足舐め	tongue	Foot licking
1782	超ロングヘア		Super long hair
1783	赞妮		Zani
1784	負けヒロインが多すぎる!		Too many losing heroines!
1785	谷間のゆり		Lily of the valley
1786	裸體		Nude body
1787	裸セーラー		Naked Sailor
1788	裸オーバーオール		Naked overalls
1789	裸アクセサリー		Naked accessories
1790	蛇		Snake
1791	虎柄ビキニ	swim	Tiger print bikini
1792	藤原千花		Chika Fujiwara
1793	茨木華扇		Ibaraki Hana Fan
1794	自由セックス		Free sex
1795	膨腹		Distended abdomen
1796	腹筋/おっぱい	tit	Abs/Breasts
1797	脱肛	anus ryona-	Anal prolapse
1798	脱ぎかけ		About to take off your clothes
1799	脇		Axis
1800	肩を組んで乳揉み	tit	Hold your shoulders and rub your breasts
1801	股間		crotch
1802	肛塞	anus	Anal obstruction
1803	肉体改造		Body modification
1804	肉		Meat
1805	红豆		Red beans
1806	纏流子	©	Ryuko Matoi
1807	縛乳	tit	Bound breasts
1808	結月ゆかり	©	Yukari Yuzuki
1809	結城明日奈	©	Yuki Asuna
1810	結城友奈は勇者である		Yuki Yuna is a hero
1811	紫咲シオン	©	Shion Shisaki
1812	紗倉ひびき	©	Hibiki Sakura
1813	精液まみれ	cum	covered in semen
1814	稀神サグメ		Rare God Sagme
1815	神里绫华		Kamizato Summary
1816	破れタイツ		Ripped tights
1817	睡姦		Sleep rape
1818	着衣溢精	cum	Clothed ejaculation
1819	着エロ		Erotic wear
1820	百鬼あやめ		Hyakki Ayame
1821	白面金剛九尾イヅナ		White-faced Kongou Kyuubi Izuna
1822	白手袋		White gloves
1823	痴艦		Chikan
1824	町野猛武男	©	Takeo Machino
1825	男娘		Boy and Daughter
1826	男女仲良くおしっこ	uro	Men and women peeing together
1827	獅白ぼたん		Shishiro Peony
1828	猫又	©	Nekomata
1829	狼耳		Wolf ears
1830	犬姦	beast sex	Dog sex
1831	牙		Fang
1832	爱莉希雅	©	Airi Kimasa
1833	熱々トレーニング		Hot training
1834	無理矢理		Forcibly
1835	潮(艦隊これくしょん)	©	Ushio (Kantai Collection)
1836	源頼光	©	Minamoto no Yorimitsu
1837	温泉浣腸		Hot spring enema
1838	深海棲艦化		Deep sea warship
1839	深海棲艦		Deep Sea Ship
1840	淫魔化		Demonization
1841	淫妖蟲		Dark insect
1842	海王みちる		Michiru Kaiou
1843	流萤		Flowing grapes
1844	注射		Injection
1845	波動ねじれ		Wave twist
1846	河城にとり		Kawajo Tori
1847	沖田総司(Fate)	©	Okita Souji (Fate)
1848	殺生院キアラ		Sesshoin Chiara
1849	死後泌乳	ryona milk	Postmortem lactation
1850	横臥		Lying down
1851	椎名真昼		Shina Mahiru
1852	東方黄金水		Touhou Golden Water
1853	東北きりたん		Tohoku Kiritan
1854	本気汁		Serious soup
1855	本家		Honke
1856	時雨	©	Sigure
1857	星見雅	©	Miyabi Hoshimi
1858	星街すいせい		Hoshidachi Suisei
1859	散歩		Walking
1860	揉みしだきたい玉		Massage balls
1861	推进之王		King of Thrust
1862	手マンオナニー	mast	Fingering masturbation
1863	扇ぱい	tit	Fan breast
1864	戦隊ヒロイン		Sentai Heroine
1865	戦国武将姫MURAMASA		Sengoku warlord princess MURAMASA
1866	戌亥とこ		Inui Toko
1867	性処理		Sexual treatment
1868	後ろ手縛り		Hands tied behind the back
1869	強姦		Rape
1870	巴マミ		Tomoe Mami
1871	尿道ファック	sm insert	Urethra fuck
1872	尻に文字	ass	Text on the butt
1873	小林さんちのメイドラゴン		Miss Kobayashi's Maid Dragon
1874	小便マーキング	uro	Urine marking
1875	寅年		Year of the Tiger
1876	容器放尿	uro	Container urination
1877	学生証		Student ID
1878	学生服		School uniform
1879	姉妹百合	not_solo yuri	Sister Yuri
1880	妖艶的女体	body-	Bewitching female body
1881	女装		Crossdressing
1882	女神官		Priestess
1883	女性主観視点		Female subjective perspective
1884	女孩子		Children
1885	女剣士		Female Swordsman
1886	女らんま	©	Female Ranma
1887	天宮こころ	©	Amamiya Kokoro
1888	大人化		Adulthood
1889	土方(ドリフ)×沖田(Fate)	©	Hijikata (Drifters) x Okita ( Fate)
1890	四条貴音	©	Takane Shijo
1891	和泉愛依		Ai Izumi
1892	和壊		Japanese destruction
1893	台詞付き		With lines
1894	可爱		Love
1895	古手川唯	©	Yui Kotegawa
1896	博麗霊夢		Hakurei Reimu
1897	南半球		Southern Hemisphere
1898	千夜		Chiya
1899	化粧		Makeup
1900	勇美カエデ	©	Yumi Kaede
1901	加藤恵	©	Megumi Kato
1902	剥ぎ取りたいパンツ		Pants you want to tear off
1903	前押さえ		Front press
1904	分析员		Analyst
1905	凯尔希		Kaiyuki
1906	全頭マスク		Full head mask
1907	全裸群像	not_solo 	Nude group statue
1908	俺の股間から五穀豊穣ライスシャワー		Rice shower from my crotch
1909	修女		Nun
1910	侍女		Handmaid
1911	例大祭		Reitaisai
1912	佐城雪美		Yukimi Saki
1913	仲良くおしっこ	uro	Peeing together
1914	仰向けイラマ		Supine Irama
1915	亡命牌		Exile Tile
1916	井河さくら	©	Sakura Igawa
1917	乳首舐め	nip tongue	Nipple licking
1918	乳首チラ	nip	Nipple glimpse
1919	乳头	nip	Nipple
1920	中国风		Chinese style
1921	一之瀬アスナ(バニーガール)	©	Asuna Ichinose (Bunny Girl)
1922	ロリババア		Lori Baba
1923	レッスルエンジェルス		Wrestle Angels
1924	リアス・グレモリー	©	Rias Gremory
1925	ユエル(グラブル)	©	Yuel (Granblue Fantasy)
1926	モナ(原神)	©	Mona (Genshin Impact)
1927	メンヘラ		Menhera
1928	メガニケ		Meganike
1929	メカクレ		Mekakure
1930	ミニスカート		Mini skirt
1931	マン肉		Man meat
1932	マニアック		Maniac
1933	マスカーニャ(ポケモン)	©	Mascanha (Pokemon)
1934	マジアアズール	©	Magia Azure
1935	マキマ		Makima
1936	ポケモンSM	tm	Pokemon SM
1937	ポケモンBW2	tm	Pokemon BW2
1938	ボトラー		Bottler
1939	ボディチェーン		Body chain
1940	ホシノ・フミナ	©	Hoshino Fumina
1941	ペルソナ5		Persona 5
1942	ペニバン		Strapon
1943	ペニスにピス	uro dick	Piss on penis
1944	プルクラ・フェリーニ		Pulchra Fellini
1945	プルア		Purua
1946	プリンツ・オイゲン(アズールレーン)	©	Prinz Eugen (Azur Lane)
1947	プリバティ(勝利の女神:NIKKE)	©	Privati (Goddess of Victory: NIKKE)
1948	プリケツ		Priketsu
1949	フリーレン		Freelen
1950	フリル		Ruffle
1951	フェアリーテイル		Fairy Tail
1952	ファンアート		Fan art
1953	ピース		Peace
1954	ピーカブー		Peekaboo
1955	ピンクは淫乱		Pink is lewd
1956	ビール		Beer
1957	ビッチ姫		Bitch Princess
1958	ヒーロー科女子		Hero Department Girls
1959	パンツコキ	dick	Pants job
1960	パンツの中に手		Hand in pants
1961	パイモン	©	Paimon
1962	ハートくり抜き		Heart cutout
1963	ハヤテのごとく!		Like Hayate!
1964	ニーハイ		Knee high
1965	ニトロプラス		Nitroplus
1966	ドレス		Dress
1967	ドラクエ3	tm	Dragon Quest 3
1968	デレステ		Deleste
1969	ディオナ(原神)	©	Diona (Genshin Impact)
1970	テストスーツ		Test suit
1971	チャリオット	©	Chariot
1972	チェン(アークナイツ)	©	Chen (Arknights)
1973	ダージリン	©	Darjeeling
1974	ダイドー(アズールレーン)	©	Dido (Azur Lane)
1975	タツマキ	©	Tatsumaki
1976	ゼルダ姫	©	Princess Zelda
1977	ゼノブレイド2		Xenoblade 2
1978	セクシーランジェリー		Sexy lingerie
1979	セクシーウェディングドレス		Sexy wedding dress
1980	セカンドライフ		Second Life
1981	スマプリ		Sumapuri
1982	スパイダー騎乗位		Spider Cowgirl
1983	スターレイル		Star Rail
1984	スカサハ(Fate)	©	Scathach (Fate)
1985	ジン(原神)	©	Jean (Genshin Impact)
1986	ジャヒー様		Mr. Jahi
1987	シャルラッハロート		Scharlacherroth
1988	ザーメンゲップ	cum	semen burp
1989	ザ・キング・オブ・ファイターズ	tm	The King of Fighters
1990	サムライスピリッツ		Samurai Spirits
1991	サムスピ		Samuspi
1992	コンカフェ		Concafe
1993	コミックホットミルク		Comic Hot Milk
1994	コミックアンリアル		Comic Unreal
1995	コウテイペンギン(けものフレンズ)	©	Emperor Penguin (Kemono Friends)
1996	ゲゲゲの鬼太郎		GeGeGe no Kitaro
1997	グローリーホール		Glory Hole
1998	クローザーズ		Closers
1999	クロリス・ガーデン		Cloris Garden
2000	クラリス(グラブル)	©	Clarisse (Granblue Fantasy)
2001	クスコ		Cusco
2002	ギャグボール		Gag ball
2003	キンスレ		Kinsle
2004	キングスレイド		King's Raid
2005	キラキラ		Glitter
2006	キャッツ・アイ		Cat's Eye
2007	ガーターストッキング		Garter stockings
2008	ガンダムビルドファイターズ	tm	Gundam Build Fighters
2009	カスミ(アニポケ)	©	Kasumi (Anime Pokemon)
2010	オープンブラ		Open bra
2011	オープンショーツ		Open shorts
2012	オーバーウォッチ	tm	Overwatch
2013	オーク		Oak
2014	エロマンガ先生		Eromanga Sensei
2015	エミリア		Emilia
2016	エナジードレイン		Energy Drain
2017	エッッ		Eh
2018	エイヤフィヤトラ(アークナイツ)	©	Eyjafjalla (Arknights)
2019	ウェヌスのえくぼ		Venus' dimple
2020	ウェイトレス		Waitress
2021	イラストリアス(アズールレーン)	©	Illustrious (Azur Lane)
2022	イシュタル(Fate)	©	Ishtar (Fate)
2023	イシュタル	©	Ishtar
2024	アークナイツ:エンドフィールド	©	Arknights: End Field
2025	アルメイダ(グラブル)	©	Almeida (Granblue Fantasy)
2026	アリス・マーガトロイド	©	Alice Margatroyd
2027	アニメ		Anime
2028	アナルフィスト	anus insert	Anal fisting
2029	アナルピアス	anus pierc	Anal piercing
2030	アナルパール水着	swim anus toy	Anal pearl swimsuit
2031	アナルチラ	anus expose	Anus flash
2032	アウラ	©	Aura
2033	アイギス絵師		Aigis Painter
2034	めぐみん	©	Megumin
2035	むちむちボディ		Plump body
2036	まどか☆マギカ		Madoka Magica
2037	まちカドまぞく		Machikadomazoku
2038	ほぼ裸		Almost naked
2039	ぺたん座り		Sitting flat
2040	ひじぱい	tit	Elbow breast
2041	ちびうさ	©	Chibiusa
2042	すっぽんぽん		Soft-shelled turtle
2043	ご注文はうさぎですか?		Is the order a rabbit?
2044	これ絶対入ってるよね		This is definitely included.
2045	くんかくんか		Kunkakunka
2046	くすぐり		Tickling
2047	きつね耳		Fox ears
2048	きつね		Fox
2049	かすみ	©	Kasumi
2050	お隣の天使様にいつの間にか駄目人間にされていた件		The angel next door turned me into a useless person before I knew it.
2051	お嬢様		Lady
2052	お団子ヘアー		Bun hair
2053	おっぱちゅりー		Oppachurie
2054	※中学生です		※Junior high school student
2055	torture		torture
2056	thicc		thicc
2057	pixivHalloweenEffect	content	pixivHalloweenEffect
2058	ntr		ntr
2059	nikke	©	nikke
2060	futanari		futanari
2061	ff7	tm	ff7
2062	cyborg		cyborg
2063	blowjob	mouth dick	blowjob
2064	axsens		axsens
2065	anthro		anthro
2066	W(アークナイツ)	©	W (Arknights)
2067	Vindictus		Vindictus
2068	U149		U149
2069	QOS		QOS
2070	PCエンジン		PC Engine
2071	Original	oc	Original
2072	Oppai	tit	Oppai
2073	Nekomia		Nekomia
2074	Mabinogi:Heroes		Mabinogi: Heroes
2075	JC		JC
2076	ENF		ENF
2077	C92	event	C92
2078	C78	event	C78
2079	BW2		BW2
2080	BME		BME
2081	18号	©	No.18
2082	ﾁｷﾁｷ		ChikiChiki
2083	커미션		Commission
2084	소녀전선		Girls' Frontline
2085	龙梅梅		Dragon plum plum
2086	龍娘		Dragon Girl
2087	黒髪ショート	hair-	Black hair short
2088	黒歌		Black song
2089	黒ビキニ	swim	Black bikini
2090	黒ナース		Black Nurse
2091	麗日お茶子	©	Ochako Uraraka
2092	鷹宮リオン	©	Rion Takamiya
2093	魔物娘茶会		Monster Girl Tea Party
2094	魅魔		Charm
2095	魅惑のおっぱい	tit	Enchanting breasts
2096	高跟		Tall legs
2097	首绞		Neckline
2098	食戟のソーマ		Shokugeki no Soma
2099	食尿	uro mouth	Eating urine
2100	飛霄		Flying Haze
2101	風真いろは	©	Kazema Iroha
2102	風俗		Entertainment
2103	顔に落書き		Doodle on the face
2104	響け!ユーフォニアム		Sound! Euphonium
2105	靴下		Socks
2106	青髪	hair-	Blue hair
2107	霞(DOA)	©	Kasumi (DOA)
2108	霊烏路空		Reiwu Road Sky
2109	雷電将軍(原神)	©	General Raiden (Genshin)
2110	雲璃		Unri
2111	雪ノ下雪乃	©	Yukinoshita Yukino
2112	陸奥	©	Mutsu
2113	開口具		Opening tool
2114	鉄拳		Tekken
2115	酒呑童子	©	Shuten Doji
2116	遊佐こずえ	©	Yusa Kozue
2117	連れション		Marriage
2118	逆フェラ	mouth dick	Reverse blowjob
2119	足控		Foothold
2120	赤目		Red eye
2121	赤城みりあ	©	Milia Akagi
2122	赤城		Akagi
2123	豊聡耳神子		Toyosato Miko
2124	诱惑		Seduction
2125	誘拐		Kidnapping
2126	触手責め		Tentacle torture
2127	視線		Gaze
2128	見えない構図		Invisible composition
2129	裸体		Nude
2130	裸ランドセル		Naked school bag
2131	裸ブーツ		Naked boots
2132	蟲姦		Insect rape
2133	蝋燭		Candle
2134	虐待		Abuse
2135	虎縞ビキニ	swim	Tiger striped bikini
2136	虎		Tiger
2137	蓮美(Hasumi)		Hasumi?
2138	葉隠透(素顔)	©	Toru Hagakure (Bare Face)
2139	萌える!事典		Moe! Encyclopedia
2140	菱縄縛り		Hishi rope binding
2141	艦これマイクロビキニ部	© swim expose	KanColle Micro Bikini Club
2142	船上のバニーチェイサー		Bunny chaser on board
2143	舰娘		Daughter
2144	膣内射精	pussy cum	Intravaginal ejaculation
2145	腔内放尿	uro pussy	Intracavitary urination
2146	腋舐め	tongue	Armpit licking
2147	腋チラ	armpit-	Armpit sneak peek
2148	脚線美		Beautiful leg lines
2149	胸揉み	tit	Breast massage
2150	胸がぱんぱかぱーん		My chest is full
2151	胸		Chest
2152	胡蝶カナエ	©	Kanae Phalaenopsis
2153	背後から手マン		Fingering from behind
2154	肋骨		Ribs
2155	肉球グローブ		Paw gloves
2156	聖女		Saint
2157	聖(性)服シリーズ		Saint (Sex) Uniform Series
2158	習作		Study
2159	綿月依姫		Yorihime Watazuki
2160	綾瀬桃	©	Ayase Momo
2161	綱手		Tsunade
2162	綑綁		Bound
2163	絵かゆ		Picture porridge
2164	結城晴	©	Haru Yuki
2165	紲星あかり	©	Akari Suhoshi
2166	紧缚		Tighten
2167	素足	foot-	Bare feet
2168	純狐		Pure Fox
2169	紅豆(ゼンゼロ)	©	Sweety (Zenzero)
2170	笛美男		Beautiful Flute
2171	竈門禰豆子		Kamado Nezuko
2172	神崎蘭子	©	Kanzaki Ranko
2173	磯風	©	Isokaze
2174	砂沙美		Sasami
2175	着ぐるみ		Kigurumi
2176	眼帯ビキニ	swim	Eyepatch bikini
2177	相互手マン		Mutual fingering
2178	目にハート		Heart in the eyes
2179	百合夫婦	not_solo yuri	Yuri couple
2180	百合園セイア		Lily Garden Seia
2181	白パンツ		White pants
2182	白ストッキング		White stockings
2183	癒月ちょこ		Healing Moon Choco
2184	痰		phlegm
2185	甘城ブリリアントパーク		Amagi Brilliant Park
2186	琴吹紬	©	Kotobuki Tsumugi
2187	猫耳パーカー		Cat ear hoodie
2188	狐耳巫女		Fox Eared Shrine Maiden
2189	牧場の乳	milk	Ranch milk
2190	牛コス		Cow costume
2191	爆乳化	tit-	Big breasts
2192	無知シチュ		Ignorance situation
2193	無様		Musama
2194	火焔猫燐		Flame Cat Rin
2195	澤村・スペンサー・英梨々		Sawamura Spencer Eriri
2196	漂う犯罪臭		The smell of crime
2197	淫纹		Indecent
2198	海辺		Seaside
2199	浴衣		Yukata
2200	浦和ハナコ	©	Urawa Hanako
2201	流血注意		Beware of bloodshed
2202	江ノ島盾子		Enoshima Junko
2203	汁に泡		Bubbles in the soup
2204	水銀燈		Suigintou
2205	水責め		Water torture
2206	水城ゆきかぜ	©	Mizuki Yukikaze
2207	母性は原初のエロス		Motherhood is the primordial Eros
2208	残暑見舞い		Last summer greetings
2209	檻		Cage
2210	檜山姫子	©	Himeko Hiyama
2211	樫野(アズールレーン)	©	Kashino (Azur Lane)
2212	極太		Extremely thick
2213	校服		School uniform
2214	松本乱菊		Rangiku Matsumoto
2215	松屋美咲	©	Misaki Matsuya
2216	東郷美森	©	Mimori Togo
2217	束縛	bond	Bound
2218	札ブラ		Fold bra
2219	未確認で進行形		Unconfirmed and progressive
2220	朝顔ハナエ		Hanae Asagao
2221	時雨(艦隊これくしょん)	©	Sigure (Kantai Collection)
2222	時々ボソッとロシア語でデレる隣のアーリャさん		Arya-san, who lives next door, sometimes blurts out things in Russian.
2223	春日野さくら	©	Sakura Kasugano
2224	日向ヒナタ	©	Hinata Hyuga
2225	斑鳩(閃乱カグラ)	©	Ikaruga (Senran Kagura)
2226	摩耶	©	Maya
2227	插画		Review
2228	指でグイッ		Grip with your finger
2229	戦慄のタツマキ		Terrifying Tatsumaki
2230	戦乙女		Battlemaiden
2231	愛宕(艦隊これくしょん)	©	Atago (Kantai Collection)
2232	恶堕		Degradation
2233	性転換		Gender change
2234	性教育		Sex education
2235	德克萨斯		Dokukatsukansai
2236	形くっきりクリトリス	clit	Clearly shaped clitoris
2237	強制露出		Forced exposure
2238	強制労働		Forced labor
2239	引き回し		Routing
2240	幽霊		Ghost
2241	幼馴染		Childhood friend
2242	年賀絵		New Year's card
2243	巫女服		Shrine maiden clothes
2244	島風		Shimakaze
2245	尿道拡張		Urethral dilatation
2246	小宮果穂	©	Kaho Komiya
2247	小便器ちゃん	uro	Urine-chan
2248	射精管理	cum	Ejaculation management
2249	射乳	cum tit	Breast ejaculation
2250	封獣ぬえ		Sealed Beast Nue
2251	対魔忍ユキカゼ		Taimanin Yukikaze
2252	寝取り		Netori
2253	寝そべり		Lie down
2254	宵宮		Yoimiya
2255	安全ピン		Safety pin
2256	宇津見エリセ		Elyse Utsumi
2257	宇崎月	©	Uzaki Tsuki
2258	宇崎ちゃん	tm	Uzaki-chan
2259	学生		Student
2260	学園もの		School stuff
2261	子供同士		Children together
2262	嫌悪		Disgust
2263	嫌な顔		Disgusting face
2264	姫崎莉波	©	Rinami Himesaki
2265	姫カット		Hime cut
2266	姉妹		Sisters
2267	妖魔娼館		Youma brothel
2268	妖魔		Youma
2269	妖艶	body-	Bewitching
2270	奴隷市場		Slave market
2271	女捜査官		Female investigator
2272	女戦闘員		Female combatant
2273	女悪魔		Female devil
2274	女性キャラ		Female character
2275	女子中学生		Junior high school girls
2276	女勇者		Female Hero
2277	女の子終了		Girl ends
2278	奉仕		Service
2279	失楽天		Shirakuten
2280	天音かなた	©	Amane Kanata
2281	天王はるか	©	Haruka Tennou
2282	大腿		Thigh
2283	大股開き		Strands apart
2284	大宗たゆゆ		Daimou Tayuyu
2285	大好真々子	©	Mamako Oyoshi
2286	大和撫子		Yamato Nadeshiko
2287	大和(艦隊これくしょん)	©	Yamato (Kantai Collection)
2288	大人向け		For adults
2289	夜見れな		Don't watch it at night
2290	夜ヶ岳嵐	©	Yagatake Arashi
2291	多腕		Multi-armed
2292	夕立(アズールレーン)	©	Yuudachi (Azur Lane)
2293	夕立		Shower
2294	地下牢		Dungeon
2295	囚人		Prisoner
2296	喪女		Mourning woman
2297	唾飲ませ	mouth	Make me saliva
2298	唾液ブリッジ	mouth	Saliva bridge
2299	同人誌		Doujinshi
2300	吊りスカート		Hanging skirt
2301	史上最強の弟子ケンイチ		Kenichi, the strongest disciple in history
2302	双子		Twins
2303	即落ち2コマシリーズ		Immediate 2-frame series
2304	单手套		Double Gauntlet
2305	十時愛梨		Totoki Airi
2306	十六夜ノノミ	©	Izayoi no nomi
2307	十三機兵防衛圏		13 Sentinels Defense Zone
2308	前貼り		Front pasting
2309	前川みく	©	Miku Maekawa
2310	刻晴(原神)	©	Keqing (Genshin Impact)
2311	出産		Birth
2312	公開		Publish
2313	公衆トイレ	toilet	Public toilet
2314	八意永琳		Yai Eirin
2315	八奈見杏菜	©	Anna Yanami
2316	兎山ルミ	©	Usagiyama Rumi
2317	優木せつ菜	©	Setsuna Yuuki
2318	傷		Scars
2319	俘虜		Prisoner of War
2320	伏姫マーヤ		Fushihime Maya
2321	五更瑠璃	©	Ruri Gosara
2322	乳首舐め手コキ	nip tongue	Nipple licking handjob
2323	乳首串刺し	nip	Nipple skewer
2324	乳首サスペンダー	nip	Nipple suspenders
2325	乳首クリップ	nip pierc	Nipple clip
2326	乳钉		Chicken
2327	乳環	nip	Areola
2328	乳汁	milk	Milk
2329	乳上げ	tit	Breast raising
2330	乳ぼくろ	milk	Milk Bokuro
2331	丸山彩	©	Aya Maruyama
2332	中野三玖	©	Miku Nakano
2333	中出		Creampie
2334	中二病でも恋がしたい!		I want to fall in love even if I am a junior high school student!
2335	下痢		Diarrhea
2336	下ろしチャック		Lower chuck
2337	万圣节		Millions of people
2338	七天の覇者		Conqueror of the Seven Heavens
2339	一穴二本		One hole, two holes
2340	一ノ瀬志希		Shiki Ichinose
2341	レオチラ		Leochira
2342	ルアン・メェイ		Luan May
2343	リース		Lease
2344	リンドリ		Lindori
2345	リング☆ドリーム		Ring☆Dream
2346	リリス	©	Lilith
2347	リボン		Ribbon
2348	リコリコ		Rikoriko
2349	ラブクリップ	clit pierc	Love clip / Clitoris clip
2350	ラップランド(アークナイツ)	©	Lappland (Arknights)
2351	ユニコーン(アズールレーン)	©	Unicorn (Azur Lane)
2352	ユウナ	©	Yuna
2353	モンハン擬人化		Monster Hunter anthropomorphism
2354	モバマス		Mobamas
2355	モノクロ		Monochrome
2356	メカ少女		Mecha Girl
2357	メイド影狼ちゃん		Maid Kagerou-chan
2358	メイドミルク	costume milk	Maid milk
2359	ミルク	milk	Milk
2360	ミミロップ		Mimilop
2361	マーキング		Marking
2362	マリー・ローズ	©	Marie Rose
2363	マリィ(Diesirae)	©	Marie (Dies irae)
2364	マスコットキャラクター		Mascot character
2365	マケイン	©	McCain
2366	ボディコン		Bodycon
2367	ボタン(ポケモン)	©	Botan (Pokemon)
2368	ホムラ(ゼノブレイド2)	©	Homura (Xenoblade Chronicles 2)
2369	ペルソナ		Persona
2370	ベビードール		Baby Doll
2371	ブローニャ・ランド		Bronya Land
2372	ブレザー		Blazer
2373	フワワ・アビスガード		Fluffy Abyss Guard
2374	フラワーナイトガール		Flower Night Girl
2375	フェティッシュ		Fetish
2376	フィストファック	pussy insert	Fist fuck
2377	フィスト	insert	Fist
2378	ファイアーエムブレム風花雪月	tm	Fire Emblem Three Houses
2379	ファイアーエムブレム覚醒	tm	Fire Emblem Awakening
2380	ヒカリ(ゼノブレイド2)	©	Hikari (Xenoblade Chronicles 2)
2381	パンティ		Panties
2382	パチュリー・ノーレッジ		Patchouli Knowledge
2383	パズドラ	tm	Puzzle & Dragons
2384	パイオツ・オイゲン		Piots Eugen
2385	バーコード		Barcode
2386	バイオハザード		Biohazard
2387	ハミ乳	tit	Hami breasts
2388	ハイアングル		High angle
2389	ノーパン前垂れ		No panties hanging in front
2390	ネロ・クラウディウス(Fate)	©	Nero Claudius (Fate)
2391	ニンフィア		Nymphia
2392	ニェン(アークナイツ)	©	Nian (Arknights)
2393	ナンジャモ(トレーナー)	©	Nanjamo (Trainer)
2394	ナルト		Naruto
2395	ナツメに定評のある作者		Author with a reputation for jujube
2396	ドリームクラブ		Dream Club
2397	ドラゴンボール	tm	Dragon Ball
2398	ドラコケンタウロス		Draco Centaur
2399	ドキドキ!プリキュア		Doki Doki! Precure
2400	ドSビッチアヤちゃん		Sadistic Bitch Aya-chan
2401	トウコ		Touko
2402	デンジャラス・ビースト		Dangerous Beast
2403	ディシア		Disia
2404	テニスウェア		Tennis wear
2405	ツンデレ		Tsundere
2406	ダイナミックパンチラ		Dynamic panty shots
2407	ソーサレス	©	Sorceress
2408	ソフィア(グラブル)	©	Sophia (Granblue Fantasy)
2409	ソウルワーカー		Soul Worker
2410	ソウルキャリバー		Soul Calibur
2411	セルフ胸タッチ	tit	Self breast touch
2412	セミリアル		Semi-real
2413	ズリキチ		Zurikichi
2414	スーツ		Suit
2415	スマブラ		Smash Bros.
2416	スパイ教室		Spy Classroom
2417	スケスケ		See-through
2418	スカート		Skirt
2419	スカジ(アークナイツ)	©	Skadi (Arknights)
2420	スイートプリキュア		Sweet Precure
2421	スイレン(トレーナー)	©	Lana (Trainer)
2422	ジータ		Gita
2423	ジャヒー様はくじけない!		Jahi-sama won't give up!
2424	ジト目		Spotted eyes
2425	ジェシー(FF7)	©	Jessie (FF7)
2426	シーメール		Shemale
2427	シンデレラ(勝利の女神:NIKKE)	©	Cinderella (Goddess of Victory: NIKKE)
2428	サンタガール		Santa Girl
2429	サイドテール		Side tail
2430	サイトウ(トレーナー)	©	Saito (Trainer)
2431	サイズフェチ		Size fetish
2432	ゴッドイーター		God Eater
2433	ゴスロリ		Gothic Lolita
2434	コルセット		Corset
2435	コヤンスカヤ		Koyanskaya
2436	ケモ交尾		Chemo mating
2437	クーデリア・藍那・バーンスタイン	©	Kudelia Aina Bernstein
2438	クロスオーバー		Crossover
2439	クイーンズブレイド	tm	Queen's Blade
2440	ギルドの受付嬢ですが		I'm the receptionist at the guild.
2441	キャロット		Carrot
2442	キャミソール		Camisole
2443	キメセク		Kimeseku
2444	ガーターリング		Garter ring
2445	ガンダムビルドファイターズトライ	tm	Gundam Build Fighters Try
2446	エーフィ		Effie
2447	エンジェウーモン	©	Angewomon
2448	エレシュキガル(Fate)	©	Ereshkigal (Fate)
2449	エミリア(リゼロ)	©	Emilia (Re:Zero)
2450	エプロン		Apron
2451	エニット		Enit
2452	エアリス	©	Aerith
2453	ウサ子さん	©	Usako-san
2454	インプラカブル(アズールレーン)	©	Implacable (Azur Lane)
2455	イマラチオ	throat	Deepthroat
2456	イケメン女子		Handsome girl
2457	アンチラ		Anchira
2458	アレクサンドリナ・セバスチャン	©	Alexandrina Sebastian
2459	アルメイダ	©	Almeida
2460	アルトリア・ペンドラゴン	©	Artoria Pendragon (Lancer)
2461	アリス・ギア・アイギス	©	Alice Gear Aigis
2462	アメスク		Amescu
2463	アニラ		Anila
2464	アニぱい	tit	Anime breasts
2465	アナルバイブ	anus toy	Anal vibrator
2466	アナスタシア(シンデレラガールズ)	©	Anastasia (Cinderella Girls)
2467	アトラ・ミクスタ		Atra Mixta
2468	アスカ・ラングレー	©	Asuka Langley
2469	アクダマドライブ		Akudama Drive
2470	アカネ(ポケモン)	©	Akane (Pokemon)
2471	アイシャドウ		Eyeshadow
2472	よそのこ		Somewhere else
2473	ゆんゆん(このすば)	©	Yunyun (Konosuba)
2474	ゆかぱい		Yukapai
2475	やはり俺の青春ラブコメはまちがっている。		My youth romantic comedy is wrong after all.
2476	ほのか(DOA)	©	Honoka (DOA)
2477	ほのか	©	Honoka
2478	ぷにまん		Puniman
2479	ぶれぶる		Breble
2480	ぶちアングル		Tabby angle
2481	ふんどし娘		Loincloth girl
2482	ひっかけ立ちション		Hikake standing
2483	ぱんちら		Pantyra
2484	ぱっくり背中		Big back
2485	はだけ	foot-	Bare
2486	ちんキス		Chin kiss
2487	せんずり		Sensuri
2488	しゃがみパンチラ		Crouching panty shot
2489	さくらみこ	©	Miko Sakura
2490	けしからんおっぱい	tit	Indecent breasts
2491	かわいそうはかわいい		Poor people are cute
2492	からかい上手の高木さん	©	Takagi-san is good at teasing
2493	かっぱい		Kappai
2494	お腹ナデナデ		Stomach Nadenade
2495	お品書き		Menu
2496	おねしょ	uro	Bedwetting
2497	おしっこぶっかけ	uro cum	Pee bukkake
2498	おしっこがまん	uro	Hold your pee
2499	おさげ		Pigtails
2500	おかっぱ		Bobbed hair
2501	うさみみ		Usamimi
2502	うさぎ		Rabbit
2503	うがい		Gargle
2504	あけおめ		Happy New Year
2505	あきつ丸		Akitsumaru
2506	shibari	bond	shibari
2507	sex		sex
2508	ranma	©	ranma
2509	patreon		patreon
2510	pantypoop	sca	panty poop
2511	pantyhose		pantyhose
2512	milf		milf
2513	lolicon	loli	lolicon
2514	kokomi		kokomi
2515	iDOLM@STER		iDOLM@STER
2516	humiliation		humiliation
2517	huge_breasts	tit	huge_breasts
2518	highschooldxd		highschooldxd
2519	guro	guro	guro
2520	gif		gif
2521	fate	tm	fate
2522	destinychild		destinychild
2523	closers		closers
2524	chisa		chisa
2525	chainsawman		chainsawman
2526	cat		cat
2527	bikini	swim	bikini
2528	amputee		amputee
2529	V字開脚		V-shaped legs
2530	VRChat		VRChat
2531	ToLOVEるダークネス		To LOVE Ru Darkness
2532	Sona		Sona
2533	Rkgk	content	Rkgk
2534	Panty&StockingwithGarterbelt	tm	Panty&Stocking with Garterbelt
2535	PVC		PVC
2536	PSO2	tm	PSO2
2537	PSO	tm	PSO
2538	POV		POV
2539	NINJA		NINJA
2540	Hololive	tm	Hololive
2541	G3F		G3F
2542	Fate/Apocrypha	tm	Fate/Apocrypha
2543	FF6	tm	FF6
2544	FE覚醒	tm	FE Awakening
2545	Elysia		Elysia
2546	Elsword		Elsword
2547	D|S		D|S
2548	DQ11	tm	DQ11
2549	DQ10	tm	DQ10
2550	DEADORALIVE	tm	DEADORALIVE
2551	D.Va		D.Va
2552	COMIC1☆10		COMIC1☆10
2553	COMIC1		COMIC1
2554	CMNF		CMNF
2555	CM3D2		CM3D2
2556	C97	event	C97
2557	C103	event	C103
2558	Blender		Blender
2559	BWC		BWC
2560	BUKKAKE		BUKKAKE
2561	BB	©	BB
2562	Arlecchino		Arlecchino
2563	Ai	ai	Ai
2564	AI修正	ai	AI modification
2565	AI-assisted	ai	AI-assisted
2566	4P		4P
2567	2番艦はスケベボディ		The second ship has a lewd body
2568	창작	oc	Original / Original work
2569	우고이라		Review
2570	오예신나는데		Important
2571	리그오브레전드		League of Legends
2572	롤		League of Legends
2573	던파		DFO / Dungeon & Fighter
2574	거유		Large breasts / Big breasts
2575	龍驤	©	Ryujo
2576	龍田		Tatsuta
2577	鼻血		Nosebleed
2578	黒姫士アイアンドレス		Kurohimeshi iron dress
2579	鷹富士茄子		Takafuji eggplant
2580	鷲掴み		Eagle grab
2581	魔砲使い黒姫		Magic Cannon User Kurohime
2582	魔法科高校の劣等生		The Irregular at Magic High School
2583	魔女の旅々		Witch's Journey
2584	魅惑的大腿		Fascinating thighs
2585	魅惑の太もも		Enchanting thighs
2586	鬼神童子ZENKI		Kishindouji ZENKI
2587	高潮		Storm tide
2588	高木命	©	Takagi Mikoto
2589	高木さん(からかい上手の高木さん)	©	Takagi-san (Takagi-san, the Master of Teasing)
2590	高巻杏		An Takamaki
2591	驪駒早鬼		Rokoma Saki
2592	騎乗		Riding
2593	馬乗り		Horseback riding
2594	馬ディルド		Horse dildo
2595	香風智乃		Kofu Chino
2596	飲精	cum	Ejaculation
2597	食べ物		Food
2598	食い込み直し		Re-adjustment
2599	顔射待ち	cum	Waiting for facial cumshot
2600	顔を埋めたい尻	ass	The butt you want to bury your face in
2601	頬ズリ		Cheek slippage
2602	鞭打		Flaglash
2603	靴舐め	tongue	Shoe licking
2604	露出癖		Exhibitionism
2605	霧雨魔理沙		Kirisame Marisa
2606	霞ヶ丘詩羽	©	Utaha Kasumigaoka
2607	電(艦隊これくしょん)	©	Den (Fleet Collection)
2608	雪泉		Yukisen
2609	雨女		Rain Woman
2610	雨		Rain
2611	陸上部		Track and field club
2612	阿蕾奇诺		Abi's strange story
2613	阮梅		Ruan Mei
2614	閲覧注意		Caution when viewing
2615	長離		Long distance
2616	鎖貫通	sm insert	Chain penetration
2617	鍵山雛		Kagiyayama Hina
2618	銀髪碧眼		Silver hair, blue eyes
2619	鉛筆		Pencil
2620	鈴鹿御前〔サンタ〕	©	Suzuka Gozen [Santa]
2621	鈴仙・優曇華院・イナバ		Suzusen/Udunkain/Inaba
2622	金髪ツインテール		Blonde twintails
2623	金剛		Kongo
2624	量産C型		Mass production C type
2625	配信		Delivery
2626	逸見エリカ		Erika Hemi
2627	連行		Take away
2628	連結錠		Connected lock
2629	透明水着	swim expose	Transparent swimsuit
2630	透明感		Transparency
2631	透明		Transparent
2632	近江彼方		Beyond Omi
2633	蹲踞		Crouching
2634	踊りこころ		Dancing heart
2635	赤髪ロング		Long red hair
2636	赛飞儿		Flyer
2637	贫乳	tit-	Breasts
2638	賢者向け		For wise people
2639	貧乳から出る母乳	flat milk	Breast milk from small breasts
2640	貞操観念ゼロ		Zero concept of chastity
2641	誘ってやがる		Invite me
2642	認識阻害		Recognition inhibition
2643	触手姦		Tentacle rape
2644	見返り美人		Beauty in return
2645	見返り		Reward
2646	見えそうで見えない		I think I can see it, but I can't see it
2647	西城樹里		Juri Saijo
2648	西住みほ		Nishizumiho
2649	西住まほ	©	Maho Nishizumi
2650	褐色白髪		brown gray hair
2651	複根		Multiple roots
2652	裸包帯		Nude bandage
2653	裸マント		Naked cloak
2654	裸パーカー		Naked hoodie
2655	衣装チェンジ		Costume change
2656	蜜蜂の館		Honey House
2657	虚構推理		Fictional reasoning
2658	虚拟主播		Urokishuban
2659	虎娘		Tiger girl
2660	蔚蓝档案		Urban School Plan
2661	蒸れ		Stuffy
2662	葛飾北斎	©	Katsushika Hokusai
2663	荧		Fluorescent
2664	若葉睦		Mutsumi Wakaba
2665	花魁		Oiran
2666	花火(スターレイル)	©	Hanabi (Star Rail)
2667	艶ぼくろ		Glossy black
2668	色白		Fair skin
2669	艦々バニー		Kansan Bunny
2670	舌射待ち	tongue cum	Waiting for tongue ejaculation
2671	舌なめずり	tongue	Tongue licking
2672	膝の上に座る		Sit on your lap
2673	腿		Thighs
2674	腹パンチ		Belly punch
2675	脳姦		Brain rape
2676	脱いだ服		Removed clothes
2677	能代	©	Noshiro
2678	胸部		Chest
2679	胸見せ	tit	Showing breasts
2680	胶衣		Ei
2681	胡桃(原神)	©	Kurumi (Genshin)
2682	背面駅弁		Back Ekiben
2683	背面座位	back-	Back sitting position
2684	背	back-	Back
2685	股間アップ		Crotch up
2686	股神様		Crotch God
2687	股のぞき		Thigh peek
2688	肛門性器臭いフェチ	anus sca-	Anal genital odor fetish
2689	肉奴隷		Meat slave
2690	聖乳	milk	Holy Milk
2691	羽衣狐		Hagoromo Fox
2692	羽川ハスミ(体操服)	©	Hasumi Hanekawa (Gym Uniform)
2693	義城蜜魅	©	Mitsumi Yoshiro
2694	美巨乳	tit	Beautiful big breasts
2695	美人		Beauty
2696	美しい		Beautiful
2697	羊		Sheep
2698	练习		Learning
2699	縦セタ		Vertical Seta
2700	縞ビキニ	swim	Striped bikini
2701	縞ニーソ		Striped stocking
2702	紫髪		Purple hair
2703	紅花崗の淚		The Tears of Benihanagang
2704	紅美鈴		Beni Misuzu
2705	精子タンク空っぽ	cum	Sperm tank empty
2706	童田明治	©	Meiji Doda
2707	竜華キサキ	©	Ryuuka Kisaki
2708	竜胆尊		Ryudoson
2709	立ちオナニー	mast	Standing masturbation
2710	空井サキ	©	Saki Sorai
2711	空(原神)	©	Sora (Genshin)
2712	穴あきコンドーム		Perforated condom
2713	種噴き		Seed spray
2714	種付け		Seeding
2715	秦こころ		Kokoro Hata
2716	秋宮沙也香		Akimiya Sayaka
2717	神楽		Kagura
2718	神月かりん	©	Karin Kamizuki
2719	神撃のバハムート		Rage of Bahamut
2720	短髪		Short hair
2721	着衣オナニー	mast	Clothed masturbation
2722	着替え		Change of clothes
2723	着せ恋		Kimono love
2724	看板娘【白羽るみ】		Signboard girl [Rumi Shiraha]
2725	盗撮		Voyeurism
2726	的場梨沙	©	Risa Matoba
2727	白雪巴	©	Shirayuki Tomoe
2728	白濁液		Cloudy liquid
2729	白ビキニ	swim	White bikini
2730	白スト		White strike
2731	白スク水	swim	White school swimsuit
2732	痣		Bruise
2733	疑似排泄		Pseudo excretion
2734	異種和姦		Interspecies Japanese sex
2735	異界探偵ミソギ		Otherworld Detective Misogi
2736	男性受け		Male reception
2737	男子トイレ	toilet	Men's restroom
2738	男子おっぱい	tit	Boy's breasts
2739	田舎		Countryside
2740	甘ブリ		Amaburi
2741	瓦雷莎	©	Raika Kawara
2742	瑞鶴(艦隊これくしょん)	©	Zuikaku (Kantai Collection)
2743	玉揉み		Ball massage
2744	獸耳	fantasy	Animal ears
2745	獣耳ロリ調教記	loli	Animal ear loli training record
2746	猫口	mouth	Cat mouth
2747	狼と香辛料		Spice and Wolf
2748	狩人ベラ		Hunter Bella
2749	狐坂ワカモ		Kitsunesaka Wakamo
2750	狐っ娘		Fox girl
2751	狐		Fox
2752	犯してもいいのよ		It's okay to commit crimes.
2753	爆根		Bakukon
2754	爆尻	ass-	Big butt
2755	燃料漏れ		Fuel leak
2756	煙草		Tobacco
2757	無職転生		Unemployed Reincarnation
2758	無彩限のファントム・ワールド		Myriad Colors Phantom World
2759	無名(甲鉄城のカバネリ)	©	Anonymous (Kabaneri of the Iron Fortress)
2760	無名		Anonymous
2761	火影忍者		Hokage Ninja
2762	瀬川泉	©	Izumi Segawa
2763	潮吹		Squirting
2764	潮っぱい	tit	Squirt oppai / Shio oppai
2765	渡辺曜	©	You Watanabe
2766	混合		Mixture
2767	涼月すい		Suzutsuki Sui
2768	涼宮ハルヒの憂鬱		The Melancholy of Haruhi Suzumiya
2769	海冥獣姫スキュレイ		Scyllei, the Sea Beast Princess
2770	浮き乳首	nip	Floating nipples
2771	浜風(艦隊これくしょん)	©	Hamakaze (Kantai Collection)
2772	流れ乳	milk	Flowing milk
2773	泥岩		Mudstone
2774	泣きぼくろ		Crying Bokuro
2775	永久拘束		Permanent restraint
2776	氷菓		Hyouka
2777	水神小夜	©	Saya Mizukami
2778	水着尿	uro swim	peeing in a swimsuit
2779	水中		Underwater
2780	水も滴るいい女		A good woman who drips with water
2781	歩く18禁		Walking 18+
2782	武蔵(艦隊これくしょん)	©	Musashi (Kantai Collection)
2783	武器娘		Weapon girl
2784	欲望の迷い子リリス		Lilith, the lost child of desire
2785	櫻木真乃	©	Mano Sakuragi
2786	櫻井桃華	©	Momoka Sakurai
2787	機械		Machine
2788	機動戦艦ナデシコ		Mobile Battleship Nadesico
2789	樋口円香		Makka Higuchi
2790	榛名	©	Haruna
2791	極上の竿		Excellent rod
2792	楊貴妃(Fate)	©	Yang Guifei (Fate)
2793	検尿	uro	Urinalysis
2794	格闘少女		Fighting girl
2795	柔道		Judo
2796	東方星蓮船		Eastern Star Lotus Ship
2797	杜野凛世	©	Rinyo Morino
2798	朝チュン	©	Asa Chun
2799	服を着たポケモン	©	Pokémon wearing clothes
2800	服の中で乳揉み	tit	Massage breasts under clothes
2801	有村麻央	©	Mao Arimura
2802	月曜日のたわわ		Monday Tawawa
2803	月姫		Tsukihime
2804	星野アイ	©	Hoshino Ai
2805	星乃一歌	©	Ichika Hoshino
2806	早乙女ベリー		Saotome Berry
2807	新垣あやせ	©	Ayase Aragaki
2808	断頭台のアウラ		Aura of the Guillotine
2809	斥罪		Expulsion
2810	敵女		Enemy woman
2811	改造		Modification
2812	描いてもいいのよ		You can draw it.
2813	採尿	uro	Urine collection
2814	排便	sca	Defecation
2815	授業中おもらし	uro	Wetting ourselves during class
2816	挿入ジェスチャー		Insert gesture
2817	挿入		Insert
2818	拷问		Torture
2819	拭かない		Do not wipe
2820	拉普兰德		Lapuuande
2821	手でハート		Heart with hands
2822	戦闘員、派遣します!		Combatants will be dispatched!
2823	戦姫絶唱シンフォギア		Senki Zesshou Symphogear
2824	愛撫		Caress
2825	愛して!ほむん		Love me! Homun
2826	悪魔の乳首	nip	Devil's nipples
2827	恩雅		Elegy
2828	性玩具		Sex toys
2829	快楽責め		Pleasure torture
2830	忍冬		Ninfuyu
2831	心海		Shinkai
2832	御坂美琴	©	Misaka Mikoto
2833	後ろ姿	back-	Back view
2834	後ろの存在感		Presence in the back
2835	役小明	©	Yaku Koaki
2836	強制		Forced
2837	床ション		Floor section
2838	年賀		New Year's card
2839	帰忘の流離人		Forgotten exile
2840	差分		Difference
2841	巨大ヒロイン		Giant heroine
2842	巨大クリトリス	clit	Giant clitoris
2843	巨乳首	nip	Big nipples
2844	巨乳/爆乳	tit-	Big breasts/huge breasts
2845	工口		Work opening
2846	川神舞		Kawagami dance
2847	崩坏3		Collapse 3
2848	山田杏奈	©	Anna Yamada
2849	尿道カテーテル		Urethral catheter
2850	尾張(アズールレーン)	©	Owari (Azur Lane)
2851	尻フェチ	ass	Butt fetish
2852	小鳥遊ホシノ	©	Kotoriyu Hoshino
2853	小野塚小町	©	Komachi Onozuka
2854	小新井りあす		Riasu Koai
2855	宵宫	©	Yoi Miyako
2856	安産型		Easy birth type
2857	安城鳴子		Naruko Anjo
2858	宇宙戦艦ヤマト2199		Space Battleship Yamato 2199
2859	宇佐見菫子	©	Sumiko Usami
2860	子宫脱		Chimiya Escape
2861	姫島朱乃	©	Himejima Akeno
2862	姉ヶ崎寧々	©	Anegasaki Nene
2863	如月千早	©	Kisaragi Chihaya
2864	女忍者		Female ninja
2865	女子大生		Female college student
2866	女子ボクシング		Women's boxing
2867	女子		Girls
2868	女天狗		Onna Tengu
2869	失神		Fainting
2870	天馬咲希	©	Saki Tenma
2871	天童アリス	©	Tendo Alice
2872	大鳳		Taiho
2873	大量精液	cum	large amount of semen
2874	大和	©	Yamato
2875	夜蘭		Yoran
2876	夕立(艦隊これくしょん)	©	Yudachi (Kantai Collection)
2877	夏芽みのり	©	Natsume Minori
2878	夏樹みくる	©	Mikuru Natsuki
2879	変身解除		Transformation release
2880	変身シーン		Transformation scene
2881	変態仮面		Hentai Mask
2882	壬生菊千代		Kikuchiyo Mibu
2883	壬生終名		Mibu final name
2884	城戸沙織		Saori Kido
2885	地獄先生ぬ～べ～		Hell Teacher Nube
2886	土方歳三(ドリフターズ)	©	Toshizo Hijikata (Drifters)
2887	四季映姫・ヤマザナドゥ		Shiki Eihime/Yamazanadu
2888	喷尿	uro mouth	Urine saliva
2889	喫煙		Smoking
2890	喉ボコ	throat	Sore throat
2891	咲夜	©	Sakuya
2892	咥え使用済みゴム		Used rubber grip
2893	咥えながら舌出し	tongue	Put out tongue while sucking
2894	和泉紗霧	©	Sagiri Izumi
2895	和泉元エイミ		Eimi Izumimoto
2896	向井拓海	©	Takumi Mukai
2897	名探偵コナン		Detective Conan
2898	古明地こいし		Komeiji Koishi
2899	双頭ディルド		Double-headed dildo
2900	厕所		House
2901	卡提希娅		Kadhi Kiyomi
2902	博麗神社例大祭		Hakurei Shrine Annual Festival
2903	南ことり	©	Kotori Minami
2904	卓上の乳	tit	Tabletop breasts
2905	半裸		Half-naked
2906	半ズボン		Shorts
2907	千手綱手		Tsunade Senju
2908	千咲(鳴潮)	©	Chisaki (Narushio)
2909	千反田える		Eru Chitanda
2910	北米版		North American version
2911	包茎クリトリス	clit	Uncircumcised clitoris
2912	匂いフェチ		Smell fetish
2913	勇儀	©	Yugi
2914	勃起		Erection
2915	助っ人参上!!		Helping carrot top!!
2916	創作男女		Creative men and women
2917	剣奴レイシャ		Swordman Reisha
2918	剣の乙女		Sword Maiden
2919	前髪テール		Bangs tail
2920	前張り		Front upholstery
2921	刑部姫		Gyobuhime
2922	切り傷		Cuts
2923	処女喪失		Loss of virginity
2924	凍京NECRO		Kyokyo NECRO
2925	凌遲		Ling Li
2926	冬コミ		Winter comic
2927	八意の乳	tit	Yai's breasts
2928	全学園彼女		All school girlfriends
2929	入浴		Bathing
2930	先斗寧		Ning Ponto
2931	催眠なんてかからない!!!		No hypnosis!!!
2932	倉持めると		If you can hold a warehouse
2933	例大祭13		Reitaisai 13
2934	例大祭10		Reitaisai 10
2935	何してもいいのよ		You can do whatever you want.
2936	伏臥		Lying prone
2937	伊良知世		Tomoyo Ira
2938	伊吹翼		Tsubasa Ibuki
2939	伊勢		Ise
2940	伊19		Italy 19
2941	仲良く立ちション		Standing together
2942	仙子		Senko
2943	今汐		Imashio
2944	人間灰皿		Human ashtray
2945	人権放棄		Abandonment of human rights
2946	人前おしっこ	uro	Peeing in public
2947	人ってただの筒じゃないですか		Aren't people just tubes?
2948	交尾結合		Mating union
2949	五十鈴	©	Isuzu
2950	云璃	not_solo yuri	Yuri
2951	二次元女体化してやったー		I made it into a two-dimensional female body.
2952	二の腕		Upper arm
2953	亀頭責め		Glans torture
2954	亀頭舐め	tongue	Glans licking
2955	亀甲縛り		Tortoise shell binding
2956	乳首引っ張り	nip	Nipple pulling
2957	乳首コンドーム	nip	Nipple condom
2958	乳首カリカリ	nip	Crispy nipples
2959	乳輪チラ	nip	Areola sneak peek
2960	乳狐	fantasy milk	Milk fox
2961	乳房豊かなポーカーフェイス	tit	Poker face with rich breasts
2962	乳巫女	costume milk	Milk Priestess
2963	乳交	tit	Breast intercourse
2964	乳お燐ズ		Nyuu Rinzu
2965	久田イズナ	©	Izuna Hisada
2966	丸呑み		Swallowing
2967	串刺しファック	ryona insert	Skewer fuck
2968	中野二乃		Nino Nakano
2969	中谷育	©	Iku Nakatani
2970	中学生		Junior high school student
2971	不潔		Unclean
2972	三角型		Triangular shape
2973	三月七		March 7th
2974	一条莉々華	©	Ririka Ichijo
2975	一回～円		One time ~ yen
2976	ヴァニラウェア		Vanillaware
2977	ワルピーチ	©	Wapeach
2978	ワカモ(ブルーアーカイブ)	©	Wakamo (Blue Archive)
2979	ワイルドアームズ		Wild Arms
2980	ローライズ		Low rise
2981	ロート精液	cum	cum in funnel - Semen in funnel
2982	ローゼン	©	Rosen
2983	ロングヘア―		Long hair
2984	ロリコン	loli	Lolicon
2985	ロリおね		Lori One
2986	ロビン	©	Robin
2987	ロケット貧乳	tit	Rocket small breasts
2988	ロケット団		Team Rocket
2989	レーベル(勝利の女神:NIKKE)	©	Label (Goddess of Victory: NIKKE)
2990	レゼ		Reze
2991	レズドム		Lesdom
2992	レオタードアンダーパンツ		Leotard underpants
2993	レインボー・ミカ	©	Rainbow Mika
2994	レイチェル		Rachel
2995	ルリナ(トレーナー)	©	Nessa (Trainer)
2996	ルザミーネ		Lusamine
2997	リーフィア		Leafeon
2998	リーファ		Leafa
2999	リコちゃん	©	Riko-chan
3000	リィン(アークナイツ)	©	Lin (Arknights)
3001	ララ		Lara
3002	ラム(リゼロ)	©	Lum (Re:Zero)
3003	ラビットホール		Rabbit Hole
3004	ラビアピアス	pussy pierc	Labia piercing
3005	ラッキースケベ		Lucky lewd
3006	ラクガキ		Doodles
3007	ラオーラ・パンテーラ		Laora Pantera
3008	ライダースーツ		Rider suit
3009	ライザ		Riser
3010	ユフィ・キサラギ	©	Yuffie Kisaragi
3011	モンスト		Monster Strike
3012	モンスターストライク		Monster Strike
3013	モンスター		Monster
3014	メトロイド		Metroid
3015	メス犬	beast	Female dog
3016	メガネっ娘		Glasses girl
3017	メガテン		Megaten
3018	メイナ		Maina
3019	メイドさん		Maid
3020	メイぱい		Meipai
3021	ミレーユ	©	Mireille
3022	ミイラ		Mummy
3023	マーシャルチャンピオン		Marshall Champion
3024	マント		Cloak
3025	マンコ	pussy	Pussy
3026	マリア・カデンツァヴナ・イヴ		Maria Cadenzavna Eve
3027	ママショタ		Mama Shota
3028	マビノギ		Mabinogi
3029	マドロック(アークナイツ)	©	Madrock (Arknights)
3030	マジカルプリンセス		Magical Princess
3031	マコト=ナナヤ	©	Makoto Nanaya
3032	マコト	©	Makoto
3033	マギサ	©	Magisa
3034	マイリトルポニー	tm	My Little Pony
3035	マイクロミニスカート		Micro mini skirt
3036	ポニテ		Ponytail
3037	ポケ擬		Poke pseudo
3038	ポケスペ	©	Pokéspe
3039	ボルチモア(アズールレーン)	©	Baltimore (Azur Lane)
3040	ボトムレス	open-	Bottomless
3041	ボディーピアス	pierc	Body piercing
3042	ボカロ	©	Vocaloid
3043	ホロ		Holo
3044	ペンギー(グラブル)	©	Pengy (Granblue Fantasy)
3045	ペリーヌ・クロステルマン		Perine Closterman
3046	ペリカ(エンドフィールド)	©	Perica (Endfield)
3047	ペニスギャグ	dick	Penis gag
3048	ペニス	dick	Penis
3049	ペド		Pedo
3050	ペディキュア		Pedicure
3051	ベト子		Betoko
3052	ベゼアズ		Bezeaz
3053	ベアトリクス	©	Beatrix
3054	ヘッドホン		Headphones
3055	プリンス・オブ・ウェールズ		Prince of Wales
3056	プリティーシリーズ		Pretty series
3057	プラナ(ブルーアーカイブ)	©	Prana (Blue Archive)
3058	プラチナ(アークナイツ)	©	Platinum (Arknights)
3059	ブリッド(勝利の女神:NIKKE)	©	Bride (Goddess of Victory: NIKKE)
3060	ブラダマンテ		Bradamante
3061	ブラウンダスト2	tm	Brown Dust 2
3062	ブラ	underwear	Bra
3063	フタナリ		Futanari
3064	フェイスベール		Face veil
3065	フィアメッタ(アークナイツ)	©	Fiametta (Arknights)
3066	ファンタジスタドール		Fantasista Doll
3067	ファッション		Fashion
3068	ファイナルファンタジーVII	tm	Final Fantasy VII
3069	ファイナルファンタジー14	tm	Final Fantasy 14
3070	ピンク髪ロング		Long pink hair
3071	ピンクパンツ		Pink pants
3072	ビアンカ	©	Bianca
3073	パンヤ		Panya
3074	パンク		Punk
3075	パワー(チェンソーマン)	©	Power (Chainsaw Man)
3076	パプル		Papple
3077	パパ活		Dad life
3078	パイン(ボンバーガール)	©	Pine (Bomber Girl)
3079	パイモン(マギ)	©	Paimon (Magi)
3080	バーバラ	©	Barbara
3081	バーサーかわいい		Birther cute
3082	バイブINパンツに定評のある柚宮MoNo		Yuzumiya MoNo has a reputation for vibe IN pants
3083	ハートキャッチプリキュア		Heartcatch Precure
3084	ハン・ジュリ		Han Juri
3085	ハゲ頭		Bald head
3086	ハイセンス		Hisense
3087	ニーナ	©	Nina
3088	ニトクリス(Fate)	©	Nitocris (Fate)
3089	ニコ・ロビン	©	Nico Robin
3090	ナヒーダ		Naheeda
3091	ドリル責め		Drill torture
3092	ドリクラ		Doricula
3093	ドラフ		Draft
3094	ドキプリ		Dokipuri
3095	トレス素材		Trace material
3096	トリニティセブン		Trinity Seven
3097	デスティニーチャイルド		Destiny Child
3098	デカ尻	ass-	Big butt
3099	デカクリ	clit	Big clitoris
3100	デイジー姫	©	Princess Daisy
3101	テンタクルズ		Tentacles
3102	テニス		Tennis
3103	ティーンのヤルキ!		Teen Yaruki!
3104	チルノ		Cirno
3105	ダーリン・イン・ザ・フランキス		Darling in the Franxx
3106	ダブルギャグ		Double gag
3107	タバコ		Tobacco
3108	タイリクオオカミ(けものフレンズ)	©	Eurasian Wolf (Kemono Friends)
3109	ゾン100		Zon 100
3110	ソープランド		Soapland
3111	ソープ		Soap
3112	ソロモン72柱		72 pillars of Solomon
3113	ソフィア	©	Sofia
3114	ソニック	©	Sonic
3115	ゼロツー		Zero Two
3116	ゼルダ	©	Zelda
3117	ゼノブレイド3		Xenoblade 3
3118	ゼクスファクター		XX Factor
3119	セルフフェラ	mouth dick	Self blow job
3120	セリス		Cerys
3121	セラムン	©	Seramun
3122	スレイヤーズ		Slayers
3123	スリングショット水着	swim expose	Slingshot swimsuit
3124	スポーツブラ		Sports bra
3125	スプラトゥーン2	tm	Splatoon 2
3126	スピカ		Spica
3127	スターオーシャン		Star Ocean
3128	ススーロ(アークナイツ)	©	Sussurro (Arknights)
3129	スカルガールズ		Skullgirls
3130	スイレンママ		Waterlily Mama
3131	ジュビア・ロクサー		Juvia Roxor
3132	ジャージ		Jersey
3133	ジャベリン(アズールレーン)	©	Javelin (Azur Lane)
3134	シー(アークナイツ)	©	Shee (Arknights)
3135	シンフォギア		Symphogear
3136	シンデレラガールズ		Cinderella Girls
3137	シロコ*テラー	©	Shiroko*Terror
3138	ショタ提督		Admiral Shota
3139	シャープペンシル		Mechanical pencil
3140	シャープペン		Mechanical pencil
3141	シスター服		Sister clothes
3142	シオリ・ノヴェラ		Cioli Novella
3143	ザーメンマスク	cum	mask cum - Semen mask
3144	ザーメンブリッジ	cum	cum string - Semen Bridge
3145	ザンニー		Zanny
3146	サークル10周年記念本		Circle 10th Anniversary Book
3147	サンディ・バッシュ		Sandy Bash
3148	サラ(GBD)	©	Sara (GBD)
3149	サフェル		Safel
3150	サスペンダー		Suspenders
3151	コンドーム髪留め		Condom hair clip
3152	コロンビーナ(原神)	©	Columbina (Genshin Impact)
3153	コミックマーケット96	event	Comic Market 96
3154	コスプレイヤー		Cosplayer
3155	コウテイペンギン		Emperor Penguin
3156	コウテイオッパイ	tit	Koutei breasts
3157	ケーブルニット		Cable knit
3158	ケモナー		Kemoner
3159	グレンツェ		Grenze
3160	グレイシア		Glaceon
3161	グラーフ・ツェッペリン(アズールレーン)	©	Graf Zeppelin (Azur Lane)
3162	クールビューティー		Cool Beauty
3163	クレオパトラ(アズールレーン)	©	Cleopatra (Azur Lane)
3164	クレイ(勝利の女神:NIKKE)	©	Clay (Goddess of Victory: NIKKE)
3165	クリスマス限定みんなの彼女		Christmas limited Minna no Kanojo
3166	クリスタル(スターフォックス)	©	Crystal (Star Fox)
3167	クリスタル		Crystal
3168	クラリス	©	Clarice
3169	クラウド		Cloud
3170	ギャル化		Gal status
3171	キルタイムコミュニケーション		Kill time communication
3172	キリン装備		Kirin equipment
3173	キュアブラック		Cure Black
3174	キュアハート		Cure Heart
3175	キャル(プリコネ)	©	Kyaru (Princess Connect)
3176	キャル	©	Cal
3177	キャミィ・ホワイト	©	Cammy White
3178	キスマーク		Hickey
3179	キサキ(ブルーアーカイブ)	©	Kisaki (Blue Archive)
3180	ガスマスク		Gas mask
3181	ガイノイド		Gynoid
3182	カーマ		Karma
3183	カードキャプターさくら	©	Cardcaptor Sakura
3184	カメラさんもうちょっと下		Camera is a little lower
3185	カプレカ		Kapreka
3186	カジノ		Casino
3187	カイニス(Fate)	©	Caenis (Fate)
3188	オープンフィンガーグローブ		Open finger gloves
3189	オークション		Auction
3190	オリジナル作品	oc	Original works
3191	オマンコ	pussy	Pussy
3192	オイルマッサージ		Oil massage
3193	エログロ	guro	Eroguro
3194	エリシア(崩壊3rd)	©	Elysia (Honkai Impact 3rd)
3195	エフイーター(アークナイツ)	©	Eff Eater (Arknights)
3196	エクセル・サーガ		Excel Saga
3197	エクエストリアガールズ		Equestria Girls
3198	ウルトラヒロイン		Ultra Heroine
3199	ウタゲ(アークナイツ)	©	Utage (Arknights)
3200	イヴリン・シェヴァリエ	©	Evelyn Chevalier
3201	インフィニット・ストラトス		Infinite Stratos
3202	イリュージョン		Illusion
3203	イカ腹		Squid belly
3204	アーマーブレイク		Armor Break
3205	アンドロイド	©	Android
3206	アロナ(ブルーアーカイブ)	©	Alona (Blue Archive)
3207	アルトリア・オルタ(ランサー)	©	Artoria Alter (Lancer)
3208	アリーナ		Arena
3209	アリナ・クローバー	©	Alina Clover
3210	アリスソフト		Alice Soft
3211	アリシア	©	Alicia
3212	アリサ・ミハイロヴナ・九条		Alisa Mikhailovna Kujo
3213	アリサ・イリーニチナ・アミエーラ	©	Alyssa Ilinichina Amiella
3214	アメコミ		American comics
3215	アマガミ		Amagami
3216	アビゲイル・ウィリアムズ(Fate)	©	Abigail Williams (Fate)
3217	アニポケ	tm	Pokémon Anime
3218	アナル舐めパイズリ	anus tongue tit	anal licking titjob - anaruname paizuri
3219	アナニー	anus mast	Anal masturbation
3220	アスタロット		Astarot
3221	アサシン		Assassin
3222	アキ・ローゼンタール	©	Aki Rosenthal
3223	アイシャ		Aisha
3224	アイカツスターズ!		Aikatsu Stars!
3225	わんだふるぷりきゅあ!		Wandaful Purikure!
3226	わっふるわっふる		Waffle Waffle
3227	らんま1/		Ranma 1/
3228	らんしゃま		Ranshama
3229	らき☆すた		Lucky Star
3230	もんむす・くえすと!		Monmusu Quest!
3231	めがね		Glasses
3232	みょんちち		Myonchichi
3233	まぼろしパンティ		Illusionary panties
3234	まほあこ		Mahoako
3235	まさかの本人		The real person
3236	ぺこらママ		Pekora Mama
3237	ぷよぷよ	tm	Puyo Puyo
3238	ふたゆり	not_solo yuri	Futayuri
3239	ふた×女		Futa x Woman
3240	びしょ濡れ		soaking wet
3241	ひぐらしのなく頃に		Higurashi no Naku Koro ni
3242	ひかがみ		Hikagami
3243	はえてない		It's not blooming
3244	のじゃロリババア狐さま		Noja Loli Baba Fox
3245	のじゃロリ		Noja loli
3246	ねこむすめ道草日記		Nekomusume Michiso Diary
3247	ぬらりひょんの孫		Nurarihyon's grandson
3248	ぬえ		Nue
3249	つけてない		I haven't put it on
3250	だいしゅきホールド		Daishuki hold
3251	たまも		Tamamo
3252	そばかす		freckles
3253	しりならべ	©	Shirinarabe
3254	さらし	expose	exposed
3255	けつね	ass-	Ass
3256	けしか藍		poppy indigo
3257	ぐだ子		Gudako
3258	お題箱		Theme box
3259	お菊さんが好き過ぎる人		People who like Okiku too much
3260	お菊さん		Okiku-san
3261	お嬢様組曲		Princess suite
3262	お兄ちゃんはおしまい		Big brother is done
3263	お乳さん	tit-	Breasts
3264	おもちゃ		toys
3265	おむつ替え		changing diapers
3266	おっぱいスカート	tit	breast skirt
3267	おっぱいキス	tit	breast kiss
3268	おじさん		uncle
3269	おしゃぶり		Pacifier
3270	おしっこ染み	uro	urine stain
3271	おしっこパーティー	uro	pee party
3272	おいでませ!!自由風俗幻想郷2泊3日の旅		Come on!! A 2-night, 3-day trip to the free entertainment fantasy land
3273	うちのこ		My child
3274	うさ耳		rabbit ears
3275	いばら姫(SPY×FAMILY)	©	Sleeping Beauty (SPY×FAMILY)
3276	あの日見た花の名前を僕達はまだ知らない。		We still don't know the name of the flower we saw that day.
3277	【ソロモンbitch】		[Solomon bitch]
3278	【others】		[others]
3279	yu-gi-oh!		yu-gi-oh!
3280	yelan		yelan
3281	yae_miko	©	yae_miko
3282	tongue	tongue	tongue
3283	thighs		thighs
3284	tentacles		tentacles
3285	stuck		stuck
3286	splatoon2	tm	splatoon2
3287	spanking		spanking
3288	skullgirls	tm	skullgirls
3289	sailormoonredraw		sailormoonredraw
3290	rape		rape
3291	raiden_shogun		raiden_shogun
3292	r18		r18
3293	princess		princess
3294	pixivRain2024		pixivRain2024
3295	peeing	uro	peeing
3296	omorashi	uro	omorashi
3297	nintendo	tm	nintendo
3298	my_little_pony	tm	my_little_pony
3299	muscle		muscle
3300	mlp		mlp
3301	lol		lol
3302	keqing	©	keqing
3303	jk		jk
3304	jessie	©	jessie
3305	jackochallenge		jackochallenge
3306	incest		incest
3307	illusion		illusion
3308	hugebreasts	tit	hugebreasts
3309	holoX		holoX
3310	gaping		gaping
3311	ganyu	©	ganyu
3312	game		game
3313	finalfantasy7	tm	finalfantasy7
3314	female		female
3315	fantasy		fantasy
3316	enya		enya
3317	elf		elf
3318	drinking		drinking
3319	cleavage		cleavage
3320	c86	event	c86
3321	c81	event	c81
3322	c79	event	c79
3323	browndust2	tm	browndust2
3324	bestiality		bestiality
3325	beatmaniaIIDX	tm	beatmaniaIIDX
3326	bbc		bbc
3327	anime		anime
3328	aerith	©	aerith
3329	Yバック		Y back
3330	X-EROS		X-EROS
3331	Wパイズリ	tit dick	double titfuck - W paizuri
3332	Varium		Varium
3333	Varesa		Varesa
3334	Unleashed		Unleashed
3335	Tフロント		T front
3336	TrickOrTreat2024		TrickOrTreat2024
3337	TS		TS
3338	Siege		Siege
3339	Shylily	©	Shylily
3340	SNK	tm	SNK
3341	SHOWBYROCK!!		SHOWBYROCK!!
3342	SFM		SFM
3343	RaidenShogun		RaidenShogun
3344	Public		Public
3345	ProjectSekai	tm	ProjectSekai
3346	Poser		Poser
3347	Pokemon	tm	Pokemon
3348	Pixelart		Pixelart
3349	Patreon		Patreon
3350	P5	tm	P5
3351	Overlord		Overlord
3352	Octane		Octane
3353	NicoleDemara	©	NicoleDemara
3354	Nessa	©	Nessa
3355	Melterna		Melterna
3356	Mei	©	Mei
3357	ME!ME!ME!	tm	ME!ME!ME!
3358	Label		Label
3359	Kuroka		Kuroka
3360	KDA	tm	KDA
3361	Hilda	©	Hilda
3362	HELLSING	tm	HELLSING
3363	GroupSex	not_solo sex	GroupSex
3364	Girl		Girl
3365	Genesis3		Genesis3
3366	GL		GL
3367	GF(仮)		GF (tentative)
3368	G8F		G8F
3369	Futanari		Futanari
3370	Fate/EXTRA-CCC	tm	Fate/EXTRA-CCC
3371	FF7R	tm	FF7R
3372	Es		Es
3373	Equestria_Girls	tm	Equestria_Girls
3374	EQG	tm	EQG
3375	Diesirae		Diesirae
3376	DB	tm	DB
3377	Commission		Commission
3378	ChaosZeroNightmare		ChaosZeroNightmare
3379	CeresFauna		CeresFauna
3380	COM3D2		COM3D2
3381	CLOSERS		CLOSERS
3382	CFNM		CFNM
3383	CFNF		CFNF
3384	C105	event	C105
3385	C102	event	C102
3386	C101	event	C101
3387	Bunnygirl		Bunnygirl
3388	Boxing		Boxing
3389	BW		BW
3390	BSS		BSS
3391	BASTARD!!	tm	BASTARD!!
3392	Ankha	©	Ankha
3393	Android18	©	Android18
3394	Anal	anus insert	Anal
3395	Adjutant	©	Adjutant
3396	AI少女		AI Girl
3397	AI-Generated	ai	AI-Generated
3398	3dcg	not_ai	3DCG
3399	ｵﾘｷｬﾗ		Oricara
3400	함몰유두		Home page
3401	클로저스		Home
3402	카오스제로나이트메어		Chaos Zero Nightmare
3403	스카이림		Sorry to bother you
3404	데차		food
3405	대현자만세		Home
3406	가슴		Breasts
3407	龍崎薫	©	Kaoru Ryuzaki
3408	鼻ピアス	pierc	nose piercing
3409	鼻ザー		nose
3410	黒髪超ロング	hair-	black hair super long
3411	黒髪ポニーテール	hair-	black hair ponytail
3412	黒田那佳	©	Naka Kuroda
3413	黒姫		Kurohime
3414	黒咲芽亜		Mea Kurosaki
3415	黒乳首	nip-	black nipples
3416	黒下着	underwear	black underwear
3417	黒ワンピ		black dress
3418	黒マスク		black mask
3419	黒タイツお漏らし	uro	black tights peeing - kuro taitsu omorashi
3420	黒ストッキング		black stockings
3421	黒は女性を美しく見せる		Black makes women look beautiful
3422	黄金便		golden mail
3423	鹿目まどか		Madoka Kaname
3424	鹿田ココノツ		Shikata Kokonotsu
3425	鷹守ハルカ	©	Haruka Takamori
3426	鳳翔		Hosho
3427	鲨鱼妹		Duck sister
3428	魔法少女リリカルなのは		magical girl lyrical nanoha
3429	魔法剣士アネモネ		magic swordsman anemone
3430	魔法のスターマジカルエミ		Magical Star Magical Emi
3431	魔女狩り		witch hunt
3432	魔女っ子		Witch girl
3433	魔兽世界		Mato world
3434	魅果		Meika
3435	魅杏		Mikyou
3436	鬼谷八荒		Oniya Yaara
3437	鬼方カヨコ	©	Kayoko Onikata
3438	鬼っぱい	tit	Onippai - absurd oni breasts
3439	駿河問い		Suruga question
3440	駅弁		Ekiben
3441	馬嫁		horse bride
3442	馬チンポ		horse cock
3443	馬		horse
3444	香澄夜空	©	Kasumi night sky
3445	飲み物		drinks
3446	飛行場姫		airfield princess
3447	風野灯織	©	Toori Kazeno
3448	風紀を乱す風紀委員		A public morals committee member who disrupts public morals
3449	風倉モエ		Moe Kazekura
3450	顔隠し		face hidden
3451	顔責め		face torture
3452	顔を埋めたい股間		The crotch I want to bury my face in
3453	顔に唾	mouth	spit on the face
3454	頭部破壊		head destruction
3455	音無小鳥	©	Otonashi Kotori
3456	鞭跡		whip scars
3457	静凛		Seirin
3458	青髪ロング	hair-	blue hair long
3459	露天風呂		open-air bath
3460	露出菫子ちゃん	expose	Exposure Sumireko-chan
3461	露出娘	expose	exposed girl
3462	霧矢あおい	©	Aoi Kiriya
3463	霍尔海雅		Huo Yi Hai Ya
3464	電気椅子		electric chair
3465	雷電影		thunder shadow
3466	雲雀(閃乱カグラ)	©	Hibari (Senran Kagura)
3467	雲雀	©	Hibari
3468	雪風		Yukikaze
3469	雌犬		bitch
3470	雌奴隷		female slave
3471	隼鷹		Hayataka
3472	隻狼		lone wolf
3473	随喜自在第三外法快楽天		The Third Foreign Law Pleasure Heaven
3474	陽炎		heat haze
3475	陸震妖姫アラクネ		Rikushin Youhime Arachne
3476	陸奥(艦隊これくしょん)	©	Mutsu (Fleet Collection)
3477	陰キャ		Yinkya
3478	陈千语		Chen thousand languages
3479	陈		Chen
3480	阿良々木火憐	©	Karen Araragi
3481	阿米娅		Amina
3482	間桐桜	©	Sakura Matou
3483	開拓者(スターレイル)	©	Pioneer (Star Rail)
3484	閉じ込め		confinement
3485	长离		long separation
3486	镜流		stream
3487	鏡音リン	©	Kagamine Rin
3488	鏑木ろこ		Kaburagi Roko
3489	銜尾蛇		Tailed snake
3490	銀髪赤眼		silver hair red eyes
3491	鈴鹿御前(サンタ)	©	Suzuka Gozen (Santa)
3492	鈴谷(アズールレーン)	©	Suzuya (Azur Lane)
3493	鈴谷		Suzuya
3494	釣り針		fishing hook
3495	金髪美女		blonde beauty
3496	金装のヴェルメイユ		gold-plated vermeil
3497	金狮		golden goose
3498	野良猫		stray cat
3499	野球部		Baseball club
3500	野球帽		baseball cap
3501	野々原柚花のヒミツのハイシン	©	Nonohara Yuzuka's secret high-shin
3502	野々原柚花	©	Nonohara Yuuka
3503	酔っ払い		drunk
3504	酒場		bar
3505	部分子宮脱		partial uterine prolapse
3506	邵神韵		Shao Shenshao
3507	邪神ちゃんドロップキック		Jashin-chan dropkick
3508	遺作		Posthumous work
3509	違う、そうじゃない		No, that's not it
3510	運動会		Sports day
3511	進撃の巨人	tm	attack on titan
3512	進化版童貞を殺すセーター		Evolution version of the sweater that kills virginity
3513	速水奏	©	Kanade Hayami
3514	通常攻撃が全体攻撃で二回攻撃のお母さんは好きですか?		Do you like the mother whose normal attack is an all-over attack and double attack?
3515	這いよれ!ニャル子さん		Crawl! Nyaruko-san
3516	透視		perspective
3517	逆流茶会		Backflow tea party
3518	逆さ撮り		Upside down shot
3519	逆NTR		Reverse NTR
3520	輪モロ		ring moro
3521	輝夜月		Kaguya Moon
3522	軟便	sca	soft stool
3523	身体測定		body measurements
3524	足組み		legs crossed
3525	足抱え		holding legs
3526	趣スケベマン		Lewd man
3527	超速変形ジャイロゼッター		Super fast transformation gyrosetter
3528	赤羽葉子	©	Yoko Akabane
3529	赤毛		redhead
3530	赤井はあと		Akai is next
3531	赤ビキニ	swim	red bikini
3532	赤ちゃんプレイ		baby play
3533	赤ずきんちゃん		little red riding hood
3534	貫鎖	pierc	piercing chain
3535	貞子	©	Sadako
3536	谷間ネクタイ		cleavage tie
3537	诱惑,捆绑,身体涂鸦,玩具		Seduction, torture, body stimulation, toys
3538	調月リオ(ラバースーツ)	©	Rio Tsukizuki (Rubber Suit)
3539	誕生日		birthday
3540	診察		medical examination
3541	触装天使セリカ		tactile angel celica
3542	触手マスク		tentacle mask
3543	角オナ		Horny Ona
3544	親子丼		Oyakodon
3545	親子		Parent and child
3546	見抜き		See through
3547	見せハイレグパンツ		High leg pants
3548	見せつけ		show off
3549	西連寺春菜	©	Haruna Sairenji
3550	褐色ロリ	loli	brown loli
3551	褐色サキュバスさん		brown succubus
3552	褌作戦		Operation loincloth
3553	褌		loincloth
3554	複乳	tit	compound breasts
3555	裾上げタイツ脱ぎ		Take off hemmed tights
3556	裸靴下		naked socks
3557	裸ワイシャツ		naked shirt
3558	裸レインコート		naked raincoat
3559	裸スクールリボン		naked school ribbon
3560	装甲悪鬼村正		armored demon muramasa
3561	血の繋がった夫婦		blood related couple
3562	蟹股ポージング		Crab crotch pose
3563	蟲惑魔		Insect devil
3564	融国		fusion of countries
3565	蛇姦		snake rape
3566	虹ヶ咲学園スクールアイドル同好会		Nijigasaki Academy School Idol Club
3567	虫責め		Insect torture
3568	虎耳		tiger ears
3569	虎城美耶子	©	Miyako Torajiro
3570	藤田ことね	©	Kotone Fujita
3571	藤崎由愛	©	Yua Fujisaki
3572	藤寿々美	©	Susumi Fuji
3573	藤原妹紅		Fujiwara Imoko
3574	藤丸立香	©	Ritsuka Fujimaru
3575	藍原柚子	©	Yuzu Aihara
3576	薬物中毒		drug addiction
3577	薬師寺さあや	©	Yakushiji Saaya
3578	薬		medicine
3579	蔵土縁紗夢		Kuradoen Sayu
3580	華満らん		Hanamanran
3581	菊地真	©	Makoto Kikuchi
3582	菈烏瑪		Lauma
3583	菈乌玛		Lauma
3584	莫娜		Mo Na
3585	茶髪ロング		long brown hair
3586	茶髪		brown hair
3587	茨華仙		Ibarakasen
3588	茨木童子(Fate)	©	Ibaraki Doji (Fate)
3589	茉莉安	©	Marianne
3590	英雄聯盟		League of Heroes
3591	苦労人魔王オスクロル		Struggling Demon King Oskrol
3592	若林智香		Chika Wakabayashi
3593	花里みのり	©	Minori Hanasato
3594	花菱はるか	©	Haruka Hanabishi
3595	花海咲季		Hanami Saki
3596	花子さん	©	Hanako-san
3597	舌は性器	tongue	tongue is genital
3598	臭い		smell
3599	自尊心粉砕		crushing self-esteem
3600	臀部	ass	buttocks
3601	膝裏コキ	dick	Knee job
3602	腹筋は性器		Abs are genitals
3603	腹ボテ		Belly bloat
3604	腕掴みバック		arm grab back
3605	腋見せ衣装	armpit costume	Armpit-showing costume
3606	腋汗	armpit	armpit sweat
3607	腋巫女	armpit costume	Armpit shrine maiden
3608	腋射	armpit	Armpit shot
3609	脱子宮		prolapsed uterus
3610	脱いだらすごい		It's amazing when you take it off
3611	脚フェチ		foot fetish
3612	脇見せ		Show your armpits
3613	脅迫		blackmail
3614	能代(アズールレーン)	©	Noshiro (Azur Lane)
3615	胸に手		hand on chest
3616	背面騎乗位		Rear cowgirl position
3617	背面合掌縛り		Rear gassho binding
3618	背景		background
3619	肩紐ずらし		shoulder strap shift
3620	肩甲骨		shoulder blade
3621	股間責め		Crotch torture
3622	股布ずらし		Crotch cloth shift
3623	肛交	anus insert	anal intercourse
3624	肉鎧		flesh armor
3625	肉祭		meat festival
3626	肉球手袋		paw gloves
3627	肉ビキニ	swim	flesh bikini
3628	聖闘士星矢		saint seiya
3629	聖職者		clergyman
3630	聖夜艦娘		holy night ship girl
3631	耳舐め	tongue	ear licking
3632	翔鶴(アズールレーン)	©	Shoukaku (Azur Lane)
3633	翔鶴		Shokaku
3634	羽毛笔		Feather sword
3635	義肢		prosthetic limb
3636	美鈴	©	Misuzu
3637	美獣イザベラ		Bijuu Isabella
3638	美樹さやか	©	Sayaka Miki
3639	羊娘		sheep girl
3640	绘画		Complete painting
3641	约尔·布莱尔		Yorl Cair
3642	縦パイズリ	tit dick	horizontal paizuri - horizontal mammary intercourse
3643	縄		rope
3644	緑髪ロング		green hair long
3645	緑肌		green skin
3646	緑川なお	©	Nao Midorikawa
3647	緊縛プレイ	bond	bondage play
3648	綿月豊姫		Toyohime Watazuki
3649	綾瀬もも	©	Momo Ayase
3650	綺々羅々ヴィヴィ		Beautifully Vivi
3651	綱渡り		tightrope walking
3652	続きを全裸待機		Waiting for the continuation naked
3653	絶頂失禁	uro	climax incontinence
3654	絶景		Spectacular view
3655	絶対領域		absolute area
3656	絞首刑		hanging
3657	結城さくな	©	Yuuki Sakuna
3658	経産婦		Multiparous woman
3659	紳士向け		For gentlemen
3660	紳士のアロマテラピー		gentleman's aromatherapy
3661	細川美樹	©	Miki Hosokawa
3662	紫式部(Fate)	©	Murasaki Shikibu (Fate)
3663	素足履き	foot-	bare feet
3664	純狐ママ		pure fox mama
3665	精灵		spirit
3666	粘着拘束		adhesive restraint
3667	箱崎星梨花	©	Rika Hakozaki
3668	箱入り娘		Hakoiri Musume
3669	筑摩		Chikuma
3670	竿握り		Rod grip
3671	立体視		stereoscopic vision
3672	空木		sky tree
3673	秋里夢女子	©	Akisato Yumejoshi
3674	秋津洲		Akitsu Island
3675	福利		welfare
3676	神無月葵	©	Aoi Kannazuki
3677	神楽ちづる	©	Chizuru Kagura
3678	神戸屋		Kobeya
3679	神崎アオイ	©	Aoi Kanzaki
3680	神代類		Gods
3681	祈り		prayer
3682	磯風(艦隊これくしょん)	©	Isokaze (Kantai Collection)
3683	硬乳	tit	hard breasts
3684	砾		Sly
3685	破れた服		torn clothes
3686	砂漠の戦士アサル		desert warrior asal
3687	砂浜		sandy beach
3688	石神のぞみ		Nozomi Ishigami
3689	石抱き		stone hugging
3690	矢澤にこ	©	Nico Yazawa
3691	着衣ぶっかけ		Clothed bukkake
3692	眼镜		eyeglasses
3693	真崎杏子	©	Kyoko Masaki
3694	真夏の行進曲		midsummer march
3695	真咲・ガイヤール	©	Masaki Gaillard
3696	真中のん	©	Non Manaka
3697	相田マナ	©	Mana Aida
3698	目のクマ		dark circles in the eyes
3699	監禁調教		Confinement training
3700	百合手マン	not_solo yuri	Yuri fingering
3701	白黒ジャンヌ		black and white jeanne
3702	白鷺千聖	©	Shirasagi Chisato
3703	白魔道士		white mage
3704	白髮		white hair
3705	白金		platinum
3706	白蛇のナーガ		white snake naga
3707	白目		white of eyes
3708	白水着	swim	white swimsuit
3709	白发		white hat
3710	白レン		white wren
3711	白ニーソ		white stockings
3712	発情期		Estrus period
3713	病みかわ		Sick Kawa
3714	異人種間		interracial
3715	男女女男		man, woman, man
3716	电刑		electric punishment
3717	由良かなで	©	Kanade Yura
3718	田中摩美々	©	Mami Tanaka
3719	生首		severed head
3720	生靴下		raw socks
3721	生体ユニット		biological unit
3722	瑞鶴(アズールレーン)	©	Zuikaku (Azur Lane)
3723	琼明神女录		The Myojin Woman's Tale
3724	琴		Koto
3725	珊瑚宫心海		Coral Shrine Shinkai
3726	珂莱塔		Kairai Pagoda
3727	玛薇卡		Mavika
3728	玉置亜子		Ako Tamaki
3729	玉枝様	©	Mr. Tamae
3730	玉付き		with ball
3731	獣人化	fantasy beast	Beastmanization
3732	猫飯店		cat restaurant
3733	猫耳フード		cat ear hood
3734	猫耳バニー		cat ears bunny
3735	猫星めてお		Cat Star Meteo
3736	猫屋敷まゆ		Nekoyashiki Mayu
3737	猫宮又奈	©	Nekomiya Matana
3738	猟奇		bizarre
3739	狐のお嫁ちゃん		fox bride
3740	狂気		madness
3741	状態変化		state change
3742	犬飼こむぎ	©	Komugi Inukai
3743	犬飼いろは	fantasy	Inu dog Roha
3744	犬食い	beast	dog eating
3745	犬山まな	©	Mana Inuyama
3746	犬子さん		Inuko-san
3747	犬娘	fantasy	dog girl
3748	犬プレイ	pet	dog play
3749	犬ション		Inu version
3750	物品化		Commodification
3751	爽やか		Refreshing
3752	爱丽丝		love love
3753	爆乳美女	tit-	Big breasted beauty
3754	熱血高校ドッジボール部CDサッカー編		Nekketsu High School Dodgeball Club CD Soccer Edition
3755	無題		Untitled
3756	無限のフロンティア		endless frontier
3757	無能なナナ		incompetent nana
3758	烈将ベリル		General Beryl
3759	火あぶり		Burned at the stake
3760	瀧鈴音		Suzune Taki
3761	濡れ髪		wet hair
3762	澪	©	Mio
3763	澄闪		clarity
3764	漏斗		funnel
3765	溺器		drowning device
3766	源さくら		Source Sakura
3767	湊友希那	©	Yukina Minato
3768	温泉灌肠		hot spring bath
3769	渡鸦		Watanabe
3770	混浴		mixed bath
3771	淫液の湖		Lake of lewd liquid
3772	淫乱服		lewd clothes
3773	涼宮ハルヒ	©	Haruhi Suzumiya
3774	海水浴		sea bathing
3775	海妹四葉		Sea Sister Yotsuba
3776	浦風		Urakaze
3777	浦和ハナコ(水着)	swim ©	Urawa Hanako (swimsuit)
3778	浅黄ムツキ	©	Asahi Mutsuki
3779	浅倉透	©	Tooru Asakura
3780	洩矢諏訪子	©	Suwako Moriya
3781	津島善子	©	Yoshiko Tsushima
3782	注乳	tit milk	Breastfeeding
3783	泣く		cry
3784	泣き虫		Crybaby
3785	沖田総司(オルタ)		Souji Okita (Alter)
3786	江風		Efu
3787	汚れ		dirt
3788	汁大量		Lots of juice
3789	汁だく		Juice dripping
3790	永琳		Eirin
3791	氷川日菜	©	Hina Hikawa
3792	水羽ミモリ	©	Mimori Mizuha
3793	水着艦娘	© swim	swimsuit ship girl
3794	水着獅子王	swim	swimsuit lion
3795	水浴び		bathing
3796	民族タトゥー		ethnic tattoo
3797	毛利蘭		Mouri Ran
3798	母親		mother
3799	母性的女体		maternal female body
3800	母子相姦		mother and child incest
3801	母乳が出そうな乳	tit milk	Breasts that are about to produce milk
3802	殭屍		corpse
3803	残念な美人		unfortunate beauty
3804	死滅のセクメト		Sekhmet of death
3805	歯型		tooth pattern
3806	歩き事後		After walking
3807	正座		Seiza
3808	正妻空母		legal wife aircraft carrier
3809	機動戦士GundamGQuuuuuuX		Mobile Suit GundamGQuuuuuuX
3810	模写		Copying
3811	樋口楓		Kaede Higuchi
3812	榨乳	milk	sakura milk
3813	極太脱糞	sca	Extremely thick defecation
3814	極上の肉		finest meat
3815	極上の巨乳	tit	exquisite big breasts
3816	椅子拘束		chair restraint
3817	椅子		chair
3818	森村千尋	©	Chihiro Morimura
3819	梱包少女		packing girl
3820	梁星	©	Liang Xing
3821	桑上カホ	©	Kaho Kuwagami
3822	桐谷遥	©	Haruka Kiritani
3823	桃髪翠眼		Pink hair, green eyes
3824	桃園ミキ	©	Taoyuan Miki
3825	校园		school park
3826	柳生(閃乱カグラ)	©	Yagyuu (Senran Kagura)
3827	柊ナナ	©	Nana Hiiragi
3828	柊かがみ	©	Kagami Hiiragi
3829	林雨霞		Lin Yuxia
3830	松葉崩し		crutch break
3831	松田亜利沙	©	Arisa Matsuda
3832	松浦果南	©	Kanan Matsuura
3833	松原花音	©	Kanon Matsubara
3834	東雲牧江		Makie Shinonome
3835	東條希		Nozomi Tojo
3836	東方革装束		touhou leather costume
3837	東方紐水衣	© swim	Touhou string swimsuit
3838	東方悪堕ち		Touhou evil fall
3839	東方御脚拝		Oriental foot worship
3840	東北ずん子		Tohoku Zunko
3841	束缚		bundle
3842	未来		future
3843	木馬		rocking horse
3844	木之本桜	©	Kinomoto Sakura
3845	朝比奈桃子	©	Momoko Asahina
3846	朝比奈みくる	©	Mikuru Asahina
3847	服従のポーズ		pose of submission
3848	服従		obedience
3849	服の下に水着	swim	swimsuit under clothes
3850	月岡恋鐘		Tsukioka love bell
3851	月夜のお姉さん狼		Older sister wolf in the moonlit night
3852	月城柳		Tsukijoryu
3853	月ノ美兎		Tsukinomito
3854	晒し台		pillory
3855	晒し	expose	exposed
3856	春野サクラ	©	Sakura Haruno
3857	春菜	©	Haruna
3858	星空育代	©	Ikuyo Hoshizora
3859	星熊勇儀	©	Yugi Hoshikuma
3860	星宮いちご		Hoshimiya Ichigo
3861	星井美希	©	Miki Hoshii
3862	星(スターレイル)	©	Hoshi (Star Rail)
3863	明日方舟终末地		Tomorrow the end of the ark
3864	早坂愛		Ai Hayasaka
3865	日野あかね	©	Akane Hino
3866	旗袍		flag robe
3867	新見薫	©	Kaoru Niimi
3868	新条アカネ	©	Akane Shinjo
3869	新年		new year
3870	新刊見本		New book sample
3871	新刊情報		New publication information
3872	斜め後ろハイアングル		Diagonal back high angle
3873	斑鳩	©	Ikaruga
3874	文野環	©	Tamaki Fumino
3875	敷かれたい尻	ass	I want to be laid ass
3876	教会		church
3877	敗北おもらし	uro	defeat peeing
3878	政務官アンナ		parliamentary secretary anna
3879	放置play		idle play
3880	撮影		photograph
3881	援助交際		assisted dating
3882	揉む		rub
3883	揉みしだきたい尻	ass	I want to rub your ass
3884	捆綁		Bound
3885	挿入直前	expose	Immediately before insertion
3886	挟まれたい谷間/魅惑の谷間		The valley you want to be caught in / The enchanting valley
3887	挟まれたい太もも		Thighs that want to be pinched
3888	挑発		provocation
3889	指マン		Fingering
3890	拮抗するアンケート		Antagonizing survey
3891	拭いてない		I haven't wiped it
3892	拉致		abduction
3893	扶桑		Fuso
3894	才羽モモイ	©	Momoi Saiba
3895	手形		bill
3896	手办		Hands on
3897	手パンツ		hand pants
3898	手コキッス	mouth dick	hand job kiss
3899	扇風機		electric fan
3900	戦闘員化		becoming a combatant
3901	戦艦タ級		battleship ta class
3902	戦場ヶ原ひたぎ		Senjogahara Hitagi
3903	我那覇響	©	Hibiki Ganaha
3904	成年向き		For adults
3905	憑依		possession
3906	悠久の車輪		eternal wheel
3907	怯え		frightened
3908	性奴隶		sex slave number
3909	性処理係		sex processing staff
3910	志田佳奈	©	Kana Shida
3911	微乳	tit	small breasts
3912	復讐のいじめ展		revenge bullying exhibition
3913	影絵		shadow puppet
3914	強制飲尿	uro mouth	forced urine drinking
3915	幽々子		Yuyuko
3916	幻獣姫		phantom beast princess
3917	干支娘		zodiac girl
3918	帽子おさえ		Hold your hat
3919	布越し		Through the cloth
3920	布洛妮娅		Bu Luo Eiju
3921	市原仁奈	©	Nina Ichihara
3922	巨根ショタ		big cock shota
3923	巨乳少女は触手に勝てない	tit	Big breasted girl can't win against tentacles
3924	巨乳スカトロ	tit sca	big tits scat
3925	州光		Shukou
3926	島田愛里寿	©	Airi Shimada
3927	山奈ミラ	©	Mira Yamana
3928	山城恋	©	Ren Yamashiro
3929	山城	©	Yamashiro
3930	展示		exhibition
3931	尿道オナニー	expose mast	urethral masturbation
3932	尾張	©	Owari
3933	尾岸マナ	©	Mana Ogishi
3934	尻突き上げ	ass	Butt thrust up
3935	尻ワイパー	ass	butt wiper
3936	少女誘惑中		Seducing a girl
3937	少女☆歌劇レヴュースタァライト		Girl☆Kageki Revue Starlight
3938	小鳥遊六花	©	Rikka Kotoriyu
3939	小早川紗枝	©	Sae Kobayakawa
3940	小川ひかる		Hikaru Ogawa
3941	小原鞠莉	©	Mari Ohara
3942	小便ぶっかけ	uro cum	piss bukkake
3943	射命丸		Shameimaru
3944	封神演義		Hoshin Engi
3945	対魔忍ムラサキ		Taimanin Murasaki
3946	対魔忍パロ		Taimanin Paro
3947	対魔忍サクラ		Taimanin Sakura
3948	対面立位		Standing face to face
3949	寸止め		stop
3950	寫真		Photography
3951	寝技		Newaza
3952	寄生		Parasitic
3953	宮本武蔵(水着)	swim ©	Miyamoto Musashi (swimsuit)
3954	宮本武蔵	©	miyamoto musashi
3955	宮本フレデリカ		Frederica Miyamoto
3956	実験		experiment
3957	安洁莉娜		Rina Anpachi
3958	安心の白		Safe white
3959	安克雷奇		An Ke Lei Qi
3960	守望先锋		Shubo Senpoku
3961	宇沢レイサ	©	Reisa Uzawa
3962	學生		student
3963	子宮姦		Uterine rape
3964	子宮ピアス	pierc	uterus piercing
3965	子宮		uterus
3966	子作り		Having a baby
3967	婦警		policewoman
3968	婊子		Bitch
3969	威尔士亲王		King of Majesty
3970	姫森ルーナ	©	Himemori Luna
3971	姉崎まもり	©	Mamori Anesaki
3972	姉妹夫婦		sister couple
3973	姉妹丼		sisters bowl
3974	妹とご主人さま。		My sister and my husband.
3975	妖精弓手		fairy archer
3976	妖狐		demon fox
3977	妖しく光る眼		Eyes that shine mysteriously
3978	奴隸		Slave
3979	奴隷競売シリーズ		slave auction series
3980	奴隷犬	fantasy sm	slave dog
3981	奴隶		slave
3982	女調理		woman cooking
3983	女装ショタ		crossdressing shota
3984	女縄		woman's rope
3985	女攻め		Woman attack
3986	女性視点		female perspective
3987	女性器		female genitalia
3988	女性協力者		female collaborator
3989	女性優位		female dominance
3990	女幹部		female executive
3991	女天狗(DOA)	©	Nyotengu (DOA)
3992	女体		female body
3993	女ザコ		woman
3994	女の子ドリンクバー		girls drink bar
3995	女の子のおちんちん	dick	girl's penis
3996	奈羅花		Naraka
3997	太股		thighs
3998	太ももコキ	thigh dick	thighjob
3999	天龍		Tenryu
4000	天甜		Tenten
4001	天気の子		Weathering With You
4002	天城(アズールレーン)	©	Amagi (Azur Lane)
4003	天使の笑顔		angel's smile
4004	天乃リリサ	©	Amano Lilitha
4005	天上院明日香	©	Tenjou Asuka
4006	大鯨		big whale
4007	大戦隊ゴーグルファイブ		Daitai Goggle Five
4008	大平原の小さな胸		small chest of the great plains
4009	大場なな	©	Nana Ohba
4010	夢魔		dream demon
4011	夜這い		night crawl
4012	夜兰		Nightman
4013	夜ノ森小紅		Yonomori Kobeni
4014	夕陽リリ		sunset lily
4015	夕立改二		Yuudachi Kaiji
4016	壱百満天原サロメ		Ichihyakuman Tenhara Salome
4017	壁紙		wallpaper
4018	壁乳	milk	wall milk
4019	境界線上のホライゾン		Horizon on the Border
4020	塗ってもいいのよ		You can paint it.
4021	堵嘴		beak
4022	城ヶ崎姉妹		Jogasaki sisters
4023	城ケ崎莉嘉	©	Rika Jogasaki
4024	城ケ崎美嘉	©	Mika Jogasaki (The Idolm@ster Cinderella Girls)
4025	埋め込み		embedded
4026	垂乳	tit	saggy breasts
4027	坎特蕾拉		special buds
4028	场景		Scenery
4029	地雷系女子		landmine girl
4030	地下城与勇士		Underground castle warrior
4031	圧倒的胸囲		Overwhelming chest size
4032	土萌ほたる	©	Tomoe Hotaru
4033	園田智代子	©	Chiyoko Sonoda
4034	国漫		National cartoon
4035	国木田さくら	©	Sakura Kunikida
4036	固定バイブ		fixed vibrator
4037	四宮かぐや		Kaguya Shinomiya
4038	四季映姫		Shiki Eihime
4039	噴乳に定評のあるサチト氏	tit	Mr. Sachito has a reputation for squirting breasts.
4040	器具		utensil
4041	噛み跡		bite marks
4042	喫茶狐狸狐狸		Cafe Kitsune Tanuki Kitsune Tanuki
4043	商業イラスト		commercial illustration
4044	咲	©	Saki
4045	咥え髪留め	mouth	hair clip in mouth
4046	和風		Japanese style
4047	和実ゆい	©	Yui Kazumi
4048	和姦		Japanese rape
4049	和メイド		Japanese maid
4050	吸い付く膣	pussy	vagina that sticks
4051	君影唯	©	Kimikage Yui
4052	吊革少女		hanging leather girl
4053	吉弔八千慧	©	Yoshisuke Yachikei
4054	史尔特尔		history special story
4055	只野ヨシモブ	©	Yoshimobu Tadano
4056	古賀小春	©	Koga Koharu
4057	古見さん	©	Mr. Komi
4058	古明地さとり		Satori Komeiji
4059	口内発射	cum mouth	cum in mouth
4060	口内	mouth	In the mouth
4061	口交	mouth	Oral intercourse
4062	叢雲		Murakumo
4063	双马尾		twin tails
4064	双海真美	©	Mami Futami
4065	双海亜美	©	Ami Futami
4066	原村和	©	Kazu Haramura
4067	卵管		Fallopian tube
4068	卵巣		ovary
4069	即堕		Immediate fall
4070	即入渠		Immediate docking
4071	卡芙卡	©	Kafka
4072	半透明バニー		translucent bunny
4073	千斗いすず		Sento Isuzu
4074	千代田桃	©	Momo Chiyoda
4075	十王星南		Junosei South
4076	十波麻耶	©	Maya Tonami
4077	十字架		cross
4078	十六夜ノノミ(水着)	swim ©	Izayoi Nonomi (swimsuit)
4079	十二神将(グラブル)	©	Twelve Divine Generals (Granblue Fantasy)
4080	北条響	©	Hibiki Hojo
4081	包帯		bandage
4082	動画		Video
4083	動物の仔		animal cub
4084	動物から学ぶポーズマニアックス		Pose Maniacs learning from animals
4085	創作百合		creative lily
4086	剥ぎ取りそうなパンツ		Pants that are about to be ripped off
4087	剣闘士		gladiator
4088	剣崎真琴	©	Makoto Kenzaki
4089	剣の乙女(ゴブリンスレイヤー)	©	Sword Maiden (Goblin Slayer)
4090	剣		sword
4091	剛烈剣マヒル		Strong Sword Mahiru
4092	前面はだけ		Only the front
4093	剃毛		shaved head
4094	刺玫		embroidery
4095	刺殺		Stabbing to death
4096	列克星敦		Atsushi Atsushi
4097	分娩台		Delivery table
4098	刀		sword
4099	処女膜		hymen
4100	写真		photo
4101	再利用		reuse
4102	内射		Introjection
4103	六根清浄		six root purity
4104	公開チクニー		public chikney
4105	八重歯っ娘		double tooth girl
4106	八百万百		8 million hundred
4107	八津紫		Yatsumurasaki
4108	八宮めぐる	©	Meguru Hachinomiya
4109	八坂神奈子	©	Kanako Yasaka
4110	入れ替わり		Replacement
4111	兜合わせ		Helmet matching
4112	兔女郎		Rabbit girl
4113	儒烏風亭らでん		Yūkarasu-tei Raden
4114	僕の心のヤバイやつ		The crazy thing in my heart
4115	僕だけの爆乳オナメイド	tit	My very own big tits ona maid
4116	僕がトイレさ	uro+	I'm the toilet
4117	傷物語		Kizumonogatari
4118	催眠オナニー	sm mast	hypnosis masturbation
4119	偽装拘束		false restraint
4120	偽物語		fake story
4121	健康診断		health checkup
4122	停雲		stationary clouds
4123	偏るアンケート		Biased survey
4124	俺ガイル		I'm Guile
4125	便所掃除	uro toilet	toilet cleaning
4126	依頼絵		commissioned painting
4127	例大祭9		Reitaisai 9
4128	例大祭12		Reitaisai 12
4129	例の紐		example string
4130	作者失踪シリーズ		Author's disappearance series
4131	体内放尿	uro pussy	Internal urination
4132	体内拘束		internal restraint
4133	佐竹美奈子	©	Minako Satake
4134	佐倉杏子	©	Kyoko Sakura
4135	佐々木千枝	©	Chie Sasaki
4136	佐々城		Sasaki Castle
4137	优菈		Honorable mention
4138	伊26(アズールレーン)	©	I-26 (Azur Lane)
4139	任天堂娘		nintendo girl
4140	令嬢		young lady
4141	付け耳		fake ears
4142	人間家具		human furniture
4143	人間♂×ポケモン♀	©	Human Male × Pokémon Female
4144	人造人間18号	©	Android 18
4145	人狼		werewolf
4146	人体改造		human body modification
4147	亜麻音	©	Amane
4148	五十鈴(艦隊これくしょん)	©	Isuzu (Kantai Collection)
4149	二穴責めしたい構図		The composition that I want to torture with two holes
4150	二次創作にオリジナルタグ	oc	Original tags for derivative works
4151	二次創作		derivative work
4152	二年後		two years later
4153	乳首連結	nip	nipple connection
4154	乳首責め騎乗位	nip	Nipple torture cowgirl
4155	乳首拡張	nip	nipple expansion
4156	乳首当てゲーム	nip	nipple guessing game
4157	乳首合わせ	nip	Nipple alignment
4158	乳首リード	nip	nipple lead
4159	乳首ピアス/クリピアス	clit nip pierc	nipple piercing/clit earrings
4160	乳首チェーン	nip	nipple chain
4161	乳頭	nip	nipple
4162	乳輪ピアス	nip pierc	areola piercing
4163	乳絞り	tit milk	breast milking
4164	乳潰し	milk	Milk crushing
4165	乳柱	tit	Breast pillar
4166	乳摇	milk	milk sniper
4167	乳搾り	milk	Milking
4168	乳挟み	tit	Breast pincher
4169	九条裟羅		Kujo Sara
4170	九尾の狐		Nine-tailed fox
4171	乙倉悠貴	©	Yuki Otokura
4172	主従逆転	sm	master-slave reversal
4173	丹花イブキ	©	Tanka Ibuki
4174	中野五月		Satsuki Nakano
4175	中だし		It's inside
4176	両乳吸い	tit	sucking both breasts
4177	丝柯克		Silky
4178	不知火フレア		shiranui flare
4179	不知火		Shiranui
4180	不思議の国のアリス		Alice in Wonderland
4181	下腹部定規		lower abdomen ruler
4182	下着姿		In underwear
4183	下倉メグ		Meg Shimokura
4184	下セカ		lower seca
4185	上目遣い		upward glance
4186	上条ゆり		Yuri Kamijou
4187	上ズレ		Upper shift
4188	三浦あずさ	©	Azusa Miura
4189	三村かな子	©	Kanako Mimura
4190	三日月閑		Crescent Moon Quiet
4191	三好夏凛	©	Karin Miyoshi
4192	三世村正		Muramasa III
4193	七瀬千緒	©	Chio Nanase
4194	七瀬サキ	©	Saki Nanase
4195	七瀬すず菜	©	Nanase Suzuna
4196	七海	©	Nanami
4197	七津星		Seven Stars
4198	七尾百合子		Yuriko Nanao
4199	一般人(アクダマドライブ)	©	Ordinary Person (Akudama Drive)
4200	ヴェルマ・ディンクレー		Velma Dinkley
4201	ヴェプリー		Vepley
4202	ヴィーラ		Villa
4203	ヴィクトリアス(アズールレーン)	©	Victorious (Azur Lane)
4204	ヴィエラ		Viera
4205	ヴァーミル(アークナイツ)	©	Vermeil (Arknights)
4206	ヴァンパイアセイヴァー		vampire savior
4207	ヴァルカン		Vulcan
4208	ヱヴァンゲリヲン新劇場版	tm	Evangelion New Theatrical Version
4209	ヱヴァンゲリヲン	tm	evangelion
4210	ワンワンとニャーの日		Woof Woof and Meow Day
4211	ワンパンマン	tm	one punch man
4212	ロングスカート		long skirt
4213	ロリ巨乳伝	tit loli	loli big breasts story
4214	ロリニティ		lorinity
4215	ロゼッタ	©	rosetta
4216	ロクサーヌ(異世界迷宮でハーレムを)	©	Roxanne (Harem in the Labyrinth of Another World)
4217	ロクサーヌ	©	Roxanne
4218	レン	©	Ren
4219	レミリア・スカーレット	©	Remilia Scarlet
4220	レベッカ(エッジランナーズ)	©	Rebecca (Edge Runners)
4221	レッグバインダー		leg binder
4222	レズセックス	not_solo yuri sex	lesbian sex
4223	レスリング		wrestling
4224	レザー		leather
4225	レオナ・ハイデルン	©	Leona Heidern
4226	レイプ魔		rapist
4227	レイプランド		rape land
4228	ルージュ	©	Rouge
4229	ル・マラン(アズールレーン)	©	Le Malin (Azur Lane)
4230	ルプスレギナ・ベータ		Lupusregina Beta
4231	ルカリオ		Lucario
4232	ルカシリーズ		Luca series
4233	ルカぱい		Luka pie
4234	リーリア(SiNiSistar)	©	Lilia (SiNiSistar)
4235	リーフ(トレーナー)	©	Leaf (Trainer)
4236	リン・ユーシャ(アークナイツ)	©	Lin Yusha (Arknights)
4237	リン(ゼンゼロ)	©	Belle (Zen Zero)
4238	リン		phosphorus
4239	リリカルなのは		Lyrical Nanoha
4240	リリィ(スパイ教室)	©	Lily (Spy Classroom)
4241	リリアン	©	Lillian
4242	リモコンバイブ		remote control vibrator
4243	リブソックス		ribbed socks
4244	リノア	©	Rinoa
4245	リネット(原神)	©	Lynette (Genshin Impact)
4246	リセの蟲惑魔		Lise's Insect Demon
4247	リサ(原神)	©	Lisa (Genshin Impact)
4248	リグル総攻め		Riggle all-out attack
4249	リグル・ナイトバグ		Wriggle Nightbug
4250	ラムレム	©	Ramlem
4251	ラムレザル=ヴァレンタイン	©	Ramlethal Valentine
4252	ラミ	©	Rami
4253	ラブリーマイエンジェルあやせたん	©	Lovely My Angel Ayase-tan
4254	ラブライブ		love live
4255	ラフィン・コフィン	©	Laughing Coffin
4256	ラフ	content	rough
4257	ラピ(勝利の女神:NIKKE)	©	Lapi (Goddess of Victory: NIKKE)
4258	ラッキーホール		lucky hole
4259	ラグナロク		ragnarok
4260	ラウマ		Rauma
4261	ライダー(Fate/staynight)	©	Rider (Fate/stay night)
4262	ライダー	©	rider
4263	ヨーコ・リットナー	©	Yoko Littner
4264	ヨーコ	©	Yoko
4265	ヨーグルト		yogurt
4266	ヨルさんの営み		Yoru's work
4267	ヨル(チェンソーマン)	©	Yor (Chainsaw Man)
4268	ヨハネ		?John
4269	ユルマン		Yurman
4270	ユリ=アスマ	not_solo yuri	Yuri = Asuma
4271	ユリ		lily
4272	ユフィ	©	Yuffie
4273	ユニフォーム		uniform
4274	ユキカゼ・パネトーネ		Yukikaze Panettone
4275	ユウキ	©	Yuuki
4276	ユイ(プリコネ)	©	Yui (Princess Connect)
4277	ヤンこれ		Yang this
4278	ヤリマン		Slut
4279	ヤマト	©	Yamato
4280	ヤバイですね!		That's crazy!
4281	ヤシロ・モモカ		Yashiro Momoka
4282	ヤイア		Yaia
4283	モーモーミルク	milk	Momo milk
4284	モン娘		Mon girl
4285	モニカ・ヴァイスヴィント	©	Monica Weisswind
4286	モココ・アビスガード	©	Mokoko Abyssguard
4287	メルタナ		Meltana
4288	メス堕ち		female fall
4289	メカ		Mecha
4290	メイドインワリオ		made in wario
4291	メイトコ		Mateko
4292	メイデン(勝利の女神:NIKKE)	©	Maiden (Goddess of Victory: NIKKE)
4293	メイク		makeup
4294	メイっぱい	tit	Mei breasts
4295	メアリー(勝利の女神:NIKKE)	©	Mary (Goddess of Victory: NIKKE)
4296	ムーナ・ホシノヴァ	©	Muna Hoshinova
4297	ムサシ	©	Musashi
4298	ミルコ	©	Mirko
4299	ミルクサーバー	milk	milk server
4300	ミュラスの村		Muras village
4301	ミハラ(勝利の女神:NIKKE)	©	Mihara (Goddess of Victory: NIKKE)
4302	ミニスカ		miniskirt
4303	ミヅキ(トレーナー)	©	Mizuki (Trainer)
4304	ミソラ(プリコネ)	©	Misora ​​(Princess Connect)
4305	ミク	©	Miku
4306	ミカサ・アッカーマン	©	mikasa ackerman
4307	ミカサ		Mikasa
4308	マーニャ		Manya
4309	マンモグラフィー	tit	mammography
4310	マンチラ		mantilla
4311	マンスジ		Mansuji
4312	マンガ		manga
4313	マンイーター		man eater
4314	マルタ(Fate)	©	Martha (Fate)
4315	マリン船長		marine captain
4316	マリオ	©	mario
4317	マリィ	©	Marie
4318	マフラー		muffler
4319	マッチョ		macho
4320	マスクギャグ		mask gag
4321	マスカーニャ	©	Mascaña
4322	マジカルエミ		Magical Emi
4323	マコト(プリコネ)	©	Makoto (Princess Connect)
4324	マギサ(グラブル)	©	Magisa (Granblue Fantasy)
4325	ポロリもあるよ		There is also Polori
4326	ポロリ		Porori
4327	ポケモンパフォーマー	©	pokemon performer
4328	ポケモンカード	©	pokemon cards
4329	ポケカ	©	Pokemon card
4330	ボブ		bob
4331	ボディペインティング		body painting
4332	ボテ		both
4333	ホノルル(アズールレーン)	©	Honolulu (Azur Lane)
4334	ペナンス(アークナイツ)	©	Penance (Arknights)
4335	ペチコート		petticoat
4336	ベルファスト		belfast
4337	ベルバスト		bell bust
4338	ベルト		belt
4339	ベルダンディー		belldandy
4340	ベリィ		Berry
4341	ベリアル	©	Belial
4342	ベヒ猫		behi cat
4343	ベイ(勝利の女神:NIKKE)	©	Bey (Goddess of Victory: NIKKE)
4344	ベアトリクス・アメルハウザー	©	beatrix ammelhauser
4345	ベアトリクス(グラブル)	©	Beatrix (Granblue Fantasy)
4346	ヘルム(勝利の女神:NIKKE)	©	Helm (Goddess of Victory: NIKKE)
4347	ヘルテイカー		helltaker
4348	プロの犯行		professional crime
4349	プリンツ・ハインリヒ(アズールレーン)	©	Prinz Heinrich (Azur Lane)
4350	プリンツ・オイゲン(艦隊これくしょん)	©	Prinz Eugen (Kantai Collection)
4351	プリパラ		Pripara
4352	ブレストスムーザー	tit	breast smoother
4353	ブレイブソード×ブレイズソウル		Brave Sword x Blaze Soul
4354	ブレイズ(アークナイツ)	©	Blaze (Arknights)
4355	ブランコ		swing
4356	ブラックサバイバル		black survival
4357	ブラジル水着	swim	brazilian swimwear
4358	ブラサバER		Burasaba ER
4359	ブラサバ		Brasaba
4360	ブラウンダスト	tm	Brown Dust
4361	ブラウス		blouse
4362	フローラ(DQ5)	©	Flora (DQ5)
4363	フレームバインダー		frame binder
4364	フレン・E・ルスタリオ	©	Julen E. Lustario
4365	フレイヤ		Freya
4366	フリー素材		free material
4367	フリーナ(原神)	©	Frina (Genshin Impact)
4368	フリーナ		Freena
4369	フランチェスカ・ルッキーニ		Francesca Lucchini
4370	フェンリル		Fenrir
4371	フェリ(グラブル)	©	Ferry (Granblue Fantasy)
4372	フェラマスク	mouth dick	blow job mask
4373	フェラチオジェスチャー	mouth dick	blowjob gesture
4374	フェイト・テスタロッサ	tm	Fate Testarossa
4375	フェイト	tm	fate
4376	フェイスハガー		face hugger
4377	フェアリー		fairy
4378	フウロ		Fuuro
4379	フウカ(スプラトゥーン)	©	Fuuka (Splatoon)
4380	フィットネスウェア		fitness wear
4381	フィギュア化		Figuring out
4382	フィギュアぶっかけ		figure bukkake
4383	ファンタシースターオンライン2		phantasy star online 2
4384	ファルザン		Farzan
4385	ファイナルファンタジーⅥ	tm	final fantasy Ⅵ
4386	ファイアーエムブレムif	tm	fire emblem if
4387	ピクボイス		pic voice
4388	ピアッシング	pierc	piercing
4389	ビルドファイターズトライ		build fighters try
4390	ビュービュー系		view view system
4391	ビフォーアフター		Before and after
4392	ビビッドカラー		vivid color
4393	ビビアン(ゼンゼロ)	©	Vivian (Zen Zero)
4394	ビビ		Bibi
4395	ビジネススーツ		business suit
4396	ビアンカ(DQ5)	©	Bianca (DQ5)
4397	ヒール		heels
4398	ヒロイン		heroine
4399	ヒルチャール		Hilcharr
4400	ヒトイヌ拘束	pet sm	human dog restraint
4401	ヒアンシー		hianshi
4402	パンティー		panties
4403	パンティ&ストッキング		panties & stockings
4404	パワー		power
4405	パルテナの鏡		Palutena's mirror
4406	パルスィ		Parsi
4407	パシフィック・リム		pacific rim
4408	パイズールレーン	tit dick	paizur lane
4409	バーチャルYoutuber		Virtual Youtuber
4410	バブみ		Bubbly
4411	バニー影狼		bunny shadow wolf
4412	バニファン		banifan
4413	バニスタイン・ファンタジー		Bannistein Fantasy
4414	バナナ		banana
4415	バトルファック	insert	battle fuck
4416	バッチ(アズールレーン)	©	Batch (Azur Lane)
4417	バター犬	beast	Butter dog
4418	バスタード		bastard
4419	バクマン。		Bakuman.
4420	バイセクシャル		bisexual
4421	ハーレイ・クイン		harley quinn
4422	ハーピィ		harpy
4423	ハードスカトロ	sca	hard scat
4424	ハミション		Hamishon
4425	ハトプリ		Hatpuri
4426	ハズレ枠の【状態異常スキル】で最強になった俺がすべてを蹂躙す		I, who became the strongest with the failure frame [Status Abnormal Skill], overruns everything.
4427	ハシビロコウ(けものフレンズ)	©	Shoebill (Kemono Friends)
4428	ハウデン・リーウ		howden lieu
4429	ハイキュー!!		Haikyu!!
4430	ネージュ・ハウゼン	©	Neige Hausen
4431	ネロ・クラウディウス(水着)	swim ©	Nero Claudius (swimsuit)
4432	ネロ・クラウディウス	©	Nero Claudius
4433	ネリッサ・レイヴンクロフト		nerissa ravencroft
4434	ネモ		Nemo
4435	ネトゲの嫁は女の子じゃないと思った?		Did you think the online game bride wasn't a girl?
4436	ネイルカイザー		Nail Kaiser
4437	ニュージャージー(アズールレーン)	©	New Jersey (Azur Lane)
4438	ニュイ・ソシエール		Nuit Sauciere
4439	ニヤニヤ教授		Grinning Professor
4440	ニャル子		Nyaruko
4441	ニトクリス(水着)	swim ©	Nitocris (swimsuit)
4442	ニップルピアス	nip pierc	Nipple Piercing
4443	ニップルストレッチャー	nip	nipple stretcher
4444	ニット		knit
4445	ニコ	©	Nico
4446	ニケ(勝利の女神:NIKKE)	©	Nike (Goddess of Victory: NIKKE)
4447	ニケ		Nike
4448	ニィロウ		Nilow
4449	ナフェ		Nafe
4450	ナターリア(シンデレラガールズ)	©	Natalia (Cinderella Girls)
4451	ナターリア		Natalia
4452	ナズーリン		Nazrin
4453	ナイロール		Nylor
4454	ナイチンゲール(アークナイツ)	©	Nightingale (Arknights)
4455	ナイチンゲール		nightingale
4456	ドーラ(にじさんじSEEDs)	©	Dora (Nijisanji SEEDs)
4457	ドロドロ		Muddy
4458	ドロシー(勝利の女神:NIKKE)	©	Dorothy (Goddess of Victory: NIKKE)
4459	ドレミー・スイート		doremy sweet
4460	ドルフィンウェーブ		dolphin wave
4461	ドラゴンネスト		dragon nest
4462	ドラゴンクエスト6	tm	dragon quest 6
4463	ドラゴンクエスト4	tm	dragon quest 4
4464	ドラクエ11	tm	Dragon Quest 11
4465	ドラクエ10	tm	Dragon Quest 10
4466	ドラえもん		Doraemon
4467	ドヤ顔		Smug Face
4468	ドット		Dot
4469	ドスケベ礼装		Perverted Formal Attire
4470	ドクター(アークナイツ)	©	Doctor (Arknights)
4471	ドイッチュラント(アズールレーン)	©	Deutschland (Azur Lane)
4472	ドすけべペンギン		Perverted Penguin
4473	トナカイ		reindeer
4474	トガヒミコ	©	Himiko Toga
4475	トイレの花子さん	© toilet	Hanako-san of the Toilet
4476	トイレお漏らし	uro toilet	toilet omorashi
4477	デート・ア・ライブ		date a live
4478	デ・ジ・キャラット		Di Gi Carat
4479	デリヘル		Delivery Service
4480	デビルサバイバー		devil survivor
4481	デニムスカート		denim skirt
4482	デニム		denim
4483	デスチャ	tm	Destiny Child
4484	デカァァァァァいッ説明不要!!		It’s so big, no explanation needed!!
4485	デイモン姉妹		damon sisters
4486	ディフェンスに定評のある尻尾		Tail with a reputation for defense
4487	ディズィー	©	Dizzy
4488	テイルス		Tails
4489	ティアマト(Fate)	©	Tiamat (Fate)
4490	ティア		Tia
4491	ツムギ(プリコネ)	©	Tsumugi (Princess Connect)
4492	ツインドリル		twin drill
4493	チリ(トレーナー)	©	Chiri (Trainer)
4494	チョコレート		chocolate
4495	チョコまみれ		Covered in chocolate
4496	チャチャ		Chacha
4497	チャイナレオタード		cheongsam leotard
4498	チェン(アークナイツエンドフィールド)	©	Chen (Arknights Endfield)
4499	チェシャー(アズールレーン)	©	Cheshire (Azur Lane)
4500	チアリーピンク		cheery pink
4501	チアリーダー		cheerleader
4502	ダージリン(GuP)	©	Darjeeling (Girls und Panzer)
4503	ダークギャザリング		dark gathering
4504	ダリフラ		Dalifla
4505	ダブルフェラ	mouth dick	double blowjob
4506	ダブルバイブ		double vibe
4507	ダクネス(このすば)	©	Darkness (Konosuba)
4508	ダクトテープ		duct tape
4509	ダイナマイトボディ		dynamite body
4510	タンツボ		tantsubo
4511	タレ目		Sagging eyes
4512	タコゾネス		tacozones
4513	タコガール		octopus girl
4514	タカミン		Takamine
4515	タイトスカート		tight skirt
4516	タイツおもらし	uro	Tights omorashi
4517	ゾンビランドサガ		zombieland saga
4518	ゾン100〜ゾンビになるまでにしたい100のこと〜		Zon 100 ~ 100 things you want to do before becoming a zombie ~
4519	ソードガールズ		sword girls
4520	ソーサレス(ドラゴンズクラウン)	©	Sorceress (Dragon's Crown)
4521	ソラ(勝利の女神:NIKKE)	©	Sora (Goddess of Victory: NIKKE)
4522	ソニア(ポケモン)	©	Sonia (Pokemon)
4523	ソシエ(グラブル)	©	Socie (Granblue Fantasy)
4524	ゼノブレイド		xenoblade
4525	ゼノビア(Fate)	©	Zenobia (Fate)
4526	ゼノサーガ		xenosaga
4527	ゼタ(グラブル)	©	Zeta (Granblue Fantasy)
4528	ゼシカ・アルバート	©	jessica albert
4529	ゼシカ	©	Jessica
4530	セーラー水着	swim	sailor swimsuit
4531	セーラー戦士	©	sailor warrior
4532	セーラーレオタード		sailor leotard
4533	セーラームーン(キャラクター)	©	Sailor Moon (Character)
4534	セントルイス		st louis
4535	セン(グラブル)	©	Sen (Granblue Fantasy)
4536	セレナ	©	Serena
4537	セレスティン・ルクルス	©	Celestine Lucullus
4538	セルフ調教		self training
4539	セルフおしっこシャワー	uro	self pee shower
4540	セリカ	©	celica
4541	セリィ	©	Celie
4542	セラムン捕らわれシリーズ		Seramun Captured Series
4543	セラス・ヴィクトリア	©	Seras Victoria
4544	セラス・アシュレイン	©	Seras Ashrain
4545	セミヌード		semi-nude
4546	セブンスドラゴン		Seventh Dragon
4547	セニア=ロータス	©	Senia Lotus
4548	セウト		Seuto
4549	スーパーロボット大戦X-Ω	tm	Super Robot Wars X-Ω
4550	スーパーロボット大戦	tm	Super Robot Wars
4551	スルト(アークナイツ)	©	Surtr (Arknights)
4552	スライム娘		slime girl
4553	スライム		slime
4554	スポーツウェア		sportswear
4555	スポブラ		sports bra
4556	スペルマ	cum	Cum
4557	スペインの蜘蛛		spanish spider
4558	スプレンディッド・ギア		splendid gear
4559	スプラトゥーン3	tm	splatoon 3
4560	スパイ		spy
4561	スニーカー		sneakers
4562	スト鉄		strike iron
4563	ストレッチ		stretch
4564	ストパン		stoppan
4565	ステレオグラム		stereogram
4566	スターライトステージ		starlight stage
4567	スタイリッシュ放尿	uro	stylish pissing
4568	スグぱい	tit	Great boobs
4569	スクービー・ドゥー		scooby doo
4570	スカートコキ	dick	skirtjob
4571	スカリフィケーション		scarification
4572	スカトロ配信	sca	scat delivery
4573	スカトロ女教師	sca	scat female teacher
4574	ジータ(グラブル)	©	Zeta (Granblue Fantasy)
4575	ジン・グンヒルド		Jin Gunhild
4576	ジンオウ装備		Jin-oh equipment
4577	ジュンサー		Junther
4578	ジュビア		juvia
4579	ジュエリーアナルプラグ	anus	jewelry anal plug
4580	ジャイロゼッター		Gyrozetter
4581	ジッパー		zipper
4582	ジェーン・ドゥ(ゼンゼロ)	©	Jane Doe (Zen Zero)
4583	シロコ(ブルーアーカイブ)	©	Shiroko (Blue Archive)
4584	シロコ	©	Shiroko
4585	シルエット		silhouette
4586	シリコンチェーンソー		silicon chainsaw
4587	シリアス		serious
4588	ショタおね		Shota one
4589	ショアキーパー		shore keeper
4590	シュヴァルツ(アークナイツ)	©	Schwarz (Arknights)
4591	シャークリー	clit	Shark + Clitoris
4592	シャンプー(らんま1/2)	©	Shampoo (Ranma 1/2)
4593	シャワールーム		shower room
4594	シャワーズ		Vaporeon
4595	シャルロット(原神)	©	Charlotte (Genshin Impact)
4596	シャルロット	©	charlotte
4597	シャミ子		Shamiko
4598	シャドウバース		shadowverse
4599	シャッテ・ジュードヴェステン	©	Chatte Judevesten
4600	シャイニング(アークナイツ)	©	Shining (Arknights)
4601	シニシスタ		Sinisista
4602	シックスナイン		six nine
4603	シズル(プリコネ)	©	Shizuru (Princess Connect)
4604	シスター・クレア		sister claire
4605	シコビロコウ		White-billed Stork
4606	シェフィールド(アズールレーン)	©	Sheffield (Azur Lane)
4607	シア・フラットパディ		shea flat daddy
4608	ザ・ビースト		the beast
4609	サーバルちゃん		Serval-chan
4610	サーナイト		Gardevoir
4611	サレン		Saren
4612	サリア(アークナイツ)	©	Saria (Arknights)
4613	サムライ		samurai
4614	サムス・アラン		samus aran
4615	サナ(トレーナー)	©	Sana (Trainer)
4616	サトシ(アニポケ)	©	Satoshi (Anime Pokemon)
4617	サザレ		Sazare
4618	サザキ・カオルコ	©	Kaoruko Sazaki
4619	サグぱい	tit	Thug boobs
4620	サキュバステードライフ		Succubus Steady Life
4621	サイバーパンク:エッジランナーズ		Cyberpunk: Edge Runners
4622	サイバー		cyber
4623	ゴーグルピンク		goggles pink
4624	ゴム射	cum	rubber cum shot
4625	ゴブリン姦		goblin rape
4626	ゴシック娘		gothic girl
4627	コントーション		contortion
4628	コミックメガストアα		Comic Megastore α
4629	コミックマーケット97	event	comic market 97
4630	コミックマーケット95	event	comic market 95
4631	コミックマーケット		comic market
4632	コミックマグナム		comic magnum
4633	コミックグレープ		comic grape
4634	ココナッツヒツジ		coconut sheep
4635	ケモロリ		Kemorori
4636	ケモスカ		Chemosca
4637	ケモ		Chemo
4638	ケフィア		kefir
4639	グレンラガン		gurren lagann
4640	グレア(神撃のバハムート)	©	Grea (Rage of Bahamut)
4641	グリッドマンユニバース		gridman universe
4642	グラン(グラブル)	©	Gran (Granblue Fantasy)
4643	グム(アークナイツ)	©	Gummy (Arknights)
4644	クールビズ		cool biz
4645	クン二		Kunji
4646	クロッチ		crotch
4647	クロスホルターネック		cross halter neck
4648	クレイジーサイコレズ		crazy psycho colles
4649	クリーム・ザ・ラビット		cream the rabbit
4650	クリリング	clit	Cock leash
4651	クリムゾン		crimson
4652	クリトリスリング	clit	clit ring
4653	クリスマスツリー		christmas tree
4654	クリキャップ	clit	Clit cap
4655	クリ	clit	Chestnut / clit
4656	クラグラ		Kuragra
4657	クラウド・ストライフ		cloud strife
4658	クラウディア・バレンツ	©	Claudia Barents
4659	クムユ		Kumuyu
4660	ギレーヌ・デドルディア		Ghislaine Dedordia
4661	ギリシャ型		greek type
4662	ギャン子		Gyanko
4663	ギャングロード		gang lord
4664	ギャルごはん		Gal meal
4665	ギター		guitar
4666	キングテレサ姫		king teresa princess
4667	キリングバイツ		Killing Bites
4668	キリン		giraffe
4669	キラッとプリ☆チャン		Kiratto Puri☆chan
4670	キューティーハニーF		Cutie Honey F
4671	キュアワンダフル		Cure Wonderful
4672	キュアメロディ		cure melody
4673	キュアミューズ		Cure Muse
4674	キュアフレンディ		Cure Friend
4675	キュアビューティ		Cure beauty
4676	キュアサニー		Cure Sunny
4677	キャバレー		cabaret
4678	キツネ		fox
4679	キック		kick
4680	キアナ・カスラナ	©	Kiana Kaslana
4681	ガールフレンド(仮)	©	Girlfriend (Beta)
4682	ガールズラブ		girls love
4683	ガヴリールドロップアウト		gabriel dropout
4684	ガラスの靴		glass shoes
4685	ガムテ猿轡		gumte gag
4686	ガムテープ		duct tape
4687	カーマ(Fate)	©	Kama (Fate)
4688	カーナ・リナ・シュタール	©	Karna Lina Stahl
4689	カードビルダー		card builder
4690	カレラ(VIPER)	©	Carrera (VIPER)
4691	カルテジア		Cartesia
4692	カリフラ		Caulifla
4693	カリオストロ		Cagliostro
4694	カミラ	©	Camilla
4695	カットジーンズ		cut jeans
4696	カチューシャ		headband
4697	カタリナ・アリゼ		Catalina Alize
4698	カスタムメイド3D2		custom made 3d2
4699	オーバーニー		over knee
4700	オーバーオール		overalls
4701	オーク姦		orc rape
4702	オリガ・ディスコルディア	©	Olga Discordia
4703	オリカ		Orica
4704	オフィス		office
4705	オパラ女王の伝説		Legend of Queen Opara
4706	オナニーの日	mast	masturbation day
4707	オッパイワレメ	tit	Breast crack
4708	オカルトマニア(XY)	©	Hex Maniac (XY)
4709	エード(勝利の女神:NIKKE)	©	Ede (Goddess of Victory: NIKKE)
4710	エード		aid
4711	エーテルゲイザー		ether gazer
4712	エンドフィールド		end field
4713	エンタープライズ(アズールレーン)	©	Enterprise (Azur Lane)
4714	エンジェルブレイド	tm	angel blade
4715	エロ配信		Erotic delivery
4716	エロ自撮り	expose	erotic selfie
4717	エロメイド		erotic maid
4718	エロナース		erotic nurse
4719	エロステータス		erotic status
4720	エルフェルト=ヴァレンタイン		Elphelt Valentine
4721	エルフ(ドラゴンズクラウン)	©	Elf (Dragon's Crown)
4722	エルザ		Elsa
4723	エリーン		Eline
4724	エリシス		Elisis
4725	エリザベート・バートリー		elisabeth bathley
4726	エリみほ		Eri Miho
4727	エメラダ		Emerada
4728	エミー・ローズ		emmy rose
4729	エピス		epis
4730	エステル		ester
4731	エステリーゼ・シデス・ヒュラッセイン		Esterese Sides Hüllassein
4732	エジプト型		egyptian type
4733	エウルア・ローレンス	©	eurua lawrence
4734	エアティ		air tea
4735	ウンチ	sca	poop
4736	ウンコ	sca	poop
4737	ウサギ		rabbit
4738	ウォースパイト		Warspite
4739	ウエディング		wedding
4740	ウエイトレス		waitress
4741	ウィンク		wink
4742	イーブイ		Eevee
4743	イヴリン・シュヴァリエ	©	Evelyn Chevalier
4744	イヴリン・シェパイエ	©	Evelyn Chepayer
4745	イヴォンヌ(エンドフィールド)	©	Yvonne (Endfield)
4746	イヴ(Stellar_Blade)	©	Eve (Stellar Blade)
4747	イヴ		eve
4748	インピオ		Impio
4749	インドミタブル(アズールレーン)	©	Indomitable (Azur Lane)
4750	インクリング		Inkling
4751	イルル		Iruru
4752	イリヤ		Ilya
4753	イラマチオハンドル	throat	deep throat handle
4754	イラスト集		Illustration collection
4755	イドリー		Idly
4756	イチャラブ		Icharab
4757	イシズ・イシュタール	©	Ishizu Ishtar
4758	イキション		Exhaustion
4759	アーリャ	©	Arya
4760	アーリ	©	Ahri
4761	アーニャ		Anya
4762	アーチフェラ	mouth dick	arch blowjob
4763	アーシア・アルジェント	©	Asia Argento
4764	アークザラッド	tm	Arc the Lad
4765	アンヘル(KOF)	©	Angel (KOF)
4766	アンヘル	©	angel
4767	アンダーリム		under rim
4768	アンジュ・カトリーナ	©	ange katrina
4769	アンジェリーナ	©	angelina
4770	アルレッキーノ(原神)	©	Arlecchino (Genshin Impact)
4771	アルレッキーノ		arlecchino
4772	アルベド(オーバーロード)	©	Albedo (Overlord)
4773	アルベド		albedo
4774	アルビノ		albino
4775	アルトリア・オルタ	©	Artoria Alter (Lancer)
4776	アルテラ	©	altera
4777	アリーナ姫		princess arena
4778	アリスギア		alice gear
4779	アリシア(グラブル)	©	Alicia (Granblue Fantasy)
4780	アリサ・サザンクロス		Alisa Southern Cross
4781	アリアンロッド		Arianrhod
4782	アリぱい		Aripai
4783	アラ		Ara
4784	アメリカンスリーブ		american sleeve
4785	アマゾン		amazon
4786	アホ毛		Ahoge
4787	アホの子		idiot child
4788	アベル		abel
4789	アヘ顏		Ahe face
4790	アヌビス		Anubis
4791	アニメ塗り		anime coloring
4792	アニメの		anime
4793	アニマス		Animas
4794	アナーキー・ストッキング		anarchy stockings
4795	アナログ絵	not_ai	analog painting
4796	アナログイラスト	not_ai	analog illustration
4797	アナル責め	anus	anal torture
4798	アナル固め	anus	Anal hardening
4799	アナルディルド	anus toy	anal dildo
4800	アナルゼリー	anus	anal jelly
4801	アナルオナニー	anus mast	anal masturbation
4802	アダルトビデオ		adult videos
4803	アストルフォ	©	Astolfo
4804	アストラ・ヤオ	©	Astra Yao
4805	アコ		Ako
4806	アクア	©	aqua
4807	アウラ(FF14)	©	Aura (FF14)
4808	アイリス(ポケモン)	©	Iris (Pokemon)
4809	アイドル部		Idol club
4810	アイドルマスターDS	tm	idolmaster ds
4811	アイドルマスター2	tm	idol master 2
4812	アイスピック		ice pick
4813	アイシールド21		eye shield 21
4814	アイシ		Aishi
4815	アイカツ		Aikatsu
4816	アイちゃん		Ai-chan
4817	るーみっく		Rumic
4818	よこちち		Yokochichi
4819	よう実		Youmi
4820	ようこそ実力至上主義の教室へ		Welcome to the classroom where ability is paramount
4821	ゆんゆん	©	Yunyun
4822	ゆゆ式		Yuyu style
4823	ゆずソフト		Yuzu Soft
4824	ゆぎぱい		Yugipai
4825	ゆからん		Yukaran
4826	ゆうかぱい		Yuukapai
4827	もんむす・くえすと!ぱらどっくすRPG		Mon Musu Quest! Paradox RPG
4828	ももぷく		Momopuku
4829	もふもふ		Fluffy
4830	めぐみん(このすば)	©	Megumin (Konosuba)
4831	むろみさん	©	Muromi-san
4832	みつば	©	Mitsuba
4833	みつどもえ		Mitsudomoe
4834	みっぱい	tit	Full boobs
4835	みさこ	©	Misako
4836	みおーん絵		Mion picture
4837	まんざらでもない		Not a bad idea
4838	まんぐり		Piledriver
4839	まりあ姉		Maria sister
4840	ぽいぬ		Poinu
4841	ぼっちちゃん	©	Bocchi-chan
4842	ほくろ		Mole
4843	ぺろぺろ	tongue	Licking
4844	べんむす		Benmusu
4845	へそ責め		Navel torture
4846	へそチラ		Navel slip
4847	ぷるんぷるん天国		Purunpurun heaven
4848	ふたプリ		Futapuri
4849	ふたりはプリキュアMaxHeart	tm	Futari wa PreCure MaxHeart
4850	ふたりはプリキュア		The two are precure
4851	ふくれっ面		pout
4852	ひまくりカレンダー		sunflower calendar
4853	ひぐらし		Higurashi
4854	ひぎぃ		Higgy
4855	ぱふぱふ		Pafupafu
4856	ぱすてるメモリーズ		pastel memories
4857	ばくおん!!		Bakuon!!
4858	はめふら		Hamefura
4859	はみ乳	tit milk	breast milk
4860	はみパン		Hami bread
4861	はだかっぱ		Naked raincoat
4862	のせてんのよ		Are you putting it on?
4863	のけぞり絶頂		Reclining climax
4864	ねずみみ		Mouse
4865	ねこ娘		cat girl
4866	にあみぃ	©	Niamii
4867	なにこれ超エロい		What is this so erotic?
4868	なにこれ可愛い		How cute is this?
4869	なにこれかっこいい		What is this cool?
4870	なでなで		Stroke
4871	なちょ猫		nacho cat
4872	とびっこ散歩		Jumping walk
4873	とびっこ		Jumping
4874	つるぺた		Tsurupeta
4875	ちんちんリボン		Chin Chin Ribbon
4876	ちんちん		Chin Chin
4877	ちょんまげ		topknot
4878	ちっぱいズリ	tit	Small tits slip
4879	そしてこのプロフ絵である		And this profile picture
4880	ずらし事後		After the shift
4881	すーぱーぽちゃ子		Super Pochaco
4882	すりみ連合		Surimi Union
4883	すのはら荘の管理人さん		Manager of Sunohara-so
4884	すじチラ		Line flicker
4885	じっくりとマゾ奴隷に仕上げましょう		Let's slowly make it into a masochist slave
4886	しょた		Shota
4887	しょうがないにゃあ		I can't help it
4888	しまぱん		Shimapan
4889	しずかちゃん	©	Shizuka-chan
4890	しぐれうい		Shigureui
4891	さんかれあ		Sankarea
4892	さなえさんこっちです		Sanae-san this is
4893	さきみこ	©	Sakimiko
4894	さいみん!		Saimin!
4895	ご奉仕		service
4896	これはいいふともも		These are nice thighs
4897	こよりすけっち		Koyori Sketch
4898	こまちち		Komachichi
4899	こどものじかん		children's time
4900	こあぱい		Koapai
4901	けしからん女体		outrageous female body
4902	ぐだ鈴		Gudasuzu
4903	ぐだ男		Gudao
4904	ぐだ玉藻		Gudamamo
4905	くびれ		constriction
4906	くぱぁ放尿	uro	Spread legs pissing
4907	きんいろモザイク		Kiniro mosaic
4908	きれい		Beautiful
4909	きょぬーまる		Kyonumaru
4910	きなこ(嫌パン)	©	Kinako (I Hate Bread)
4911	きなこ(リアルタイプ)	©	Kinako (Real Type)
4912	きつね娘		fox girl
4913	がっこうぐらし!		School life!
4914	かわいいお尻	ass	cute ass
4915	かみ★おな		Kami★Ona
4916	かきあげ		Kakiage
4917	お盆の上にアダルトグッズ		Adult goods on the tray
4918	お燐		Phosphorus
4919	お漏らしのアーク	uro	wetting themselves
4920	お尻叩き		spanking
4921	お尻ペンペン	ass	ass pen pen
4922	お嬢様特急		Princess Express
4923	お嬢様学園		Lady's school
4924	お姉チャンバラ		Oneechanbara
4925	おひねり		twist
4926	おねジジ		Onejiji
4927	おにまい		Onii Mai
4928	おにぎり		Onigiri
4929	おなら		fart
4930	おなか		stomach
4931	おっぱまどか		Oppa Madoka
4932	おっぱい注射	tit	breast injection
4933	おっぱいチャレンジ	tit-	boobs challenge
4934	おっぱいの日	tit-	boobs day
4935	おっぱいのついたイケメン	tit	handsome man with boobs
4936	おしっ娘	uro	Pee girl
4937	えろいほんツリーズ		Eroihon Trees
4938	えっちなおっぱい	tit	Naughty breasts
4939	うんちおもらし	uro sca	Peeing poop
4940	うままけ		Good luck
4941	うにゅぱい		Unyupai
4942	うどんげ		Udonge
4943	うっ血		congestion
4944	うちのねこが女の子でかわいい		My cat is a girl and cute
4945	うずまきナルト	©	naruto uzumaki
4946	いとこ		cousin
4947	いっぱい出たね	cum	A lot came out.
4948	いただきっ!セーエキ♥		Itadaki! Seeki♥
4949	いい顔		nice face
4950	いい表情		nice expression
4951	あわ家		Awaya
4952	あわch		Bubble ch
4953	あやね(DOA)	©	Ayane (DOA)
4954	あへ顔		Ahegao
4955	あなるビッチギャルシリーズ		Anaru Bitch Gal Series
4956	あなる	©	Anaru
4957	あずまんが大王	©	Azumanga Daioh
4958	あぐら縛り		cross-legged tied
4959	あくあーと		Aquarium
4960	【pixivスワッピング】		[pixiv swapping]
4961	♀R-18		♀R-18
4962	№38	©	№38
4963	zbrush		zbrush
4964	zani		zani
4965	yuri	not_solo yuri	yuri
4966	yidhari		yidhari
4967	watersports	uro	watersports
4968	wapeachfanart	©	wapeachfanart
4969	vup		vup
4970	vocaloid	©	vocaloid
4971	virt_a_mate		virt_a_mate
4972	vam		vam
4973	v-tuber		v-tuber
4974	usersタグ整理推奨		User tag organization recommended
4975	uroboros		uroboros
4976	underwear		underwear
4977	uncensored		uncensored
4978	twintails		twintails
4979	transfur		transfur
4980	tomboy_slut		tomboy_slut
4981	tifalockhart	©	tifalockhart
4982	tentacle		tentacle
4983	tcg		tcg
4984	swimsuit	swim	swimsuit
4985	streetfighter		streetfighter
4986	splatoon	tm	splatoon
4987	solo		solo
4988	snowbreak		snowbreak
4989	small_breasts	tit	small_breasts
4990	sm		sm
4991	slut		slut
4992	skyrim		skyrim
4993	shotacon		shotacon
4994	shota		shota
4995	shortstack		shortstack
4996	shantae		shantae
4997	shame		shame
4998	selfpiss	uro	selfpiss
4999	sasami_masaki_jurai		sasami_masaki_jurai
5000	salmon88		salmon88
5001	rosa	©	rosa
5002	robin	©	robin
5003	rkgk	content	rkgk
5004	riskyboots	©	riskyboots
5005	pvc		pvc
5006	poop	sca	poop
5007	play		play
5008	pixivSakuraFestival2024	content	pixivSakuraFestival2024
5009	pixivGlowEffect	content	pixivGlowEffect
5010	pissdrinking	uro mouth	pissdrinking
5011	photonlanccer		photonlanccer
5012	oral	mouth	oral
5013	onepiece		onepiece
5014	ohyeeeeeah		ohyeeeeeah
5015	oc	oc	oc
5016	nurse		nurse
5017	nipples	nip	nipples
5018	nipplefuck	nip insert	nipplefuck
5019	nipple	nip	nipple
5020	nemona	©	nemona
5021	monith		monith
5022	momoayase	©	momoayase
5023	misty	©	misty
5024	miko_Art		miko_Art
5025	messy		messy
5026	mei		mei
5027	mari		mari
5028	maimai		maimai
5029	maid		maid
5030	machine		machine
5031	loona		loona
5032	lingerie		lingerie
5033	konosuba		konosuba
5034	knight		knight
5035	kemono		kemono
5036	iono		iono
5037	illustration		illustration
5038	howler		howler
5039	honeyselect	tm	honeyselect
5040	honey_select	tm	honey_select
5041	hairy		hairy
5042	godletter		godletter
5043	glasses		glasses
5044	girlsfrontline	tm	girlsfrontline
5045	giantess		giantess
5046	gaolukchup		gaolukchup
5047	finalfantasy	tm	finalfantasy
5048	ff14	tm	ff14
5049	fern		fern
5050	f/go		f/go
5051	eula		eula
5052	eternal_return		eternal_return
5053	epis		epis
5054	dushiliren		dushiliren
5055	dress		dress
5056	doaxvv	tm	doaxvv
5057	dnf		dnf
5058	digimon		digimon
5059	defeated		defeated
5060	dead_or_alive	tm	dead_or_alive
5061	darkskin		darkskin
5062	darkmagiciangirl	©	darkmagiciangirl
5063	cumdump	cum	cumdump
5064	cumbath	cum	cumbath
5065	cryptidcuties		cryptidcuties
5066	cowgirl		cowgirl
5067	comic1☆6		comic1☆6
5068	cloud		cloud
5069	character		character
5070	cartoon		cartoon
5071	c93	event	c93
5072	c88	event	c88
5073	c87	event	c87
5074	bukkake		bukkake
5075	breasts	tit-	breasts
5076	breast_amputation	tit	breast_amputation
5077	blondehair		blondehair
5078	blackhair		blackhair
5079	bea		bea
5080	azazel		azazel
5081	ayasemomo	©	ayasemomo
5082	ass	ass-	ass
5083	armpits	armpit-	armpits
5084	armpithair	armpit-	armpithair
5085	armpitfocus	armpit-	armpitfocus
5086	armpitfetish	armpit-	armpitfetish
5087	animegirl		animegirl
5088	animal_crossing	tm	animal_crossing
5089	anal	anus	anal
5090	ade		ade
5091	Zentreya	©	Zentreya
5092	Y型の谷間		Y-shaped cleavage
5093	Yunli		Yunli
5094	YorForger		YorForger
5095	YodayoAI		YodayoAI
5096	YURI	not_solo yuri	YURI
5097	YUA		YUA
5098	Widowmaker		Widowmaker
5099	Wapeachmario	©	Wapeachmario
5100	Wapeach	©	Wapeach
5101	Waluigi	©	Waluigi
5102	WORKING!!		WORKING!!
5103	Vulcan		Vulcan
5104	VVV		VVV
5105	VS騎士ラムネ&40FRESH		VS Knight Ramune & 40FRESH
5106	VIPER-GTS		VIPER-GTS
5107	U.N.おっぱい	tit	U.N. boobs
5108	Tシャツ		T-shirt
5109	Taihou		Taihou
5110	TCG		TCG
5111	Sweety	©	Sweety
5112	Stellar_Blade		Stellar_Blade
5113	Snowbreak		Snowbreak
5114	Skirk		Skirk
5115	Silvervale		Silvervale
5116	SiNiSistar2		SiNiSistar2
5117	SiNiSistar		SiNiSistar
5118	Sexyビーチプレミアムリゾート		Sexy Beach Premium Resort
5119	Sereniel		Sereniel
5120	SeeU		SeeU
5121	SWORDGIRLS		SWORDGIRLS
5122	STREETFIGHTER		STREETFIGHTER
5123	SBPR		SBPR
5124	RuanMei		RuanMei
5125	Rita	©	Rita
5126	Renamon	©	Renamon
5127	Rebecca	©	Rebecca
5128	RaoraPanthera		RaoraPanthera
5129	RWBY		RWBY
5130	RPG		RPG
5131	RIP		RIP
5132	RESIDENTEVIL		RESIDENTEVIL
5133	R15	content	R15
5134	QURARE	tm	QURARE
5135	QB		QB
5136	Pulchra		Pulchra
5137	PixelArt	art_style	PixelArt
5138	Painting		Painting
5139	P4		P4
5140	Oバック		O back
5141	OrangeMix		OrangeMix
5142	OVERWATCH	tm	OVERWATCH
5143	OPPAI	tit	OPPAI
5144	Ningguang		Ningguang
5145	Nemona	©	Nemona
5146	Naifu		Naifu
5147	NJXAボディ		NJXA body
5148	MyLittlePony	tm	MyLittlePony
5149	MtUウィルス		MtU virus
5150	Misty	©	Misty
5151	Miqo'te		Miqo'te
5152	Milking	milk	Milking
5153	MikuMikuDance		MikuMikuDance
5154	Mercy	©	Mercy
5155	Marionintendo	©	Marionintendo
5156	Mario	©	Mario
5157	March7th		March7th
5158	MHA		MHA
5159	Luxury_Handle		Luxury_Handle
5160	Lostark		Lostark
5161	Lola_Bunny	©	Lola_Bunny
5162	LoL	tm	LoL
5163	LiLiTH		LiLiTH
5164	Lettanya		Lettanya
5165	Lauma		Lauma
5166	KilllaKill	tm	KilllaKill
5167	Katarina	©	Katarina
5168	Kafka	©	Kafka
5169	KOS-MOS	©	KOS-MOS
5170	Jinhsi		Jinhsi
5171	Jingliu		Jingliu
5172	I字開脚		I-shaped legs
5173	Itsumi		Itsumi
5174	Illustration		Illustration
5175	Illusion		Illusion
5176	HuTao		HuTao
5177	HoshimiMiyabi	©	HoshimiMiyabi
5178	Honoka	©	Honoka
5179	HiiragiUtena	©	HiiragiUtena
5180	Hentai		Hentai
5181	Helluvaboss		Helluvaboss
5182	HatsuneMiku	©	HatsuneMiku
5183	Halloween		Halloween
5184	HUNTER×HUNTER	tm	HUNTER×HUNTER
5185	HUGっと!プリキュア		HUGtto! Precure
5186	HALLOWEEN		HALLOWEEN
5187	Guro	guro	Guro
5188	Grassgard		Grassgard
5189	GoudenLeeuw		GoudenLeeuw
5190	Girlsfrontline	tm	Girlsfrontline
5191	GE		GE
5192	GBF		GBF
5193	G41		G41
5194	G2F		G2F
5195	G28(ドールズフロントライン)	©	G28 (Dolls Frontline)
5196	Firefly		Firefly
5197	Femdom		Femdom
5198	Feixiao		Feixiao
5199	Fate/Requiem盤上遊戯黙示録	tm	Fate/Requiem Board Game Apocalypse
5200	Fate/Requiem	tm	Fate/Requiem
5201	FFT	tm	FFT
5202	FF10	tm	FF10
5203	FEMDOM		FEMDOM
5204	Evelynn	©	Evelynn
5205	Eve		Eve
5206	Evangelion	tm	Evangelion
5207	Eula		Eula
5208	Elesis		Elesis
5209	Egypt		Egypt
5210	Ecchi		Ecchi
5211	EVA	tm	EVA
5212	EUDETENIS		EUDETENIS
5213	DemonSlayer		DemonSlayer
5214	Delia		Delia
5215	Debreasting	tit	Debreasting
5216	DQ6	tm	DQ6
5217	DQ4	tm	DQ4
5218	DOAX	tm	DOAX
5219	DEADOARALIVE	tm	DEADOARALIVE
5220	DARLINGintheFRANXX		DARLINGintheFRANXX
5221	CyberpunkEdgerunners		CyberpunkEdgerunners
5222	CreampieCollege		CreampieCollege
5223	Cipher		Cipher
5224	Chun-Li	©	Chun-Li
5225	ChenQianyu	©	ChenQianyu
5226	Changli	©	Changli
5227	Cartethyia		Cartethyia
5228	Carlotta		Carlotta
5229	COMIC1☆9		COMIC1☆9
5230	COMIC1☆7		COMIC1☆7
5231	COMIC1☆16		COMIC1☆16
5232	COMIC1☆15		COMIC1☆15
5233	C98	event	C98
5234	C106	event	C106
5235	C104	event	C104
5236	Burnice	©	Burnice
5237	Briar		Briar
5238	Bowsette	©	Bowsette
5239	Bondage	bond	Bondage
5240	BlackSurvival		BlackSurvival
5241	Belle	©	Belle
5242	Beheneko		Beheneko
5243	Beautiful		Beautiful
5244	BAN装甲		BAN armor
5245	AスカとAヤナミ		A Ska and A Yanami
5246	Ayaka	©	Ayaka
5247	Ass	ass-	Ass
5248	Animation		Animation
5249	Ani(Grok)	©	Ani(Grok)
5250	Anchorage	©	Anchorage
5251	AldhaRoku		AldhaRoku
5252	Aerith		Aerith
5253	AV女優		AV actress
5254	ASMR		ASMR
5255	6期猫娘		6th generation cat girl
5256	2LDKオナペット可		2LDK Onapet possible
5257	2.5次元の誘惑		2.5 dimensional temptation
5258	10点じゃ足りない		10 points is not enough
5259	(ﾟ∀ﾟ)o彡゜おっぱい!おっぱい!	tit	(ﾟ∀ﾟ)o彡゜Boobs!Boobs!
5260	ﾘﾘﾑ		Lim
5261	ﾓｯﾄﾚﾝｻｲｼｦﾄﾙﾉﾃﾞｽ!		Motto-rensaitotornodesu!
5262	ﾊﾟｽﾞｽﾞ		Pass
5263	ｷﾏｼﾀﾜｰ		Kimashita Tower
5264	후배위		junior position
5265	핑거링		fingering
5266	포켓몬	©	pokemon
5267	트릭컬		trick curl
5268	테티스		Thetis
5269	코미		Comey
5270	젖꼭지	nip	nipple
5271	장리		jangli
5272	자위	mast	masturbating
5273	이세계무역관		Another World Trade Center
5274	이리나		Irina
5275	음란여우		lewd fox
5276	유사근친		Similar close relatives
5277	오네쇼타		Oneshota
5278	에키드나		echidna
5279	에르핀		Erpin
5280	애액		love juice
5281	소울워커		Soul Worker
5282	소나		sonar
5283	세크메트		Sekhmet
5284	세이렌		siren
5285	블루아카이브	©	Blue Archive
5286	버터		butter
5287	바리		bari
5288	미래		future
5289	문신		tattoo
5290	모나		Mona
5291	만취한오박사		Dr. Oh is drunk
5292	럭스		lux
5293	던전앤파이터		Dungeon & Fighter
5294	다크엘븐포레스트레인저		Dark Elven Forest Ranger
5295	나이트		knight
5296	龙舌兰		Lóng shé lán
5297	龙娘		Dragon Girl
5298	龙		Dragon 
5299	龍虎の拳		Art of Fighting
5300	龍田改二		Tatsuta Kai Ni
5301	龍		Dragon
5302	鼻責め		Nose Torture
5303	鼻毛		Nose Hair
5304	鼻射	cum	Ejaculating in the Nose
5305	鼻上被せ猿轡		Gag Covering the Nose
5306	鼻タバコ		Smoking in the Nose
5307	鼻にタバコ		Smoking in the Nose
5308	鼠径部		Groin
5309	黛冬優子		Mayuzumi Fuyuko
5310	黒髪ツインテール		Black Twin Tails
5311	黒髪セミロング		Black Semi-Long Hair
5312	黒騎れい		Kuroki Rei
5313	黒須あろま		Kurosu Aroma
5314	黒雪姫		Kuroyukihime
5315	黒谷ヤマメ		Kurotani Yamame
5316	黒見セリカ		Kuromi Serika
5317	黒衣マト		Kuroi Mato
5318	黒舘ハルナ(体操服)	©	Kurodate Haruna (Gym Uniform)
5319	黒神めだか		Kurokami Medaka
5320	黒白目		Black White Eyes
5321	黒痴女様		Black Slut
5322	黒田官兵衛		Kuroda Kanbei
5323	黒獣2		Black Beast 2
5324	黒澤ルビィ		Kurosawa Ruby
5325	黒水着	swim	Black Swimsuit
5326	黒柳ルリ子		Kuroyanagi Ruriko
5327	黒星紅白		Kuroboshi Kohaku
5328	黒川あかね		Kurokawa Akane
5329	黒岩メダカに私の可愛いが通じない		My Cuteness Doesn't Get Through to Kuroiwa Medaka
5330	黒埼ちとせ		Kurosaki Chitose
5331	黒乳首/長乳首/乳首ピアス/ぶっともも/ガバマン	pussy nip pierc	Dark nipples / Long nipples / Nipple piercings / Thick thighs / Gap pussy
5332	黒パンスト		Black Pantyhose
5333	黒ニーソックス		Black Knee-High Socks
5334	黒ニーソ		Black Knee-Highs
5335	黒チンポ	dick	Black Penis
5336	黒セーラー		Black Sailor
5337	黒サンタ		Black Santa
5338	黒い肌		Black Skin
5339	黒い砂漠		Black Desert
5340	黑裤袜		Black Pantyhose
5341	黑皮		Black Skin
5342	黑塔		Black Tower
5343	黑兽		Black Beast
5344	黑丝袜		Black Stockings
5345	黍		Millet
5346	黄金風呂		Golden Bath
5347	黄色ビキニ	swim	Yellow Bikini
5348	黄肌		Yellow Skin
5349	黄瀬やよい		Kise Yayoi
5350	黄瀬ちはる		Kise Chiharu
5351	黄泉(スターレイル)	©	Yomi (Star Rail)
5352	黄泉		Yomi
5353	麻薬		Drugs
5354	麻生優子		Asou Yuuko
5355	麻宮アテナ		Asamiya Athena
5356	麻乃まの		Asano Mano
5357	麦わら帽子		Straw Hat
5358	麦わらの一味		Straw Hat Pirates
5359	麗王(閃乱カグラ)	©	Reiou (Senran Kagura)
5360	鹿鼎記		The Deer and the Cauldron
5361	鹿野千夏		Kano Chinatsu
5362	鹿島(艦これ)	©	Kashima (Kantai Collection)
5363	鹿娘		Deer Girl
5364	鹿倉胡桃		Shikakura Kurumi
5365	鸦芽乐		Karamega
5366	鷹嶺ルイ		Takamine Rui
5367	鷲見セリナ		Washimi Serina
5368	鷲掴みアーマー		Eagle Grab Armor
5369	鶸村ひより		Hiwamura Hiyori
5370	鶴姫しずか		Tsuruhime Shizuka
5371	鳴瀬しろは		Naruse Shiroha
5372	鳥海(アズールレーン)	©	Choukai (Azur Lane)
5373	鳥海		Toriumi
5374	鰐渕アカリ		Wanibuchi Akari
5375	鮮血(キルラキル)	©	Senketsu (Kill la Kill)
5376	魯蛋		Rudan
5377	魔装学園H×H		Magical Academy HxH
5378	魔術師		Magician
5379	魔胎都市		Demon Womb City
5380	魔神セイバー		Demon God Saber
5381	魔理沙		Marisa
5382	魔王(ステラソラ)	©	Demon King (Stella Sora)
5383	魔獣ネコマタ		Demon Beast Nekomata
5384	魔物の女の子		Monster Girl
5385	魔法晶女エトワリオン		Magical Crystal Girl Etowarion
5386	魔法少女マーテルレア		Magical Girl Materrea
5387	魔法少女ノ魔女裁判		Magical Girl Witch Trial
5388	魔法少女セレスフォニア		Magical Girl Ceresphonia
5389	魔法少女アドレセント・レモン		Magical Girl Adolescent Lemon
5390	魔法少女アドレセント・ピーチ		Magical Girl Adolescent Peach
5391	魔法少女アイ		Magical Girl Ai
5392	魔法少女かずさ		Magical Girl Kazusa
5393	魔法使いの嫁		The Ancient Magus' Bride
5394	魔法使いと黒猫のウィズ		The Wizard and the Black Cat's Wiz
5395	魔法使い		Wizard
5396	魔法のオナホ		Magical Onahole
5397	魔法		Magic
5398	魔弾の王と戦姫		The King of the Magic Bullets and the War Princess
5399	魔弾のレムリア		Lemuria of the Magic Bullet
5400	魔女フィグネリア		Witch Figneria
5401	魔女っ娘		Witch Girl
5402	魔境のサージェント		Sergeant of the Demon Realm
5403	魔兽		Demon Beast
5404	魎呼		Ryouko
5405	魅蘭様		Miran-sama
5406	魅惑地笑		Enchanting Earth Smile
5407	魅惑の高解像度		Enchanting High Resolution
5408	魅惑の脇		Enchanting Armpit
5409	魅惑の尻	ass	Enchanting Butt
5410	鬼龍院皐月		Kiryuuin Satsuki
5411	鬼道三人衆		The Three Demons
5412	鬼滅系女子		Demon Slayer-type Girl
5413	鬼滅のアイドル		Demon Slayer Idol
5414	鬼作		Oni-saku
5415	鬱くしい		Beautiful Depression
5416	髮コキ	hair-	Hair Flicking
5417	髪型チェンジ		Hairstyle Change
5418	高马尾		High Horse Tail
5419	高雄生誕祭2016		Takao Birthday Celebration 2016
5420	高雄姉妹		Takao Sisters
5421	高雄(艦隊これくしょん)	©	Takao (Fleet Collection)
5422	高跟鞋		High Heels
5423	高画質		High Quality
5424	高海千歌		Takami Chika
5425	高橋留美子		Takahashi Rumiko
5426	高手小手		High Hand and Small Hand
5427	高嶺愛花		Takamine Manaka
5428	高山マリア		Takayama Maria
5429	高山ケイト		Takayama Kate
5430	高坂麗奈		Kosaka Reina
5431	高坂海美		Kosaka Umi
5432	高円寺沙由香		Koenji Sayuka
5433	骸骨騎士様不在ルート		Skeleton Knight Absence Route
5434	骸骨騎士様、只今異世界へお出掛け中		Skeleton Knight is currently on a trip to another world
5435	骸骨		Skeleton
5436	骨格		Skeleton
5437	骨		Bone
5438	驚きの白さ		Surprising Whiteness
5439	騎乗位カーテン		Cowgirl Position Curtain
5440	駅		Station
5441	馬車		Carriage
5442	馬尾		Horse Tail
5443	馬姫		Horse Princess
5444	香澄真昼		Kasumi Mahiru
5445	香月ナナ		Kozuki Nana
5446	香山水依		Mizue Kayama
5447	香奈美		Kanami
5448	香坂しぐれ		Kosaka Shigure
5449	香取		Katori
5450	首輪とリード		Collar and leash
5451	首輪とおっぱい	tit	Collar and boobs
5452	首絞めックス		Choking sex
5453	饅頭(アズールレーン)	©	Manjuu (Azur Lane)
5454	餓狼伝説シリーズ		Fatal Fury series
5455	養豚場の豚を見るような目		Looking at pigs in a pig farm
5456	飼育員		Animal caretaker
5457	飼育		Raising
5458	飼われる	pet	Being kept as a pet
5459	飴村キアラ		Chiara Amemura
5460	飲酒		Drinking alcohol
5461	飲ザー	cum	Drinking cum
5462	飲み過ぎ		Drinking too much
5463	飯野水葉		Mizuha Iino
5464	飢餓の悪魔		Devil of hunger
5465	食育		Food education
5466	食物挿入	insert	Food insertion
5467	食器系女子		Girl who uses tableware
5468	食人		Cannibalism
5469	食事しながら排泄		Excreting while eating
5470	食カス		Food scraps
5471	食い込みマン		Inserting man
5472	飛鷹(艦隊これくしょん)	©	Hiyō (Fleet Collection)
5473	飛鷹		Hiyou
5474	飛鳥馬トキ(バニーガール)	©	Toki Asukama (Bunny Girl)
5475	飛鳥馬トキ		Toki Asukauma
5476	飛鳥(閃乱カグラ)	©	Asuka (Senran Kagura)
5477	風雲(艦隊これくしょん)	©	Fūun (Fleet Collection)
5478	風雲		Wind and clouds
5479	風間飛鳥		Asuka Kazama
5480	風車		Windmill
5481	風船陵辱		Balloon humiliation
5482	風紀委員会(ブルーアーカイブ)	©	Disciplinary Committee (Blue Archive)
5483	風紀委員		Disciplinary committee member
5484	風来のシレンGB2砂漠の魔城		Shiren the Wanderer GB2: Desert Castle
5485	風村京子		Kyoko Kazemura
5486	風呂場		Bathroom
5487	風呂ション	uro	Bath urination
5488	風呂あがり		After bath
5489	風俗嬢		Prostitute
5490	顔面破壊		Facial destruction
5491	顔面凌辱		Facial humiliation
5492	顔面パンチ		Face punch
5493	顔芸		Facial acting
5494	顔パンチ		Face punch
5495	顔ズリ		Face rubbing
5496	顔をうずめたい尻		Ass I want to bury my face in
5497	顏射	cum	Facial cumshot
5498	頼光ママ		Yorimitsu Mama
5499	頭鷲掴み		Head grabbed
5500	頭に手		Hand on head
5501	頬染め		Blushing cheeks
5502	預言者現る		A prophet appears
5503	須藤育		Sudo Iku
5504	響木アマネ		Hibiki Amane
5505	響咲リオナ		Hibiki Riona
5506	響レン		Hibiki Ren
5507	響		Hibiki
5508	音楽ツクールかなでーる		Music Maker Kanadeeru
5509	音声サンプル		Voice sample
5510	音ゲー		Rhythm game
5511	鞭責め		Whipping
5512	鞭でしばいてくださいorz		Please whip me orz
5513	鞘合わせ		Sheath clash
5514	革命機ヴァルヴレイヴ		Valvrave the Liberator
5515	静山マシロ		Shizuyama Mashiro
5516	青髪ショート		Short blue hair
5517	青痣		Blue bruise
5518	青木楓		Aoki Kaede
5519	青木れいか		Aoki Reika
5520	青春之箱		Youth Box
5521	青春ブタ野郎シリーズ		Rascal Does Not Dream of Bunny Girl Senpai series
5522	青春ブタ野郎はバニーガール先輩の夢を見ない		Rascal Does Not Dream of Bunny Girl Senpai
5523	青師団高校		Blue Division High School
5524	青山作品		Aoyama's works
5525	青发		Blue hair
5526	青バニー		Blue bunny
5527	青のルピカ		Blue Rupika
5528	青いスカート		Blue skirt
5529	露出女		Exhibitionist woman
5530	露出オナニー	expose mast	Exhibitionist masturbation
5531	霧切響子		Kirigiri Kyouko
5532	霞		Kasumi
5533	霜叶		Shimoha
5534	霍青娥		Kaku Seiga
5535	霊魂潮汐		Reikon Shioshio
5536	霊幻艦船新春夜		Reigen Kansen Shinshunyo
5537	電話ボックス		Telephone booth
5538	電烙鐵		Denrakutetsu
5539	電流		Current
5540	電気ショック		Electric shock
5541	電気あんま		Electric massage
5542	電気		Electricity
5543	電撃ピカチュウ		Dengeki Pikachu
5544	雷電芽衣		Raiden Mei
5545	雷電		Raiden
5546	雷神将军		Raijin Shogun
5547	雷神バアル		Raijin Baal
5548	雷煉		Rairen
5549	零姫		Reihime
5550	雲龍		Kumoryu
5551	雲菫		Kumon Sumire
5552	雲居一輪		Kumoi Ichirin
5553	雲なの		Kumonano
5554	雫(逃げ上手の若君)	©	Shizuku (Nigejou no Wakagimi)
5555	雪風(艦隊これくしょん)	©	Yukikaze (Fleet Collection) )
5556	雪音クリス		Yukine Chris
5557	雪泉(閃乱カグラ)	©	Yumi (Senran Kagura)
5558	雪景色		Snowy landscape
5559	雪山素女		Snowy mountain girl
5560	雪山		Snowy mountain
5561	雪女(虚構推理)	©	Yuki-onna (Kyokou Suiri)
5562	雪女		Snow woman
5563	雪乃宮樹菜		Yukinomiya Juna
5564	雪		Snow
5565	雨衣		Amei
5566	雨海ルカ		Ameumi Luka
5567	難波笑美		Nanba Emi
5568	離島棲鬼		Island Dwelling Demon
5569	離れ乳	tit	Separated Breasts
5570	雛		Chick
5571	雑誌表紙		Magazine Cover
5572	雑にいく		Going Roughly
5573	雌豚幽々子調教録		Female Pig Yuyuko Training Record
5574	雌豚		Female Pig
5575	雌牛		Female Cow
5576	雌シリンダー		Female Cylinder
5577	雅音		Masane
5578	雅夢の白浜		Yamu's Shirahama
5579	隼鷹(艦隊これくしょん)	©	Jun'yō (Fleet Collection)
5580	隣人		Neighbor
5581	隠者		Hermit
5582	隠リン		Hidden Rin
5583	隙パン		Gap Panties
5584	隐德来希		Yindlaiki
5585	階段		Stairs
5586	陸戦型ゲルググ		Ground Type Gelgoog
5587	陸上		Land
5588	陰陽騎士トワコ		Yin-Yang Knight Towako
5589	陰毛/腋毛/受精		Pubic Hair/Armpit Hair/Fertilization
5590	陥没チクビ	nip	Inverted Nipples
5591	阿黑颜		black face
5592	阿賀野型むちむちフェスティバル		Agano-type Plump Festival
5593	阿賀野		Agano
5594	阿良々木月火		Araragi Tsukihi
5595	阿狸		Ayanuki
5596	阿武隈		Abukuma
5597	阿尔托利亚·潘德拉贡		Artoria Pendragon
5598	阴环		Yin Ring
5599	闘技場		Arena
5600	闇の守護者ルカ		Guardian of Darkness Luka
5601	間違った育ち方をした橙		Chen who was raised incorrectly
5602	間桐慎二		Matou Shinji
5603	間宮(艦隊これくしょん)	©	Mamiya (Fleet Collection)
5604	間宮		Mamiya
5605	開腹		Abdomen opening
5606	開胸		Chest opening
5607	開発済み		Developed
5608	開口器具	mouth	Mouth opening device
5609	開口器/ピアス/首輪/飲尿/ぶっかけ	cum uro mouth pierc	Mouth gag / Piercing / Collar / Urine drinking / Cumshot
5610	開口	mouth	Mouth opening
5611	长期素世		Long-term Soyo
5612	长崎爽世		Nagasaki Soyo
5613	長髪化		Long hair transformation
5614	長靴をはいた猫		Puss in Boots
5615	長靴		Boots
5616	長門/山城/島風/雪風/愛宕/天龍		Nagato/Yamashiro/Shimakaze/Yukikaze/Atago/Tenryu
5617	長門(艦隊これくしょん)	©	Nagato (Fleet Collection)
5618	長門		Nagato
5619	長身女性		Tall woman
5620	長良		Nagara
5621	長編		Long story
5622	長波		Long wave
5623	長時間放尿	uro	Prolonged urination
5624	長崎そよ		Nagasaki Soyo
5625	長チン	dick	Long penis
5626	锻炼		Exercise
5627	锐锐		RuiRui
5628	铸铁		Cast Iron
5629	银狼		Silver Wolf
5630	铃兰喵		Lily of the Valley Cat
5631	铃		Bell
5632	铁血工造		Iron-blooded manufacturing
5633	钼铅		Mù qiān
5634	鏡黒		Mirror Black
5635	鏡音レン		Kagamine Len
5636	鏡音リンV4X		Kagamine Rin V4X
5637	鏡流		Mirror Style
5638	鏡の御巫ニニ		Mirror Priestess Nini
5639	鏡に映る女の子		Girl reflected in the mirror
5640	鏡		Mirror
5641	鎧甲		Armor
5642	鎖拘束		Chain restraint
5643	鍵村葉月		Hazuki Kagemura
5644	録画		Recording
5645	錫杖		Staff
5646	鋼鉄少女		Steel Girl
5647	銀魂		Gintama
5648	銀髪ツインテール		Silver-haired twin tails
5649	銀狼(スターレイル)	©	Ginrou (Star Rail)
5650	銀河お嬢様伝説ユナ2		Galaxy Princess Legend Yuna 2
5651	銀杏		Ginkgo
5652	銀創竜かまかま		Ginso Ryu Kamakama
5653	鉄骨		Steel frame
5654	鉄拳7		Tekken 7
5655	鈴鹿御前〔サマバケ〕		Suzuka Gozen [Summer Vacation]
5656	鈴鹿御前(水着)	swim ©	Suzuka Gozen (swimsuit)
5657	鈴鹿御前		Suzuka Gozen
5658	鈴谷(艦隊これくしょん)	©	Suzuya (Fleet Collection)
5659	鈴好きのﾌﾞﾚｴﾄﾞ		Blade of a Bell Lover
5660	鈴仙		Reisen
5661	鈴乃木凜		Rin Suzunoki
5662	鈴乃木凛		Rin Suzunoki
5663	鈴		Bell
5664	釣り		Fishing
5665	釘刺し	pierc	Nail piercing
5666	釘		Nail
5667	金髮		Golden hair
5668	金髪縦ロール		Blonde vertical curls
5669	金髪ボブ		Blonde bob
5670	金髪ギャル		Blonde gal
5671	金色ビキニ	swim	Golden bikini
5672	金瓶梅		Jin Ping Mei
5673	金毛白面九尾		Golden-haired white-faced nine-tailed fox
5674	金森麗子		Kanamori Reiko
5675	金森まりあ		Kanamori Maria
5676	金属拘束		Metal restraint
5677	金太郎		Kintaro
5678	金園優理奈		Kanazono Yurina
5679	金剛阿含		Kongo Agon
5680	金剛(艦隊これくしょん)	©	Kongō (Fleet Collection)
5681	金ビキニ	swim	Gold bikini
5682	野生のラスボスが現れた!		A wild final boss has appeared!
5683	野球		Baseball
5684	野外撮影		Outdoor filming
5685	野外プレイ		Outdoor play
5686	野外オナニー	expose mast	Outdoor masturbation
5687	重騎士プリメラ		Heavy knight Primera
5688	重巡		Heavy cruiser
5689	重乳	tit	Heavy boobs
5690	里中サツキ		Satonaka Satsuki
5691	酢豚		Sweet and sour pork
5692	酒呑童子(キャスター)	©	Shuten-doji (Caster)
5693	配布		Distribution
5694	配信者		Streamer
5695	都市		City
5696	部活女子		Club girl
5697	部屋着		Loungewear
5698	郁田はるき		Haruki Ikuta
5699	邪ンヌ		Jeanne d'Arc
5700	避孕套		Contraceptive Condom
5701	遺物挿入	insert	Artifact Insertion
5702	遠藤サヤ		Saya Endo
5703	遠山りん		Rin Toyama
5704	遠坂葵		Aoi Tohsaka
5705	道着		Martial Arts Uniform
5706	道化師		Jester
5707	道具		Tools
5708	運命シンフォニック		Fate Symphonic
5709	運動部		Sports Club
5710	遊戯王女キャラ		Yu-Gi-Oh! Female Characters
5711	遊戯王ラッシュデュエル		Yu-Gi-Oh! Rush Duel
5712	遊戯王デュエルモンスターズ		Yu-Gi-Oh! Duel Monsters
5713	遊戯王ZEXAL		Yu-Gi-Oh! ZEXAL
5714	遊戯王SEVENS		Yu-Gi-Oh! SEVENS
5715	遊び人		Playboy
5716	遊☆戯☆王		Yu-Gi-Oh!
5717	連装砲ちゃん		Twin-barreled Cannon-chan
5718	連れ子		Stepchild
5719	速やかに出しました		I Released Quickly
5720	透视		X-ray
5721	透視図法		Perspective Projection
5722	透明フェラ	mouth dick	Transparent Fellatio
5723	透け陰毛		See-through pubic hair
5724	透け濡れ		See-through wetness
5725	透け乳	tit	See-through breasts
5726	透けパン		See-through panties
5727	透けシャツ		See-through shirt
5728	透けまくり		Completely see-through
5729	透けてない乳首	nip	Not-see-through nipples
5730	透けすじ		See-through cleavage
5731	逆転裁判		Ace Attorney
5732	逆襲		Counterattack
5733	逆海老縛り		Reverse Shrimp Binding
5734	逆座り		Sitting Upside Down
5735	逆天鲨鱼头		Reverse Shark Head
5736	逆兔女郎		Reverse Bunny Girl
5737	逆ハニートラップ		Reverse Honey Trap
5738	逆さフェラ	mouth dick	Upside Down Fellatio
5739	逆さキス		Upside Down Kiss
5740	逃脱		Escape
5741	逃げ上手の若君		The Young Lord Who's Good at Running Away
5742	迷迭香		Medetiko
5743	迷彩服		Camouflage Suit
5744	迷宮ブラックカンパニー		Labyrinth Black Company
5745	迫真琴		Sako Makoto
5746	迪奥娜		Diona
5747	迦楼羅王		Garuda King
5748	连体丝袜		Pantyhose
5749	远牙		Distal teeth
5750	近衛隊長エリナ		Imperial Guard Captain Erina
5751	近江彼方生誕祭2020		Konoe Kanata Birthday Celebration 2020
5752	运动		sports
5753	迎え舌	tongue	Welcoming Tongue
5754	辰年		Year of the Dragon
5755	轮廓		contour
5756	輪換		Rinne
5757	輪廻のラグランジェ		Lagrange: The Flower of Rinne
5758	輝くプリズム_キミに夢中!		Shining Prism_I'm Crazy About You!
5759	輝きの向こう側へ!		Beyond the Radiance!
5760	軽巡どころか従順		Not just a light cruiser, but obedient
5761	転生王女と天才令嬢の魔法革命		The Reincarnated Princess and the Genius Young Lady's Magical Revolution
5762	転生したらスライムだった件		That Time I Got Reincarnated as a Slime
5763	転スラ		That Time I Got Reincarnated as a Slime
5764	軟体		Flexibility
5765	軍艦娘		Battleship girl
5766	車止め		War stopper
5767	車内		Inside of car
5768	車		Car
5769	身体改造		Body modification
5770	蹂躙		Violation
5771	踩奶	milk	kneading milk
5772	踏んでください		Please step on me
5773	踏み潰してください		Please trample me
5774	踊り子の服		Dancer's outfit
5775	跳蛋		Victim
5776	距離感		Sense of distance
5777	足蹴		Kick
5778	足跡		Footprints
5779	足裹		Footwear
5780	足臭		Foot odor
5781	足の指		Toes
5782	足くぱぁ		Spread feet
5783	超高校級のおっぱい	tit	Super high school level boobs
5784	超絶放置の主人公		Super neglected protagonist
5785	超爆乳忍者未来		Super busty ninja Mirai
5786	超次元ゲイムネプテューヌmk2		Hyperdimension Neptunia mk2
5787	超次元ゲイムネプテューヌ		Hyperdimension Neptunia
5788	超根		Super root
5789	超昴閃忍ハルカ		Super-powered flashing ninja Haruka
5790	超昴大戦		Super-powered war
5791	超昂閃忍ハルカ		Super-powered flashing ninja Haruka
5792	超昂天使エスカレイヤー		Super-powered angel Escalayer
5793	超昂大戦		Super-powered war
5794	超弩級おっぱい	tit	Super-dreadnought boobs
5795	超人高校生たちは異世界でも余裕で生き抜くようです!		Superhuman high school students seem to be able to survive easily even in another world!
5796	赤鼻追加希望		Red nose added (request)
5797	赤髪ポニーテール		Red ponytail
5798	赤髪ツインテール		Red twin tails
5799	赤肌		Red skin
5800	赤城乳業		Akagi Dairy
5801	赤城(艦隊これくしょん)	©	Akagi (Fleet Collection)
5802	赤城(アズールレーン)	©	Akagi (Azur Lane)
5803	赤咲みいな		Akasaki Miina
5804	赤名累		Akana Rui
5805	赤セイバー		Red Saber
5806	赤ずきんチャチャ		Red Riding Hood Chacha
5807	赤い衣装		Red outfit
5808	赤い少女		Red girl
5809	赤い下着		Red underwear
5810	赛尔号		Sairugo
5811	败北		Defeat
5812	贝蕾亚		Belleia
5813	賽蓮		Sairen
5814	賭ケグルイ		Kakegurui
5815	質感に定評のあるマナ		Mana, known for its high-quality texture
5816	賢者タイム		Post-coital clarity
5817	賀陽燐羽		Kayou Rinha
5818	買い物		Shopping
5819	貴重な無角娘		Precious hornless girl
5820	貴族転生〜恵まれた生まれから最強の力を得る〜		Noble reincarnation ~Gaining the strongest power from a privileged birth~
5821	貴族		Nobleman
5822	責絵		Torture picture
5823	貧乳はステータス	tit	Small breasts are a status symbol
5824	負子		Bad child
5825	負傷		Injury
5826	貞操観念		Concept of chastity
5827	貞操具		Chastity device
5828	貞操		Chastity
5829	貓		cat
5830	豹柄ビキニ	swim	Leopard Print Bikini
5831	豹柄		Leopard Print
5832	豹娘		Leopard Girl
5833	豪放ってレベルじゃねーぞ		That's beyond bold
5834	豚印		Pig Mark
5835	豚		Pig
5836	豊穣沙都子		Hojo Satoko
5837	豊満		Voluptuous
5838	豆まき		Bean Scattering
5839	谷風		Tanikaze
5840	谷間酒		Valley Sake
5841	谷川柚子		Tanikawa Yuzu
5842	谷		Tani
5843	警察官		Police officer
5844	警官		Police officer
5845	謹んでない乳	tit	Unreserved breasts
5846	謎の集中線		Mysterious speed lines
5847	謎の疾走感		Mysterious sense of speed
5848	諸手上げ縛り		Both hands tied up
5849	調理		Cooking
5850	調教済みクラスメイト		Trained classmate
5851	読子・リードマン		Yomiko Readman
5852	誤認		Misidentification
5853	誘惑ポーズ		Seductive pose
5854	誘宵美九		Yuyoi Miku
5855	誘い受け		Seductive receiver
5856	誕生日絵		Birthday picture
5857	詰み		Checkmate
5858	詩音=エイヴァロン		Shion Eivalon
5859	設定画		Setting drawing
5860	訓練されたコメント欄		Trained comment section
5861	討魔戦姫セシリア		Demon-slaying war princess Cecilia
5862	言葉責め		Verbal abuse
5863	言い出しっぺの法則		The law of the one who suggests it
5864	言い値で買おう		I'll buy it at the asking price
5865	言いだしっぺの法則		The law of the one who suggests it
5866	触手髪		Tentacle hair
5867	触手貫通	insert	Tentacle penetration
5868	触手空間		Tentacle space
5869	触手椅子		Tentacle chair
5870	触手根		Tentacle root
5871	触手ブラシ		Tentacle brush
5872	触手スーツ		Tentacle suit
5873	触手は一般性癖		Tentacles are a common fetish
5874	触手には勝てなかったよっ!		I couldn't beat the tentacles!
5875	解体		Dismantling
5876	角楯カリン(バニーガール)	©	Karin Tsunodate (Bunny Girl)
5877	角材ぶち込み		Inserting a wooden beam
5878	角オナニー	mast	Horn masturbation
5879	角っ子		Horn girl
5880	角		Horn
5881	観音菩薩		Kannon Bodhisattva
5882	覚醒めたデミトリ		Awakened Demitri
5883	覗き		Peeping
5884	視姦		Voyeurism
5885	見習		Apprentice
5886	見下し		Looking down
5887	見れるなら見たいところこそ見えていない		If you can see it, the part you want to see is not visible
5888	見せてやんねー(・∀・)		I won't show you (・∀・)
5889	見えそう		Looks like you can see it
5890	西行寺		Saigyouji Ayumi Nishizawa
5891	西沢歩		Tami Nishimikado
5892	西御門多美		Chigusa Nishizono
5893	西園チグサ		Shiho Nishizumi
5894	西住しほ		Sash bra
5895	襷ブラ		Socks
5896	襪	nip pierc	Tanning/Becoming a dark-skinned gal/Blonde hair/Smoking/Nipple ring piercings/Graffiti on body
5897	褐色化/黒ギャル化/金髪化/喫煙/乳首リングピアス/体に落書		Tan-skinned gal
5898	褐色ギャル	not_solo sex sm	Multiple gang rapes
5899	複数輪姦		Multiple
5900	複数		Hem gathered
5901	裾絞り		Hem tied
5902	裾結び		Drafting
5903	製図		Production process
5904	製作過程		Naked hakama
5905	裸袴		Naked calligraphy
5906	裸書初め		Nudity tribe
5907	裸族		Naked gloves
5908	裸手袋		Nude woman
5909	裸婦		Naked suspension
5910	裸吊り		Naked rider suit
5911	裸ライダースーツ		Naked scarf
5912	裸マフラー		Naked belt
5913	裸ベルト		Naked towel
5914	裸タオル		Naked skirt
5915	裸スカート		Naked jersey
5916	裸ジャージ		Naked shirt
5917	裸シャツ		Naked apron Pants through pantyhose
5918	裸エプロン/パンスト越しのパンツ		Naked and weapons
5919	裸と武器		Naked kotatsu
5920	裸こたつ		Inner thighs
5921	裏腿		Underground cultural festival
5922	裏文化祭	tit anus ass	Inner boobs/Butt god/Shiny/Tattoo/Jewelry anal plug
5923	裏乳/尻神様/つやつや/タトゥー/ジュエリーアナルプラグ		Hakama
5924	袴		Abuse
5925	被虐		Bound person dominance
5926	被縛者優位		Socks-blocked hole
5927	袜子塞小穴		Worth buying just for the cover!!
5928	表紙だけでも買う価値あり!!		Freedom of expression
5929	表現の自由		Expression Kasuko (pfy)
5930	表情カス子(pfy様)		Expression Kasuko (pfy-sama)
5931	衣装交換		Shocking ending
5932	衝撃のラスト		Street boss
5933	街霸		Machio Naruzo
5934	街雄鳴造		Sorcerer
5935	術士		Spell
5936	術		Chopsticks
5937	行箸		In full view of the crowd
5938	衆人環視		Blood decree Texas (Arkna) Itsu)
5939	血管		Platelet (Cells at Work!)
5940	血掟テキサス(アークナイツ)	©	Blood Code Texas (Arknights)
5941	血小板(はたらく細胞)		Platelet (Cells at Work!)
5942	蟲奸		Candle Torture
5943	融合		Bee Girl
5944	蝋燭責め		Moth
5945	蜂娘		Octopus and Diver
5946	蛾		Tsuyu Asui
5947	蛸と海女		Echidna, the Serpent's Beauty
5948	蛙吹梅雨		Snake Wife (Fate)
5949	蛇艶大公エキドナ		Yumeko Hebami
5950	蛇女房(Fate)	©	Snake Wife (Fate)
5951	蛇喰夢子		Yu Meiren (Fate)
5952	虫取り		Captive Melody
5953	虞美人(Fate)	©	Yu Meiren (Fate)
5954	虜ノ旋律		Tiger Golden Princess Laughing Tiger
5955	虚研社		Tiger Tsū Online
5956	虎金妃笑虎		Tiger Stripe
5957	虎通OnLine		Tiger Pattern
5958	虎縞	swim	Tiger Bikini
5959	虎柄	loli	Loli
5960	虎ビキニ		Ran-neechan
5961	蘿莉		Yuki Fujisawa
5962	蘭ねーちゃん		Taiga Fujimura
5963	藤澤勇希		Yukino Fujimoto
5964	藤村大河		Toyomi Fujiwara
5965	藤本幸乃		Moeha Fujiwara
5966	藤原豊実		Mei Aihara
5967	藤原萌葉		Medicine Master Emma
5968	藍原芽衣		The Apothecary Diaries
5969	薬師エマ		The Apothecary
5970	薬屋のひとりごと		Nakiri Erina
5971	薬屋		Rose
5972	薙切えりな		Vitamin Vita
5973	薔薇		Vitamin Vita
5974	薇蒂雅·香农		Thinning Fabric
5975	薇蒂雅		Leim
5976	薄くなる布地		Leisi
5977	蕾姆		Leiqiao Leaf
5978	蕾丝		Houraisan Kaguya / Yagokoro Eirin
5979	蕾丘はっぱ		Blue Poison
5980	蓬莱山輝夜・八意永琳		Luminous
5981	蓝毒		Azure Dragon
5982	蓄光		Aoki Kurenai
5983	蒼龍		Aomori Mine
5984	蒼樹紅		Mask
5985	蒼森ミネ		Ashizuki Iori
5986	蒙面		Dong Bai
5987	葦月伊織		Katsushika Oui
5988	董白		Katsushika Hokusai (Fate)
5989	葛飾応為		Katsuragi Misato
5990	葛飾北斎(Fate)	©	Katsushika Hokusai (Fate)
5991	葛城ミサト		Hazuki Izuna
5992	葛城		Chivalry of a Failed Knight
5993	葉月いずな		What was a doodle again?
5994	落第騎士の英雄譚		It was okay to fail
5995	落描きってなんだっけ		Salle Fenny
5996	落ちてもよかった		Xiao Xun'er
5997	萨勒芬妮		Moegi Emo
5998	萧薰儿		Moehime Universe
5999	萌黄えも		Moe Sleeves
6000	萌姫ユニバース		Moe! Yokai Encyclopedia
6001	萌え袖		Moe! Backfire!!!
6002	萌える!妖怪事典		Moe
6003	萌え!のバックファイアー!!!		Suika
6004	萌		Feibi
6005	萃香		Hishinawa
6006	菲比		Kaho (Azur Lane)
6007	菱縄		Kasen
6008	華甲(アズールレーン)	©	Kaho (Azur Lane)
6009	華扇		Author with a good reputation for Kikuchi Makoto
6010	菓彩あまね		Sugao Asuka
6011	菊地真に定評のある作者		Lay
6012	菅生あすか		Monika
6013	莱伊		Lily
6014	莫妮卡		Limu
6015	莉莉丝		Arato Nagi
6016	莉姆		Raging Background Mob
6017	荒砥凪		Strawberry 100%
6018	荒ぶる背景モブ		Grass God
6019	草莓100%		Brown-haired Twin Tails
6020	草神		Julie
6021	茶髪ツインテール		Ibaraki Kasen
6022	茱莉		Hero King, Martial Arts Reincarnated to Master Something
6023	茨歌仙		English Teacher Keiko
6024	英雄王、武を極めるため転生す		The Suffering Pear
6025	英語教師・景子		Wakaba Hinata
6026	苦悩の梨		Wakasa Yuri
6027	若葉ヒナタ		Wakaba Mutsumi
6028	若狭悠里		Young Majorina
6029	若叶睦		Serizawa Rin
6030	若いマジョリーナ		Serizawa Asahi
6031	芹沢りん		Flower Knight
6032	芹沢あさひ		Flower Train
6033	花騎士		Fireworks
6034	花電車		Hanami Yume
6035	花火		Hanazono Yurine
6036	花海佑芽		Hanasaki Tsubomi
6037	花園ゆりね		Hanakyoin Chieri
6038	花咲つぼみ		A 117-Year-Old Woman Who Makes Even Flowers Blush
6039	花京院ちえり		Flowers and Girls
6040	花も恥らう117歳		Flowers
6041	花と女の子		Babala
6042	花		Ashido Mina
6043	芭芭拉		Fuwa Kokone
6044	芦戸三奈		Furolan (Cloud Project)
6045	芙羽ここね		Ereshkigal
6046	芙洛伦(云图计划)	©	Furon (Cloud Illustrated Plan)
6047	艾蕾什基伽尔		Eer's Light
6048	艾莲		Ebo
6049	艾爾之光		Eer's Light
6050	艾波		Aibo
6051	艾尔之光		Erzhi Guang
6052	艶武		Yanbu
6053	色違い陰毛		Different colored pubic hair
6054	色違い		Different color
6055	色仕掛け		Seduction
6056	良妻		Good wife
6057	良い表情		Good expression
6058	良い肉の日		Good meat day
6059	良いアングル		Good angle
6060	艦長(カオゼロ)	©	Captain (Kaozero)
6061	艦船擬人化		Warship personification
6062	艦娘ロック(保護)機能		Kancolle Lock (Protection) Function
6063	艦ぱい/乳風	nip	Kanpai/Nipple style
6064	艦こレーン		Kancolle lane
6065	艦これかわいい		Kancolle is cute
6066	舞と春麗どっちがエロいでショー		Who is sexier, Mai or Chun-Li?
6067	舘涼子		Tate Ryoko
6068	舐め回したい胸	tit tongue	Breasts I want to lick all over
6069	舐める	tongue	Licking
6070	舐めてます	tongue	Licking
6071	舌責め	tongue	Tongue torture
6072	舌見せ	tongue	Showing tongue
6073	舌裏	tongue	Underside of tongue
6074	舌舐めずり	tongue	Licking tongue
6075	舌切れそう	tongue	Looks like my tongue is going to break Uh
6076	舌分身	tongue	Tongue clone
6077	舌上射精	cum tongue	Ejaculation on the tongue
6078	臼沢塞		Ususawa Sai
6079	至高の乳	tit	Supreme breasts
6080	至高のゆからん		Supreme Yukaran
6081	臭がる		Smelly
6082	自転車		Bicycle
6083	自衛隊彼の地にて、斯く戦えり		Thus the Self-Defense Forces fought in that land
6084	自衛艦これ		JSDF Kantai Collection
6085	自虐露出	ryona expose	Self-destructive exposure
6086	自舐めオナニー	tongue mast	Self-licking masturbation
6087	自縛	bond	Self-bondage
6088	自称初キョンキョン兄貴		Self-proclaimed first Kyonkyon bro
6089	自爆放尿	uro	Self urination
6090	自然排便	sca	natural defecation - shizen haiben
6091	自然		Nature
6092	自己破壊	ryona	Self-destruction
6093	自分姦	mast	Self-sex
6094	自傷	ryona	Self-injury
6095	自作lora		Homemade Lora
6096	臍		Navel
6097	膨尻	ass	Swelled buttocks
6098	膨体		Swelled body
6099	膨らみかけ		Beginning to swell
6100	膨らみ		Swelling
6101	膣脱糞	pussy sca	vaginal defecation
6102	膣内排尿	pussy uro	Vaginal urination
6103	膣	pussy	Vagina
6104	膝立ち		Kneeling
6105	膝枕幸せサンドイッチ		Kneeling pillow happy sandwich
6106	腹掛け		Belly wrap
6107	腹		Belly
6108	腰高位		High waist position
6109	腰骨		Hip bone
6110	腰蓑		Grass loincloth
6111	腰トントン		Waist tapping
6112	腰スジ		Waist veins
6113	腰に手		Hands on waist
6114	腟内放尿	pussy uro	Vaginal urination
6115	腕輪		Bracelet
6116	腕組		Arms crossed
6117	腕なし		Armless
6118	腐界に眠る王女のアバドーン		Abaddon, the princess sleeping in the realm of decay
6119	腋乳	tit	Armpit boob
6120	腋下		Armpit
6121	腋を強調する		Emphasizing the armpit
6122	腋は性器		Armpit is a genital
6123	腋こちょ		Armpit tickling
6124	脳内住人		Inhabitant of the brain
6125	脱衣		Undressing
6126	脱腸		Hernia
6127	脱ぎたてパンティ		Freshly removed panties
6128	脇シール		Armpit sticker
6129	脇みせ		Showing the armpit
6130	胸開きタートルネック		Open-chest turtleneck
6131	胸責め	tit	Breast torture
6132	胸舐め	tit tongue	Breast licking
6133	胸縛り	tit	Breast binding
6134	胸ポッチ	nip	Nipple
6135	胸ベルト	tit	Breast belt
6136	胸スリット	tit	Breast slit
6137	胸キュン刑事		Heart-pounding detective
6138	胸をつかむ	tit	Grabbing the breasts
6139	胸にマーク	tit	Mark on the breasts
6140	胸きつ丸		Tight chest Round
6141	胸が大鯨		A giant whale's chest
6142	胡桃沢=サタニキア=マクドウェル		Kurumizawa=Satanichia=McDowell
6143	胡桃		Walnut
6144	背面合掌		Praying hands behind back
6145	背面		Back
6146	背筋		Back muscles
6147	背反の癒し手ユーノ		Yuno, the rebellious healer
6148	肥臀	ass	Fatty buttocks
6149	肥満化		Obesity
6150	股间		Crotch
6151	股間の波動砲エネルギー充填120%		Crotch wave cannon energy charging 120%
6152	股ドン		Crotch slam
6153	肝試し		Test of courage
6154	肛门	anus	Anal
6155	肛虐	anus	Anal abuse
6156	肛	anus	Anal
6157	肖像画		Portrait
6158	肉食系女子		Carnivorous woman
6159	肉花瓶		Flesh vase
6160	肉空間		Flesh space
6161	肉球		Paw pads
6162	肉林姦学校	not_solo sex	Flesh orgy school
6163	肉床		Flesh floor
6164	肉布団		Flesh futon
6165	肉尿瓶	uro	Flesh urinal
6166	肉便器/身体に落書き/便女	uro bodymark-	Human toilet / Graffiti on body / Toilet woman
6167	肉便器/便女/落書き	uro bodymark-	Meat toilet / Toilet woman / Graffiti
6168	肉まん		Flesh bun
6169	肉の盾		Flesh shield
6170	肉々しい		Fleshly
6171	職場用壁紙		Workplace wallpaper
6172	聖徳太乳	tit	Shotoku's big boobs
6173	聖伝		Sacred legend
6174	聖シャルロッテ(v-mag)	©	Saint Charlotte (v-mag)
6175	耳姦		Ear Rape
6176	老人		Old Man
6177	翼		Wings
6178	翠眼		Green Eyes
6179	翠星のガルガンティア		Gargantia on the Verdurous Planet
6180	羽鳥智世		Hatori Tomoyo
6181	羽衣		Hagoromo
6182	羽前京香		Uzen Kyoka
6183	義父		Stepfather
6184	義手		Prosthetic Arm
6185	義姉		Stepsister
6186	群交	not_solo sex	Group Sex
6187	羞辱		Humiliation
6188	羞恥露出散歩シリーズ		Shameful Exposure Walk Series
6189	羞恥心		Sense of Shame
6190	美遊		Miyu
6191	美綴綾子		Mitsuzuri Ayako
6192	美童巫女		Beautiful Young Shrine Maiden
6193	美甘ネル(バニーガール)	©	Mikami Neru (Bunny Girl)
6194	美甘ネル		Mikami Neru
6195	美獣		Beautiful Beast
6196	美月もも		Mizuki Momo
6197	美憂		Miyu
6198	美尻	ass	Beautiful Buttocks
6199	美少年		Beautiful Boy
6200	美少女文庫		Bishoujo Bunko
6201	美少女戦士		Pretty Warrior
6202	美女と骸骨		Beauty and the Skeleton
6203	美女と野獣		Beauty and the Beast
6204	美女と竜		Beauty and Dragon
6205	美味しいから大丈夫だよ		It's delicious, so it's okay
6206	美人だけど変態		Beautiful but perverted
6207	羊耳		Sheep ears
6208	羅天		Luo Tian
6209	置き去りディルド		Abandoned dildo
6210	罪の破片(Debris)	©	Fragments of Sin (Debris)
6211	罗莎莉亚		Rosalia
6212	缪尔赛斯		Mulsace
6213	维斯卡Visca		Visca
6214	维娜		Visna
6215	绳缚	bond	Rope bondage
6216	绫波レイ		Ayanami Rei
6217	终末地		The End
6218	练習少女のヌード		Nude of a practicing girl
6219	线条		Line
6220	纳西妲		Nashida
6221	约稿		Draft
6222	红晓音Akane		Akane
6223	红晓音		Akane
6224	红云		Red cloud
6225	織田信長(Fate)	©	Oda Nobunaga (Fate)
6226	織田信長		Oda Nobunaga
6227	繁殖行為		Reproductive act
6228	縦ロール		Vertical curls
6229	縞ブラ		Striped bra
6230	縛りプレイ	bond	Bondage play
6231	縛られた		Tied up
6232	縄跳び		Jump rope
6233	縄縛り	bond	Rope bondage
6234	縁側		Veranda
6235	練習巡洋艦		Training cruiser
6236	練習		Training
6237	練白瑛		Hakuei Ren
6238	線画		Line drawing
6239	緒山まひろ		Mahiro Oyama
6240	緑髪ボブ		Green bob haircut
6241	緑川ゆず		Yuzu Midorikawa
6242	緋田美琴/斑鳩ルカ/樋口円香		Mikoto Hida/Luka Ikaruga/Madoka Higuchi
6243	緊縛露出	bond	Bondage exposure
6244	緊縛着衣	bond	Bondage clothing
6245	緊縛拘束	bond	Bondage restraint
6246	綾里真宵		Mayoi Ayasato
6247	綾里春美		Harumi Ayasato
6248	綾里千尋		Chihiro Ayasato
6249	綾波(アズールレーン)	©	Ayanami (Azur Lane)
6250	綾小路清隆		Kiyotaka Ayanokoji
6251	綺麗な精液	cum	beautiful semen - kireina seieki
6252	綺良々		Kirara
6253	網ボディタイツ		Fishnet body tights
6254	継続は力なり		Persistence is power
6255	絶頂管理		Orgasm control
6256	絶頂我慢		Orgasm endurance
6257	絶対入ってるよねコレ		It's definitely in there, right?
6258	絶壁		Cliff
6259	絶体絶命		Desperate Situation
6260	絶体×		Desperate ×
6261	絵札の女王カノン		Queen of Picture Cards Kanon
6262	絞殺		Strangulation
6263	結婚		Marriage
6264	結城美柑		Mikan Yuuki
6265	結城友奈		Yuuna Yuuki
6266	結城みか		Mika Yuuki
6267	経口補水液	mouth	Oral Rehydration Solution
6268	紺セーラー		Navy Sailor Uniform
6269	紳士ハンド		Gentleman's Hand
6270	紬		Tsumugi
6271	紫雲清夏		Seika Shion
6272	紫色老太婆(滑稽)		Old Woman in Purple (Funny)
6273	紫水宮		Shisui Palace
6274	紫式部		Shikibu Murasaki
6275	紫タイツ		Purple Tights
6276	紫々部シオン		Shion Shion
6277	素裳		Sumo (formal kimono)
6278	素材		Material
6279	素晴らしすぎる		Absolutely Wonderful
6280	素子		Motoko
6281	紗夢		Sam
6282	紗の幽蘭		Yuran of Sha
6283	純白少女		Pure White Girl
6284	紐水着	expose swim	String Bikini
6285	紐チラ		String Glance
6286	納得の犯罪臭		Unmistakable Criminal Scent
6287	納原智恵		Chie Nohara
6288	紅輪の道士ナタク		Nezha, the Taoist of the Crimson Wheel
6289	紅豆		Red Bean
6290	紅蓮(勝利の女神:NIKKE)	©	Guren (Goddess of Victory: NIKKE)
6291	紅白		Red and White
6292	紅楼夢9		Dream of the Red Chamber 9
6293	紅楼夢		Dream of the Red Chamber
6294	紅月カレン		Kougetsu Karen
6295	紀伊型		Kii-class
6296	糸目		Slit eyes
6297	精霊特捜		Spirit Special Investigation
6298	精灵宝可梦		Pokémon
6299	精液浴	cum	semen bath
6300	精液水車	cum	semen waterwheel
6301	精液大量	cum	large amount of semen
6302	精液塗り込み	cum	semen smearing
6303	精液便女	cum	semen flight woman - seieki-bin on'na
6304	精液中毒	cum	semen addiction - semen poisoning - seieki chūdoku
6305	精液ブリッジ	cum	semen string - semen bridge
6306	精子浴	cum	Sperm bath
6307	精子の透明感	cum	Transparency of sperm
6308	精子	cum	Sperm
6309	精品		Premium product
6310	籾岡里紗		Momioka Risa
6311	米菈		Mirai
6312	籠目深沙希		Kagome Misaki
6313	簡易トイレ		Portable toilet
6314	篠澤広		Shinozawa Hiro
6315	篠原まり		Shinohara Mari
6316	節分艦娘		Setsubun ship girl
6317	節分		Setsubun
6318	管理人(エンドフィールド)	©	Administrator (Endfield)
6319	管理人(アークナイツエンドフィールド)	©	Administrator (Arknights Endfield)
6320	管牧典		Kan Bokuten
6321	笹木咲		Sasaki Saki
6322	第肆ミルク工場	milk	The 4th Milk Factory
6323	第十七駆逐隊		Seventeenth Destroyer Division
6324	第三再臨		Third Ascension
6325	第七史诗		Seventh Historical Poem
6326	第一人称视角		First-person perspective
6327	符玄		Fu Xuan
6328	笠谷葉子		Kasa Tani Yoko
6329	笑撃のラスト		Shocking ending
6330	竿姉妹		Rod sisters
6331	竹林		Bamboo forest
6332	竹刀		Bamboo sword
6333	競スク	swim	Swimsuit
6334	童颜巨乳	tit	Baby face with big breasts
6335	童磨		Douma
6336	竜騎士ルシル		Dragon Knight Lucille
6337	竜騎士		Dragon Knight
6338	竜姦		Dragon rape
6339	竜吉公主		Ryukichi Princess
6340	竜人		Dragon person
6341	立花響		Tachibana Hibiki
6342	立花里美		Tachibana Satomi
6343	立体感		Three-dimensional feel
6344	立体な真夜		Three-dimensional Maya
6345	立位		Standing position
6346	立て膝		Kneeling
6347	立ち絵		Standing illustration
6348	立ち糞	sca	standing defecation
6349	立ちパイズリ	tit dick	standing paizuri
6350	立ちんぼ		Standing girl
6351	立ちかなえ		Standing Kanae
6352	空雷翔姫モルガン		Sora Rai Shohime Morgan
6353	空雷		Sora Rai
6354	空甘		Sora Ama
6355	空条徐倫		Cujo Jolyne
6356	空折(魔都精兵のスレイブ)	©	Sora Ori (Slave of the Demon City's elite soldiers)
6357	空手着		Karate uniform
6358	空弦		Sora Gen
6359	空井サキ(水着)	swim ©	Sora Saki (swimsuit)
6360	空中放尿	uro	Air urination
6361	空を落とした女		The woman who brought down the sky
6362	空の境界		Kara no Kyoukai
6363	空		Sora
6364	穹サフェ		Kyu Safe
6365	穴開き		Hole
6366	穴あきパンツ		Hole in pants
6367	穴あき		Hole
6368	稲葉風歌		Inaba Kaze Song
6369	稲妻(原神)	©	Lightning (Genshin Impact)
6370	種島ぽぷら		Taneshima Popura
6371	種噴き/失禁/事後/ガバマン	uro cum	Seed Spray/Incontinence/Aftermath/Gabaman
6372	種づけ孕ませ☆魔法少女〜The_RPG〜		Seed-Planting Pregnancy☆Magical Girl ~The RPG~
6373	稗田阿求		Hieda no Akyuu
6374	秦谷美鈴		Hatamiya Misuzu
6375	秘密の花園		Secret Garden
6376	秘密		Secret
6377	秘宝伝		Hihouden
6378	秋雲(艦隊これくしょん)	©	Akigumo (Kantai Collection)
6379	秋雲		Akigumo
6380	秋雪こはく		Akiyuki Kohaku
6381	秋月涼		Akizuki Ryo
6382	秋山凜子		Akiyama Rinko
6383	秋季例大祭		Autumn Reitaisai
6384	秋園栞奈		Akizono Kanna
6385	秋のフォーリシア		Autumn Folicia
6386	秋のクリ収穫祭2011	clit	Autumn Kuri Harvest Festival 2011
6387	秋のクリ収穫祭	clit	Autumn Kuri Harvest Festival
6388	私服艦娘		Casual Clothes Ship Girl
6389	私服		Casual Clothes
6390	私处		Private Place
6391	福山舞		Fukuyama Mai
6392	福丸小糸		Fukumaru Koito
6393	禊ぎ		Purification Ritual
6394	神風怪盗ジャンヌ		Kamikaze Phantom Thief Jeanne
6395	神野めぐみ		Jinno Megumi
6396	神速の射手バシラ		God Swift Archer Basira
6397	神話礼装		Mythological Attire
6398	神裂火織		Kanzaki Kaori
6399	神羅万象・第一章		Shinra Bansho Chapter 1
6400	神田川JETGIRLS		Kandagawa JET GIRLS
6401	神楽坂優奈		Kagurazaka Yuna
6402	神楽シリーズ		Kagura Series
6403	神楽めあ		Kagura Mea
6404	神楽(あずまんが大王)	©	Kagura (Azumanga Daioh)
6405	神月アンナ		Kamizuki Anna
6406	神州丸(艦隊これくしょん)	©	Shinshumaru (Kantai Collection)
6407	神州丸		Shinshumaru
6408	神山満月		Kamiyama Mitsuki
6409	神尾観鈴		Kamio Misuzu
6410	神守清華		Kamimori Kiyoka
6411	神威(艦隊これくしょん)	©	Kamui (Kantai Collection)
6412	神威		Kamui
6413	神姫PROJECT		Kamihime PROJECT
6414	神奈芹香		Kanna Serika
6415	神代小蒔		Kamishiro Komaki
6416	神の軌跡		The Trajectory of the Gods
6417	神々の谷間		Valley of the Gods
6418	祓魔少女シャルロット		Exorcist Girl Charlotte
6419	祀られる風の人間		The Worshipped Wind Human
6420	社員証		Employee ID
6421	礼服		Formal Suit
6422	磔スポーツ少女		Crucifixion Sports Girl
6423	碇シンジ		Shinji Ikari
6424	碁盤攻め		Go Board Attack
6425	破面		Arrancar
6426	破廉恥		Shameless
6427	破壊		Destruction
6428	破れ		Tears
6429	破けた服		Torn Clothes
6430	砕蜂		Soifon
6431	砂浜ラプソディ		Beach Rhapsody
6432	砂塚あきら		Akira Sunazuka
6433	砂九葉		Kuyo Suna
6434	石戸霞		Kasumi Ishido
6435	石川涼美		Suzumi Ishikawa
6436	短小		Small
6437	短パン		Shorts
6438	知世		Tomoyo
6439	矢印		Arrow
6440	矢		Arrow
6441	瞬霳黒猫戦姫		Shunten Kuroneko Senki
6442	睡眠姦		Sleep Rape
6443	睡眠		Sleep
6444	着衣露出		Clothed Exposure
6445	着衣越し授乳	tit milk	Breastfeeding Through Clothes
6446	着衣緊縛	bond	Clothed Bondage
6447	着衣爆乳	tit	Clothed Huge Breasts
6448	着衣排便	sca	Clothed Defecation
6449	着衣射し	cum	Clothed Ejaculation
6450	着衣失禁	uro	Clothed Incontinence
6451	着衣噴乳	milk wear	Milk spraying through clothing
6452	着衣内射精	cum	Ejaculation inside clothing
6453	着衣交尾		Clothed Intercourse
6454	着衣くぱぁ/ローアングル		Clothed Spread Legs/Low Angle
6455	着物美人		Kimono Beauty
6456	着けてない		Not Wearing
6457	眼鏡巨乳女教師はどこに	tit	Where is the Glasses-Wearing Big-Breasted Female Teacher?
6458	眼鏡ピクシブたん		Glasses Pixiv-tan
6459	眼鏡はかけるもの		Glasses are meant to be worn
6460	眼鏡っ娘コンビ		Glasses girl duo
6461	眼罩		Eye mask
6462	眷トワ		Towa Ken
6463	眠鬼		Sleeping demon
6464	真鏡名ミナ		Mina Majikina
6465	真紅		Crimson
6466	真空壓縮		Vacuum compression
6467	真白ちさと		Chisato Mashiro
6468	真朱(C)		Crimson (C)
6469	真女神転生		Shin Megami Tensei
6470	真中らぁら		Laala Manaka
6471	真・女神転生Ⅲ		Shin Megami Tensei III
6472	真っ二つ		Split in two
6473	相田沙良々		Sarara Aida
6474	相変わらずの文字の小ささ		The text is still small
6475	相互挿入	insert	Mutual insertion
6476	相互愛撫		Mutual caressing
6477	直葉		Suguha
6478	直穿き		Putting directly in her underwear
6479	直播		Live broadcast
6480	直撃弾		Direct hit
6481	直履き		Putting directly in her underwear
6482	目が星		Starry eyes
6483	目が幸せ		Happy eyes
6484	目がハート/即夜戦		Heart-shaped eyes/Instant night battle
6485	目からウロコ		Scales falling from her eyes
6486	監獄戦艦		Prison battleship
6487	監獄学園		Prison school
6488	盗賊ベティ		Thief Betty
6489	监禁		Imprisonment
6490	皮剥ぎ		Skinning
6491	皮フェラ		Skin fetish Ra
6492	皇牙サキ		Koga Saki
6493	皇くるみ		Koga Kurumi
6494	的主催		Organizer
6495	百鬼夜行		Hyakki Yakō (Night Parade of One Hundred Demons)
6496	百聞は一見に如かず		Seeing is Believing
6497	百合百合	not_solo yuri	Yuri Yuri
6498	百合園セイア(水着)	swim ©	Yurizono Seia (Swimsuit)
6499	百合ハーレム		Yuri Harem
6500	百合スカ		Yuri Suka
6501	百合クンニ	mouth not_solo yuri	Yuri Cunnilingus
6502	白黒		Black and White
6503	白鹿愛莉		Shiraka Airi
6504	白鳥藍良		Shiratori Aira
6505	白鳥深琴		Shiratori Mikoto
6506	白鳥愛羅		Shiratori Aira
6507	白髪赤眼		White Hair and Red Eyes
6508	白面金毛九尾		White Face, Golden Hair, Nine-Tailed Fox
6509	白面御前イヅナ		White Face, Lady Izuna
6510	白露		Shiratsuyu
6511	白銀の城の召使いアリアンナ		Arianna, Servant of the Silver Castle
6512	白銀の城のラビュリンス		Labyrinth of the Silver Castle
6513	白金燐子		Shirogane Rinko
6514	白衣の天使		Angel in White
6515	白蛇		White Snake
6516	白蓮		Byakuren
6517	白芷		Byakuji
6518	白羽=ラフィエル=エインズワース		Shiraha Raphael Ainsworth
6519	白石紬		Shiraishi Tsumugi
6520	白石マナツ		Shiraishi Manatsu
6521	白眉魎呼		Shirabi Ryoko
6522	白百合騎士テティス		White Lily Knight Thetis
6523	白玉みかん		Shiratama Mikan
6524	白犬	beast	White Dog
6525	白濁	cum	Milky white fluid / Semen
6526	白洲アズサ(水着)	swim ©	Shirasu Azusa (Swimsuit)
6527	白洲アズサ		Shirasu Azusa
6528	白木芽衣子		Shiraki Meiko
6529	白尾エリ		Shirao Eri
6530	白宮明日華		Shiramiya Asuka
6531	白井黒子		Shirai Kuroko
6532	白下着		White Underwear
6533	白ワンピ		White Dress
6534	白バニー		White Bunny
6535	白ニーソックス		White Knee Socks
6536	白グローブ		White Gloves
6537	白ギャルと黒ギャルの誘惑		The Temptation of White and Black Gyaru
6538	白ギャル		White Gyaru
6539	白いレースの下着		White Lace Underwear
6540	発情脱糞	sca	heat defecation
6541	発情犬	beast	Horny Dog
6542	発令!第十一号作戦		Operation No. 11 Issued!
6543	痴幼女		Lewd Little Girl
6544	痴女戦士		Lewd Warrior
6545	痛かったら悲鳴あげてくださいねー		Scream if it hurts
6546	痛いのは嫌なので防御力に極振りしたいと思います。		I don't like pain, so I'll max out my defense.
6547	疑似パイフェラ	tit dick	Pseudo-Pie-Fellatio
6548	異色肌		Unusual Skin
6549	異端審問官(アラド戦記)	©	Inquisitor (Dungeon Fighter Online)
6550	異端審問官		Inquisitor
6551	異世界スーサイド・スクワッド		Otherworld Suicide Squad
6552	異世界サキュバス店シリーズ		Otherworld Succubus Shop Series
6553	番魔		Banma
6554	町田月乃		Machida Tsukino
6555	男逆バニー		Male Reverse Bunny
6556	男湯の女の子		Girl in Men's Bath
6557	男水着チャレンジ	swim	Male Swimsuit Challenge
6558	男性向け便所		Men's Toilet
6559	男子便所		Men's Toilet
6560	男子トイレですよ。お嬢さん。		This is a men's toilet, young lady.
6561	男子スク水	swim	Male School Swimsuit
6562	男娼		Male Prostitute
6563	男女エロ		Male and Female Erotica
6564	男主陽		Male Protagonist Yang
6565	男主獅子		Male Protagonist Lion
6566	男主狐		Male Protagonist Fox
6567	男主女房		Male Protagonist Wife
6568	男トレーナー(ポケモンGO)	©	Male Trainer (Pokemon GO)
6569	男の狐		Male Fox
6570	男の子		Boy
6571	男の娘エルフ		Crossdressing Elf
6572	男がキノピオに見えた		The Man Looked Like Toad
6573	电锯人		Electric Sawman
6574	申鶴(原神)	©	Shen Tsuru (Genshin Impact)
6575	甲河アスカ		Kouga Asuka
6576	甲板胸/極上の貧乳	tit	Deck Chest/Ultimate Small Breasts
6577	由良		Yura
6578	由比ヶ浜結衣		Yui Yuigahama
6579	田中琴葉		Tanaka Kotoha
6580	田中あすか		Tanaka Asuka
6581	産卵プレイ		Egg-Laying Play
6582	生足		Bare Legs
6583	生誕祭		Birthday Celebration
6584	生穴		Bare Hole
6585	生活感		Sense of Life
6586	生成AI		Generating AI
6587	生徒会にも穴はある!		Even the Student Council Has Holes!
6588	生天目仁美		Nabatame Hitomi
6589	生命維持		Life Support
6590	生命のセレスティア		Celestia of Life
6591	生前		Before Death
6592	生き恥ウェディングドレス		Living Shame Weddie Long dress
6593	生き埋め		Buried alive
6594	甘城Natsuki	©	Amagi Natsuki
6595	甘園房		Amazono House
6596	甘やかし		Spoiling
6597	環古達		Tamaki Kotatsu
6598	瑠璃の宝石		Lapis Lazuli Jewel
6599	瑞鳳		Zuiho
6600	琵琶法師		Biwa player
6601	琴吹		Kotobuki
6602	琴乃宮雪		Kotonomiya Yuki
6603	琳妮特		Linnit
6604	琳奈		Rinna
6605	理性を破壊する程度の能力		The ability to destroy reason
6606	理々奈		Ririna
6607	球体関節人形		Ball-jointed doll
6608	現実逃避		Escapism
6609	現実は非情である		Reality is cruel
6610	現実は非常である		Reality is harsh
6611	班長		Squad leader
6612	珠乃井ナナ		Tamanoi Nana
6613	珍珠奶茶	tit-	Boba milk tea
6614	珍珠丁字裤		Pearl thong
6615	玲音(アイドルマスター)	©	Reon (Idolmaster)
6616	玩具		Toy
6617	王妃		Queen
6618	王女		Princess
6619	王冠		Crown
6620	王元姫		Wang Yuanji
6621	玉藻の前(水着)	swim ©	Tamamo no Mae (swimsuit)
6622	玉舐め	tongue	Ball licking
6623	玉潰し		Ball crushing
6624	玉枝		Tamae
6625	玉揉みパイズリ	tit dick	ball-rubbing paizuri
6626	玉パン		Ball panties
6627	獸人		Beastman
6628	獣婚		Beast marriage Beast
6629	獣	fantasy	Kemono
6630	獏乳		Lion King (Fate)
6631	獅子王(Fate)	©	Shishio (Fate)
6632	獅子娘		Sarutobi Shinobu
6633	猿飛忍		Nekokoya Yasaka
6634	猫興野菜果	loli	Cat-eared Loli
6635	猫耳ロリ		Cat-ear Headband
6636	猫耳カチューシャ		Cat Cat
6637	猫猫		Nekomiya Hinata
6638	猫宮ひなた		Cat Pose
6639	猫ポーズ		Cat Pose
6640	猫のポーズ	tit	Breastfeeding a Cat
6641	猫に授乳		Inokuma Yoko
6642	猪熊陽子		Inokuma Mizuki
6643	猪熊美月		Inokuma Sorata
6644	猪熊空太		Fierce Clawed Beast Uru
6645	猛き爪獣ウル		Hunting Insects
6646	猎奇阴部		Werewolf
6647	狼男		Wolf Girl
6648	狼少女		Werewolf Rape
6649	狼姦		Wolf Woman
6650	狼女		Wolf
6651	狼		Scorpion
6652	狮蝎		Hunter
6653	狩人		Kitsunehaku Series
6654	狐白シリーズ		Kitsunehaku RPG
6655	狐白RPG		Fox Mama
6656	狐ママ		Crime Warning
6657	犯行予告	pet sm	Dog Restraint
6658	犬拘束		Inuyama Kuroe
6659	犬山黒ヱ	fantasy sm	Dog Transformation Training
6660	犬化调教	uro pet	Dog Peeing Pose
6661	犬のおしっこポーズ	beast	Dog and Girl
6662	犬と女の子		Special Restraint
6663	特殊拘束		Tokusatsu Heroine
6664	特撮ヒロイン		Mononobe Futo
6665	物部布都		Handling I
6666	物扱い	beast	Female dog
6667	牝犬		Cow mooing
6668	牛鳴き		Cow girl
6669	牛飼娘		Ushiwakamaru (Fate)
6670	牛若丸(Fate)	©	Ushiwakamaru (Fate)
6671	牛柄		Ushizaki Junmi
6672	牛崎潤美		Cow girl
6673	牛子		Cow calf
6674	牛仔	milk	Milk play
6675	牛乳遊び	milk	Milk...?
6676	牛乳…?		One eye
6677	片目		Katagiri Sanae
6678	片桐早苗		Kataoka Yuki
6679	片岡優希		Nishida Rino
6680	爾子田里乃		Love fluid
6681	爱液		Love mathematics
6682	爱数学		Explosive death
6683	爆死	nip	Huge areola
6684	爆乳輪	tit	Huge breast fortress
6685	爆乳大要塞		Burning! Encyclopedia
6686	燃える!事典		Bear intercourse
6687	熊姦		Smoke red
6688	煙緋		Pipe
6689	煙管		Sparkle
6690	煌		Blazing
6691	煉星姫シリウス		Blazing Star Princess Sirius
6692	焼き印		Branding iron
6693	焼きごて		Branding iron
6694	無重力		Zero gravity
6695	無表情		Expressionless
6696	無毛		Hairless
6697	無月ひさめ		Mugetsu Hisame
6698	無料AI画像生成		Free AI image generation
6699	無料		Free
6700	無抵抗		No resistance
6701	無慈悲なアンケート		Merciless questionnaire
6702	無彩限のファントムワールド		Myriad Colors Phantom World
6703	無修正		Uncensored
6704	無人島		Deserted island
6705	焔影リード(アークナイツ)	©	Flame Shadow Reed (Arknights)
6706	炎炎ノ消防隊		Fire Force
6707	炎の使い手ニクス		Nyx, the Fire User
6708	災難		Disaster
6709	灵魂潮汐		Soul Tide
6710	灰皿		Ashtray
6711	灰原哀		Ai Haibara
6712	火防女		Fire Keeper
6713	火遊びでなければ良いのだな?		I hope it's not just playing with fire?
6714	火煉討伐記録		Fire Refinement Extermination Record
6715	火将ロシエル		Rosiel, the Fire General
6716	火守女		Fire Guardian
6717	火天		Fire Heaven
6718	火刑		Fire Punishment
6719	火傷		Burns
6720	瀬南ももか		Momoka Senan
6721	濡れ濡れ		Soaked
6722	濡れチアシリーズ		Wet Cheer Series
6723	濃姫		Nohime
6724	激凸		Intense Charge
6725	澪梓		Azusa Mio
6726	潤羽るしあ		Rushia Uruha
6727	潤美		Junmi
6728	漫研		Manga Club
6729	漫畫		Manga
6730	漫画じゃないよ		Not a manga
6731	漣		Ripples
6732	漏尿	uro	Incontinence
6733	漂泊者		Wanderer
6734	滝本ひふみ		Hifumi Takimoto
6735	溢れ精液/電マ/ゴミ捨て場/廃棄/拡張済み/身体に落書き	cum	Overflowing semen/Electric massager/Garbage dump/Discarded/Expanded/Written on body
6736	溢れ出るマン肉		Overflowing Man Flesh
6737	溜め精液	cum	accumulated semen
6738	準裸袴		Semi-Naked Hakama
6739	満面の笑み		Beaming Smile
6740	満月をさがして		Searching for the Full Moon
6741	湾内絹保		Kinuho Wanai
6742	湊あくあ新衣装		Aqua Minato Costume
6743	游戏		Game
6744	港湾棲姫		Harbor Princess
6745	温水佳樹		Yoshiki Onmizu
6746	温かい目		Warm Eyes
6747	渡辺星		Hoshi Watanabe
6748	渡我被身子		Watanabe's Birth
6749	済安(アズールレーン)	©	Ji'an (Azur Lane)
6750	清水潔子		Kiyoko Shimizu
6751	清楚ビッチ		Pure Bitch
6752	清楚		Pure
6753	清少納言(Fate)	©	Sei Shonagon (Fate)
6754	清姫(Fate)	©	Kiyohime (Fate)
6755	添い寝		Sleeping Together
6756	混ぜるな危険		Do Not Mix
6757	深空之眼		Eye of the Deep Sky
6758	深海棲母ホウショウ		Deep Sea Mother Houshou
6759	深森白夜		Byakuya Fukamori
6760	深圳校服		Shenzhen School Uniform
6761	深刻な収容違反		Serious Containment Breach
6762	淫魔降臨デビル☆カーニバル		Incubus Descent Devil☆Carnival
6763	淫獣学園		Incubus Academy
6764	淫獣		Incubus
6765	淫堕の姫騎士ジャンヌ		Jeanne, the Fallen Princess Knight
6766	淫乱化		Becoming Lewd
6767	淫乱の姫サキュバスクイーン		Incubus Princess Succubus Queen
6768	淫リンボー		Incubus Limbo
6769	涼風青葉		Aoba Suzukaze
6770	涼月(艦隊これくしょん)	©	Cool Moon (Fleet Collection)
6771	涼月		Suzutsuki
6772	涼宮星花		Suzumiya Seika
6773	涙ぐむ		Tears welling up
6774	涎	mouth	Drool
6775	海風		Sea breeze
6776	海瑟音		Kaisene
6777	海江風		Kaie Kaze
6778	浴衣艦娘		Yukata ship girl
6779	浴潮		Bathing tide
6780	浴女房		Bathing wife
6781	浮波柚葉		Ukinami Yuzuha
6782	浮気		Infidelity
6783	浮力が発生するレベルのおっぱい	tit	Buoyancy-generating breasts
6784	浮乳	tit	Floating breasts
6785	浮き浮き乳首	nip	Floating nipples
6786	浦風(艦隊これくしょん)	©	Urakaze (Kantai Collection)
6787	浦和花子		Urawa Hanako
6788	浜辺		Beach
6789	浜口あやめ		Hamaguchi Ayame
6790	浅生由真互換機		Asao Yuma compatible machine
6791	流魅空		Ryumi Sora
6792	流螢		Ryuketa
6793	流し込み		Pouring in
6794	津辺愛香		Tsube Aika
6795	洞木ヒカリ		Horaki Hikari
6796	洗髪		Hair washing
6797	洗腦		Brain washing
6798	洗脳装置		Brainwashing device
6799	洗脳済み		Brainwashed
6800	洗脳完了		Brainwashing complete
6801	洗脑		Brain washing
6802	洗濯バサミ/アヘ顔		Clothespin/Ahegao
6803	洋式		Western style
6804	泳ぐ18禁	swim	Swimming (18+)
6805	注射針		Hydrating needle
6806	注射器		Syringe
6807	注ぐ		Pouring
6808	注:あくまでおしぼりです		Pouring :It's just a wet towel
6809	泥だらけ		Covered in mud
6810	波打際のむろみさん		Muromi at the water's edge
6811	泡吹き		Foaming
6812	泡なのか…?		Is it foam...?
6813	泡		Foam
6814	沸き立つエロス		Boiling eros
6815	沧岚		Cang Lan
6816	沢渡ほのか		Sawada Honoka
6817	沢井結乃		Sawai Yuno
6818	沙花叉クロ		Shaka Kuro
6819	沙村広明『人でなしの恋』		Samura Hiroaki "A Heartless Love"
6820	沙恩霍斯特		Shaon Khosit
6821	沙九葉(SAKYUUBA)		Shakyuuba
6822	沓沢真生		Kutsuzawa Mao
6823	決めポーズ		Signature pose
6824	池倉マリナ		Ikekura Marina
6825	江風改二		Kawafu Kai Ni
6826	江風(アズールレーン)	©	Kawakaze (Azur Lane)
6827	汚メイド喫茶		Dirty maid cafe
6828	汚れ足		Dirty feet
6829	汗だくセックス		Sweaty sex
6830	汉服		Hanfu
6831	汁男優	cum	Cumming actor
6832	汁濁		Fluid
6833	永遠の七日		Eternal Seven Days
6834	永远的七日之都		Eternal Seven Days City
6835	永远的7日之都		Eternal 7 Days City
6836	永吉昴		Nagayoshi Subaru
6837	永井豪		Go Nagai
6838	氷結のアスタロト		Frozen Astaroth
6839	氷川紗夜		Hikawa Sayo
6840	氷室鐘		Himuro Kane
6841	氷		Ice
6842	水龍舞		Water Dragon Dance
6843	水魔法		Water Magic
6844	水面下		Below the Surface
6845	水霊使いエリア		Water Spirit User Eria
6846	水鉄砲		Water Gun
6847	水野		Mizuno
6848	水遊び		Water Play
6849	水谷絵理		Mizutani Eri
6850	水蘭児		Mizuranji
6851	水着霊夢	swim	Swimsuit Reimu
6852	水着跡	swim	Swimsuit Marks
6853	水着ブーツ	swim	Swimsuit Boots
6854	水着パーカー	swim	Swimsuit Hoodie
6855	水着タイツ	swim	Swimsuit Tights
6856	水着ジャージ	swim	Swimsuit Jersey
6857	水着グレア	swim	Swimsuit Glare
6858	水着エプロン	swim costume	Swimsuit Apron
6859	水着ウマ娘	swim	Swimsuit Uma Musume
6860	水着のスイレン	swim	Swimsuit Suiren
6861	水玉コラ		Polka Dot Collage
6862	水瀬渚		Minase Nagisa
6863	水濡れ		Soaked
6864	水浴びエルフシリーズ		Water Bathing Elf Series
6865	水泳	swim	Swimming
6866	水橋パルスィ		Mizuhashi Parsee
6867	水樹奈々		Mizuki Nana
6868	水木聖來		Mizuki Seira
6869	水月		Mizuki
6870	水星纪念		Mercury Memorial
6871	水手服	swim	Swimsuit Suit
6872	水戸郁魅		Mito Ikumi
6873	水彩		Watercolor
6874	水嶺のシズク		Waterdrop of the Water Ridge
6875	水城結華		Yuka Mizuki
6876	水城不知火		Shiranui Mizuki
6877	水兰儿		Ran'er Mizuki
6878	水中結合		Underwater Union
6879	水のエレメンタル		Water Elemental
6880	水		Water
6881	気絶		Fainting
6882	気密服		Airtight Suit
6883	民族衣装		Traditional Costume
6884	民族		Ethnicity
6885	民意(エロ)が活かされた		Public Opinion (Erotic) Was Applied
6886	比叡(アズールレーン)	©	Hiei (Azur Lane)
6887	比叡		Hiei
6888	毒药		Poison
6889	母蜘蛛		Mother Spider
6890	母狗	beast	Mother Dog
6891	母娘丼		Mother-Daughter Bowl
6892	母乳鉄砲	tit milk	Breast Milk Gun
6893	母乳極め	tit milk	Breast Milk Mastery
6894	母乳体質	tit milk	Breast Milk Constitution
6895	殺生院リリィ		Lily Sesshouin
6896	殺生院キアラ(水着)	swim ©	Chiara Sesshouin (Swimsuit)
6897	段ボール		Cardboard
6898	死霊魔術師メメント		Necromancer Memento
6899	死の悪魔		Death Demon
6900	死なずの姫君		Immortal Princess
6901	歴代女性同行者		Successive Female Companions
6902	歯磨きフェラ	mouth	Toothbrush Fellatio
6903	歯形		Toothprints
6904	歩くセックス		Walking Sex
6905	武道家		Martial Artist
6906	武藏		Musashi
6907	武蔵改二		Musashi Kai Ni
6908	武蔵ちゃん		Musashi-chan
6909	武蔵(アズールレーン)	©	Musashi (Azur Lane)
6910	武田弘光		Takeda Hiromitsu
6911	武器屋カトレア		Weapon Shop Cattleya
6912	武器		Weapons
6913	武内優香		Takeuchi Yuka
6914	武具		Armor
6915	正面絵		Front view
6916	正義のセーラー服ナイト		Justice Sailor Suit Knight
6917	正経同人		Authentic Doujinshi
6918	歌住サクラコ		Kazumi Sakurako
6919	欲情		Lust
6920	欲尿	uro lust	Lust for urine
6921	次の犠牲者		Next victim
6922	欠损		Damage
6923	櫻待冬子		Sakuramachi Fuyuko
6924	櫛谷智子		Kushitani Tomoko
6925	機動戦士ガンダム第08MS小隊		Mobile Suit Gundam 08th MS Team
6926	機動戦士ガンダムGQuuuuuuX		Mobile Suit Gundam GQuuuuuuX
6927	機動戦士ガンダム		Mobile Suit Gundam
6928	機動戦士Ζガンダム		Mobile Suit Zeta Gundam
6929	橙汁		Orange Juice
6930	橙		Orange
6931	橘ヒカリ		Tachibana Hikari
6932	橘ノゾミ		Tachibana Nozomi
6933	橘サクヤ		Tachibana Sakuya
6934	樫野		Kashino
6935	横山千佳		Yokoyama Chika
6936	横チン		Yokochin
6937	槍間くるみ		Yarima Kurumi
6938	槌永ヒヨリ		Tsuchinaga Hiyori
6939	榛名ちゃんマジ天使		Haruna-chan is a real angel
6940	榛名(艦隊これくしょん)	©	Haruna (Fleet) Collection)
6941	榛名(アズールレーン)	©	Haruna (Azur Lane)
6942	榊原里美		Sakakibara Satomi
6943	極限機能測試中		Extreme Function Test in Progress
6944	極太ディルド/馬ディルド		Extra Thick Dildo/Horse Dildo
6945	極上の谷間		Ultimate Cleavage
6946	極上の腹筋		Ultimate Abs
6947	極上の腋		Ultimate Armpits
6948	極上の胸チラ		Ultimate Glimpse of Chest
6949	極上の背中		Ultimate Back
6950	極上の肌		Ultimate Skin
6951	極上の太もも		Ultimate Thighs
6952	極上の乳…	tit	Ultimate Breasts...
6953	極上の乳/魅惑の谷間	tit	Ultimate Breasts/Enchanting Cleavage
6954	極上の乳/首輪/しゃがみ/乳寄せ/放尿/飲尿/水たまり	tit uro mouth	Superb breasts/collar/squatting/breast pressing/urination/drinking urine/puddle
6955	極上のM		Ultimate Masochist
6956	楠琴葉		Kusunoki Kotoha
6957	楊貴妃		Yang Guifei
6958	椎名唯華		Shiina Yuika
6959	椎名千鶴		Shiina Chizuru
6960	椅子取りゲーム		Musical Chairs
6961	棺零		Hitsuji Rei
6962	森羅万象		All Things in Nature
6963	森様		Mori-sama
6964	森島はるか		Morishima Haruka
6965	森カリオペ		Mori Calliope
6966	棘バイブ		Thorn Vibrator
6967	棒球		Baseball
6968	棒アイス		Ice Pop
6969	梶山浩		Kajiyama Hiroshi
6970	梓		Azusa
6971	梅花十三		Baika Jusan
6972	桜田ハネ		Sakurada Hane
6973	桜田のり		Sakurada Nori
6974	桜森真帆		Sakuramori Maho
6975	桜崎華菜		Sakurazaki Kana
6976	桜島麻衣		Sakurajima Mai
6977	桜守歌織		Sakuramori Kaori
6978	桜坂しずく		Sakurazaka Shizuku
6979	桜井真一		Sakurai Shinichi
6980	桜井夢子		Sakurai Yumeko
6981	桜井千里		Sakurai Chisato
6982	桜井ミヨ		Sakurai Miyo
6983	桑山千雪		Kuwayama Chiyuki
6984	桐生キキョウ		Kiryu Kikyo
6985	桐条美鶴		Kirijo Mitsuru
6986	桃鈴ねね		Momosuzu Nene
6987	桃祈		Momoki
6988	桃子ちゃん		Momoko-chan
6989	桃井愛莉		Momoi Airi
6990	桃まん		Momoman
6991	格闘		Fighting
6992	格差姦		Disparity Rape
6993	根性焼き		Branding
6994	根倉杏子		Nekura Kyoko
6995	校舎		School Building
6996	栞葉るり		Shioriha Ruri
6997	栗林志乃		Kuribayashi Shino
6998	栗みたいな口	mouth	Clit-like Mouth
6999	柴田美月		Shibata Mizuki
7000	柚鳥ナツ		Yuzutori Natsu
7001	柚子		Yuzu
7002	柔らか唇		Soft Lips
7003	柊柚子		Hiiragi Yuzu
7004	柄ニー		Pattern Knee
7005	枕営業		Pillow Business
7006	极上の女体		Ultimate Female Body
7007	松柏彩歌		Matsuba Ayaka
7008	松本頼子		Matsumoto Yoriko
7009	松本沙理奈		Matsumoto Sarina
7010	松山夢姫		Matsuyama Yumehime
7011	松堂言葉		Matsudo Kotoba
7012	東風舞希		Higashi Kaze Maiki
7013	東雲幽紀		Shinonome Yuki
7014	東雪蓮		Higashi Setsuren
7015	東條希生誕祭2017		Higashi Touhou Nozomi Birthday Celebration 2017
7016	東条希		Touhou Nozomi
7017	東方遊兎戯		Touhou Yuutogi
7018	東方逆遊兎		Touhou Gyakuyuuto
7019	東方輝針城		Touhou Kishinjou
7020	東方紺珠伝		Touhou Kanjuden
7021	東方紅楼夢		Touhou Kouroumu
7022	東方百合	not_solo yuri ©	Touhou Yuri
7023	東方深秘録		Touhou Shinpiroku
7024	東方横顔美人		Touhou Yokogao Bijin
7025	東方助平服		Touhou Sukehifuku
7026	東方メイド服		Touhou Maid Outfit
7027	東方ドリンクバー		Touhou Drink Bar
7028	東方うごイラ		Touhou Ugoirara
7029	東方PROJECT		Touhou PROJECT
7030	東山コベニ		Touhou Kobeni
7031	東城綾		Touhou Aya
7032	東和		Touhou Wa
7033	東北イタコ		Touhou Itako
7034	杭打ち騎乗位		Pile Driving Riding Position
7035	杭打ち		Pile Driving
7036	来生瞳		Kiseki Hitomi
7037	杜乃こりす		Mori no Korisu
7038	村雨		Murasame
7039	材质		Material
7040	杏仁豆腐		Almond Tofu
7041	李素裳		Li Sushang
7042	李原りこ		Li Hara Riko
7043	杉本彩		Sugimoto Aya
7044	朽葉千咲		Kuchiba Chisaki
7045	机械姦		Mechanical Rape
7046	机械		Mechanical
7047	朴ゆう		Park Yuu
7048	朱鸢		Touhou (Crimson Bird)
7049	朱雀の化身・レイラン		Reiran, the Incarnation of Suzaku (Vermilion Bird)
7050	札束		Wrap of cash
7051	本編でも堕ちました		She fell in the main story as well
7052	本番は何も言えなくなってから		The real thing begins when she can no longer say anything
7053	本田珠輝		Tamaki Honda
7054	本田未央		Mio Honda
7055	本条寺あきら		Akira Honjouji
7056	本当は怖い幻想郷		Gensokyo is actually scary
7057	未花		Mika
7058	未経験(だった)		Inexperienced (I was)
7059	未来(閃乱カグラ)	©	Mirai (Senran Kagura)
7060	未亡人		Widow
7061	木漏れ日		Sunlight filtering through the trees
7062	朝顔ハナエ(応援団)	©	Hanae Asagao (Oendan)
7063	朝顔		Morning glory
7064	朝霧陽子		Yoko Asagiri
7065	朝潮(艦隊これくしょん)	©	Asashio (Kantai Collection)
7066	朝潮		Asashio
7067	朝比奈まふゆ		Mafuyu Asahina
7068	朝ヶ谷琳		Rin Asagaya
7069	望月穂波		Honami Mochizuki
7070	服部半蔵鮎香		Ayuka Hattori Hanzo
7071	服交換		Clothes exchange
7072	服の上から乳を吸う	tit	Sucking breasts over clothes
7073	服と自由を奪われた状態で顔以外鞭打ち	ryona	Whipping everywhere except the face while deprived of clothes and freedom
7074	有馬かな		Kana Arima
7075	有栖川夏葉		Natsuha Arisugawa
7076	月里光		Hikari Tsukisato
7077	月読調		Shirabe Tsukuyomi
7078	月読アイ		Ai Tsukimura
7079	月村手毬		Tsukimura Temari
7080	月岡恋鐘/白瀬咲耶/桑山千雪/有栖川夏葉		Kogane Tsukioka / Sakuya Shirase / Chiyuki Kuwayama / Natsuha Arisugawa
7081	月光(閃乱カグラ)	©	Gekkou (Senran Kagura)
7082	月の獅子		Lion of the Moon
7083	月		Moon
7084	最高の笑顔		Best smile
7085	最愛チアモ		My dearest Cheerleader
7086	最古シリーズ		Oldest series
7087	最上(艦隊これくしょん)	©	Mogami (Kantai Collection)
7088	最カワ☆		Cutest☆
7089	書道		Calligraphy
7090	書初め		First calligraphy of the year
7091	更衣室		Changing room
7092	曲(パニグレ)		Song (Punishing Grey)
7093	曲		Song
7094	曙		Dawn
7095	暴露		Exposure
7096	暴雨		Storm
7097	暴力		Storm Power
7098	暗黒プリンセス		Dark Princess
7099	暑中見舞い		Summer Greeting Card
7100	暁美ほむら		Akemi Homura
7101	暁山瑞希		Akiyama Mizuki
7102	暁切歌		Akatsuki Kirika
7103	晴れ着		Formal Attire
7104	普瑞賽斯		Pruiser
7105	普尔亚		Pruiser
7106	時雨改二		Shigure Kai Ni
7107	時津風		Tokitsukaze
7108	時崎狂三		Tokisaki Kurumi
7109	昼寝好きのラピヌ		Lapine, the Nap-Loving One
7110	昼寝		Nap
7111	春原彩花		Sunohara Ayaka
7112	春原シュン		Sunohara Shun
7113	春先のどか		Harusaki Nodoka
7114	春乃撫子		Haruno Nadeshiko
7115	春丽		Haruno Rei
7116	春の習い		Spring Practice
7117	映姫		Eiki
7118	星野ルビー		Hoshino Ruby
7119	星野ありす		Hoshino Alice
7120	星輝子		Hoshi Teruko
7121	星见雅		Hoshimi Miyabi
7122	星空		Starry Sky
7123	星汐seki		Hoshishio Seki
7124	星欲少女		Star-Desire Girl
7125	星柄パンツ		Star Patterned Pants
7126	星条旗ビキニ	swim	Stars and Stripes Bikini
7127	星律动		Starry Rhythm
7128	星奈		Hoshina
7129	星塔旅人		Hoshito Tabibito
7130	星ホタ		Hoshi Hota
7131	昔の金箔と同レベルの封入。。		Enclosed at the same level as the old gold foil.
7132	昏昏アリア		Konkon Aria
7133	明石		Akashi
7134	明前奶绿	milk	Green breast milk
7135	早乙女乱馬		Saotome Ranma
7136	早乙女らんま		Saotome Ranma
7137	旧スク水	swim	Old School Swimsuit
7138	旧スク	swim	Old School Swimsuit
7139	日野森志歩		Hinomori Shiho
7140	日焼		Sunburn
7141	日本刀		Japanese Sword
7142	日本アニメ(-ター)見本市	event	Japan Animator Expo
7143	日影(閃乱カグラ)	©	Hikage (Senran Kagura)
7144	日常		Everyday Life
7145	日向雏田		Hinata Hina
7146	日下部みさお		Kusakabe Misao
7147	既成事実		Established Fact
7148	无量塔姬子		Muryoto Himeko
7149	无修		Unrepaired
7150	旗風(艦隊これくしょん)	©	Hatakaze (Kantai Collection)
7151	旗風		Hatakaze
7152	旋光の輪舞		Senko no Rondo
7153	新田ーニャ		Nitta Nya
7154	新年雪合戦		New Year's Snowball Fight
7155	新島真		Niijima Makoto
7156	新山みすず		Niiyama Misuzu
7157	新刊サンプル		New Book Sample
7158	新入生		New Student
7159	新党のほほん		New Party Nohohon
7160	新体操		Rhythmic Gymnastics
7161	新しい表現		New Expression
7162	断髪		Haircut
7163	断面		Cross-section
7164	斬妖Raksasi		Raksasi the Demon Slayer
7165	斗罗大陆		Tou Luo Continent
7166	斗破苍穹		Tou Ha Cang Qiu
7167	斑鳩ルカ		Ikaruga Luka
7168	斎森美世		Saimori Miyo
7169	斉藤洋子		Saito Yoko
7170	文化祭		Cultural Festival
7171	文		Text
7172	敵艦隊のチャイドル	©	Enemy Fleet's Child Idol
7173	敵艦隊のグラドル	©	Enemy Fleet's Gravure Idol
7174	整備士		Mechanic
7175	教堂		Church
7176	敗北者		Loser
7177	敖闰		Ao An
7178	放送事故		Broadcast Accident
7179	放課後		After School
7180	放心		Dazed
7181	放尿プレイ	uro	Piss play
7182	攻撃ボタン長押し状態!!		Attack Button Long Press!!
7183	改造人間		Cyborg
7184	支配の悪魔		Dominating Demon
7185	攝影		Photography
7186	擬獣化		Anthropomorphism
7187	擬牝台		Anthropomorphic Female Table
7188	擬人		Personification
7189	撮影会		Photo Shoot
7190	撮る人は撮られる人		The Photographer is the Photographed
7191	撫で回したくなる尻		A Butt You Want to Stroke
7192	撞球台		Billiard Table
7193	摩耶(艦隊これくしょん)	©	Maya (Kantai Collection)
7194	摩多羅隠岐奈		Matara Okina
7195	搾精艦		Squeeze Fine ship
7196	搾乳器	milk gear	Milking machine
7197	搖滾是淑女的嗜好		Rolling is a lady's preference
7198	揺れる胸	tit	Shaking breasts
7199	援助交配		Assisted mating
7200	援交の御子		Child of compensated dating
7201	插圖		Illustration
7202	描かせていただきました		I was allowed to draw it
7203	描いてもいいのよ(レス		You can draw it (reply)
7204	揉みしだきたい		I want to knead them
7205	揉みしだき		Knead them
7206	掴み易い髪の毛		Easy-to-grab hair
7207	掴みシーツ		Grab the sheets
7208	掰穴		Pull the hole
7209	接写		Close-up
7210	探検ドリランド		Exploration Driland
7211	授業		Class
7212	授乳手マン	tit milk dick	Breastfeeding handjob
7213	授乳ブラ	tit	Breastfeeding bra
7214	捨て猫		Stray cat
7215	捕食		Predation
7216	捕獲		Capture
7217	挟尿	tit uro	Piss between breasts
7218	挟みたい乳	tit	Breasts I want to hold between
7219	挟まれたい		I want to be held between
7220	指輪コキ	mouth dick	Ring blowjob
7221	指輪っか手コキ	dick	Ring handjob
7222	指輪っか		Ring
7223	指揮官(アズールレーン)	©	Commander (Azur Lane)
7224	指折り		Finger counting
7225	指南ショーコ		Instructor Shoko
7226	指切り		Finger Cutting
7227	指入れ	insert	Finger insertion
7228	指ブラ		Finger bra
7229	指フェラ	mouth	Finger fellatio
7230	指チュパ		Finger sucking
7231	指コキ	dick	Finger job
7232	指ぬきグローブ		Fingerless glove
7233	持物戦争		Possession war
7234	拳銃		Handgun
7235	拡張/拡張済み/Dilation_belt/ガバマン/肉便器	uro	Expansion/Expanded/Dilation_belt/Gabaman/Meat toilet
7236	拘束絶頂		Restrained orgasm
7237	拘束ミトン		Restrained mittens
7238	拘束おもらし		Restrained wetting
7239	拘束/緊縛	bond	Restrained/Bondage
7240	拘束/ニードルプレイ/器具くぱぁ/ぐぱぁ/拡張済み		Restrained/Needle play/Device spread open/Gooey/Expanded
7241	拘束/ぐぱぁ/拡張		Restrained/Gooey/Expanded
7242	拉珠		Picking up
7243	抽腸		Enema
7244	押田(GuP)	©	Oshida (GuP)
7245	押し倒し		Pushing down
7246	押しボタン式信号機		Push-button traffic light
7247	抱きしめる		Hugging
7248	护士		Nurse
7249	技絵		Technique drawing
7250	扳机		Pushing machine
7251	托卵		Cuckooing
7252	打屁股	ass	Hitting Buttocks
7253	才羽ミドリ		Saiha Midori
7254	手錠/鎖/ずらし挿入/騎乗位/キャミソール/肩紐ずらし	insert	Handcuffs/Chains/Sliding Insertion/Cowgirl Position/Camisole/Sliding Shoulder Straps
7255	手綱乳首	nip	Nipple Reins
7256	手淫	mast	Masturbation
7257	手ブラは洋服		Hand Bra as Clothing
7258	手ハート		Hand Heart
7259	手コキ素振り	dick	Handjob Practice
7260	手ぶら		Handless
7261	扇風機ぶわさ		Fan Blowing
7262	所恵美		Tokoro Megumi
7263	戦闘員		Combatant
7264	戦術教官ケイティ		Tactical Instructor Katie
7265	戦艦少女R		Battleship Girl R
7266	戦艦ル級		Battleship Ru-class
7267	戦士♀︎		Warrior♀︎
7268	戦場のヴァルキュリア		Valkyria Chronicles
7269	戦國ストレイズ		Sengoku Strays
7270	戦国ランス		Sengoku Rance
7271	戦国コレクション		Sengoku Collection
7272	戦国IXA		Sengoku IXA
7273	戦利品		Spoils of War
7274	戦刃むくろ		Ikusaba Mukuro
7275	戦争の悪魔		Demon of War
7276	戦乙女エミリア		Valkyrie Emilia
7277	战败		Defeated
7278	战舰少女R		Battleship Girl R
7279	战绳		War rope
7280	战双帕弥什		War double-pepper Mish
7281	我的愛人		My lover
7282	我慢		Patience
7283	我恨你像块木头		I hate you like a piece of wood
7284	我妻由乃		My wife Yuno
7285	我が子を孕め		Conceive my child
7286	我々の業界では最上のご褒美です		It's the highest reward in our industry
7287	我々の宗派では神徳です		It's a divine virtue in our sect
7288	成熟		Maturity
7289	成海萌奈		Narumi Mona
7290	成人向け		Adult content
7291	懺悔室		Confession booth
7292	懶妹		Lazy girl
7293	懲罰		Punishment
7294	感度3000倍		Sensitivity 3000 times higher
7295	愛麗絲·泰姆菲爾德		Elise Tamfild
7296	愛清フウカ		Aisei Fuuka
7297	愛液飲ませ		Let me drink your love juice
7298	愛液トロトロおまんこ	pussy	Your pussy is dripping with love juice
7299	愛園愛美		Aizono Aimi
7300	愛原ほなみ		Aihara Honami
7301	愛の蜜		The nectar of love
7302	愛のあるアナルセックス	anus	Anal Sex with Love
7303	愛と希望の暁星		A Dawn Star of Love and Hope
7304	惚れときどきヌクもり		Infatuation and Occasional Warmth
7305	悪魔羽		Demon Wings
7306	悪魔祓い		Exorcism
7307	悪魔姉妹		Demon Sisters
7308	悪魔城ドラキュラ		Castlevania
7309	悪魔のヘアバンド		Demon Headband
7310	悪魔っ子		Demon Girl
7311	悪鬼スマイル		Evil Demon Smile
7312	悪戯		Mischief
7313	悪役令嬢		Villainess
7314	悪堕		Fallen into Evil
7315	悪キュアビューティ		Evil Cure Beauty
7316	悩殺		Captivating
7317	悠久幻想曲		Eternal Fantasy
7318	恵庭椎		Eniwa Shiina
7319	恥ずかしい滝		Embarrassing Waterfall
7320	恥じらい		Shyness
7321	恒例行事		Regular Event
7322	恐怖脱糞	sca	fear-induced defecation
7323	恐怖に支配された鎮守府		Naval Base Dominated by Terror
7324	恐怖		Terror
7325	恐山アンナ		Osoreyama Anna
7326	恍惚		Ecstasy
7327	恋慕のコンパニオン		A Companion of Love
7328	恋愛		Romance
7329	怪盗ジャンヌ		Phantom Thief Jeanne
7330	怪物		Monster
7331	怪奇ゾーングラビティフォールズ		Gravity Falls
7332	性行為		Sexual intercourse
7333	性欲の権化		Embodiment of lust
7334	性欲		Sexual desire
7335	性教育実習		Sex education practice
7336	性感		Sensual sensation
7337	性女		Sex woman
7338	性大祭9		Sex Festival 9
7339	性夜		Sex night
7340	性器破壞		Genital destruction
7341	性具散乱		Scattered sex toys
7342	性具		Sex toys
7343	性の自由研究		Sexual free research
7344	急所責め		Target attack
7345	急所攻撃		Vital spot attack
7346	急性アルコール中毒		Acute alcohol poisoning
7347	快感携帯電話相談室		Pleasure cell phone consultation room
7348	忘归人		Forgotten person
7349	志村ー!漢字漢字!		Shimura! Kanji Kanji!
7350	志木麗佳		Shiki Reika
7351	忍び		Ninja
7352	心臓貫通	insert	Heart penetration
7353	心臓		Heart
7354	心夏		Kokona
7355	徳川まつり		Tokugawa Matsuri
7356	微笑み		Smile
7357	御札		Talisman
7358	御巫(遊戯王)	©	Shrine maiden (Yu-Gi-Oh!)
7359	御巫		Mikoto
7360	御子神リコ		Mikogami Riko
7361	御咲灯花		Misaki Touka
7362	後ろ矢筈		Arrowhead behind
7363	後ろ手		Hands behind back
7364	後ろから見えるおっぱい	tit	Boobs visible from behind
7365	律子		Ritsuko
7366	影森みちる		Kagemori Michiru
7367	彩華		Ayaka
7368	形くっきりペニス	dick	Clearly defined penis
7369	强迫		Coercion
7370	强暴		Rape
7371	弹丸论破		Bullet gun refutation
7372	強気		Confident
7373	強制飲食		Forced eating and drinking
7374	強制百合	not_solo yuri	Forced yuri
7375	強制オナニー	sm mast	Forced masturbation
7376	強制くぱぁ		Forced spread legs
7377	強催眠club		Strong hypnosis club
7378	強催淫性フェロモン噴出		Strong aphrodisiac pheromone release
7379	弱音ハク		Weak Haku
7380	弦巻マキ		Tsurumaki Maki
7381	弦乃咲のお題箱		Tsurunosaki's suggestion box
7382	张腿		Spread legs
7383	弟は見た		My younger brother saw
7384	弓道		Kyudo (Japanese archery)
7385	弓矢		Bow and arrow
7386	弓田信哉		Yumita Shinya
7387	弓兵ソーマ		Archer So M
7388	弓使い		Archer
7389	弁財天(モンスト)	©	Benzaiten (Monster Strike)
7390	弁財天		Benzaiten
7391	弁天(うる星やつら)	©	Benten (Urusei Yatsura)
7392	弁天		Benten
7393	开大车		Large vehicle
7394	廣井きくり	clit	Hiroi Kikuri
7395	廉恥		Shameless
7396	廃病院		Abandoned hospital
7397	廃墟		Ruins
7398	廃人(ガチ)量産機		Mass-producing machine for hardcore addicts
7399	废墟图书馆		Ruins library
7400	店員さん		Shop assistant
7401	店員		Shop assistant
7402	底なし沼		Bottomless swamp
7403	床舐め	tongue	Floor licking
7404	幽霊娘		Ghost girl
7405	幽灵鲨		Ghost shark
7406	幽灵娘		Ghost girl
7407	幼児化		Infancy
7408	幻想郷一位の藍さま		Gensokyo's number one, Ran-sama
7409	幻想		Fantasy
7410	幻夢戦記レダ		Genmu Senki Leda
7411	幸せの象徴		Symbol of happiness
7412	年賀イラスト		New Year's illustration
7413	年末のご挨拶		Year-end greetings
7414	平野美晴		Hirano Miharu
7415	平和		Peace
7416	師匠ランサー		Master Lancer
7417	希露·珂露蒂娅		Kirou · Karutiya
7418	布越し射精	cum	Ejaculation through cloth
7419	布越しセックス		Sex through cloth
7420	布田裕美音		Yumi Futa
7421	布団		Futon
7422	市川雛菜		Hinana Ichikawa
7423	市中引き回し		Public parade
7424	巾着袋		Drawstring bag
7425	巳年		Year of the Snake
7426	差分希望		Difference requested
7427	巫女水着	swim costume	Shrine maiden swimsuit
7428	巨根白腰夢	dick	Huge penis white waist dream
7429	巨尻/調教		Huge ass/training
7430	巨大的蛋蛋		Giant eggs
7431	巨大ロボット		Giant robot
7432	巨乳魔王の敗北	tit	Defeat of the big-breasted demon lord
7433	巨乳長	tit	Big-breasted leader
7434	巨乳兵	tit	Big-breasted soldier
7435	巨乳ランドセル	tit	Big-breasted schoolbag
7436	巨乳ファンタジー	tit	Big-breasted fantasy
7437	巨乳キャラクター	tit	Big-breasted character
7438	巨乳を超えた大巨乳	tit	Big breasts beyond big breasts
7439	巨マン/巨クリ/巨乳首/小陰唇/サンタコス/アナルパール	clit pussy anus nip	Huge pussy/Huge clitoris/Big nipples/Labia minora/Santa costume/Anal Pearl
7440	巨マン		Giant Man
7441	左手薬指		Left Ring Finger
7442	左右非対称乳	tit	Asymmetrical Breasts
7443	工口处刑		Erotic Execution
7444	巡洋艦		Cruiser
7445	川島瑞樹		Mizuki Kawashima
7446	川島みなみ		Minami Kawashima
7447	川咲さくら		Sakura Kawasaki
7448	川内		Sendai
7449	川井モナ		Mona Kawai
7450	崩壊;スターレイル		Collapse; Star Rail
7451	崩坏星穹铁道Honkai:		Collapse Star Rail Honkai:
7452	崩坏		Collapse
7453	崩三		Collapse III
7454	島風の服		Shimakaze's Clothes
7455	島風(艦隊これくしょん)	©	Shimakaze (Kantai Collection)
7456	島田千代		Chiyo Shimada
7457	島村卯月/前川みく/水本ゆかり/乙倉悠貴/佐久間まゆ		Uzuki Shimamura/Miku Maekawa/Yukari Mizumoto/Yuki Otogura/Mayu Sakuma
7458	島村		Shimamura
7459	峰津院都		Miyako Minezuin
7460	峰不二子		Fujiko Mine
7461	岩永琴子		Kotoko Iwanaga
7462	岡崎みく		Miku Okazaki
7463	岁己sui		Seiji ui
7464	山神カルタ		Yamagami Karuta
7465	山猪		Yama Inoshishi
7466	山本玲		Yamamoto Rei
7467	山城由依		Yamashiro Yui
7468	山城(アズールレーン)	©	Yamashiro (Azur Lane)
7469	屍姦		Necrophilia
7470	屋内		Indoors
7471	屈辱/恥辱/辱め/羞恥/無様エロ/尊厳破壊/痴態		Humiliation/Disgrace/Shame/Shame/Unseemly Erotic/Destruction of Dignity/Lewd Behavior
7472	尿道処刑	pussy expose ryona	Urethral execution
7473	尿道/Dilation_belt_ぐぱぁ/拡張/子宮口	pussy expose gear	Urethra/Dilation belt/spread/dilation/cervix
7474	尿浴び	uro	Urine bath
7475	尿欲	uro lust	Urine desire
7476	尿ぶっかけ	uro cum	Urine bukkake
7477	尾鳥たん		Otori Tan
7478	尾刃カンナ		Oba Kanna
7479	尼奥波莉丹		Amaoku Haritan
7480	尻鷲掴み	ass	Butt Grab
7481	尻肉	ass	Butt Meat
7482	尻神様/かわいいお尻	ass	Butt God/Cute Butt
7483	尻神样	ass	Butt God Spirit
7484	尻破れ	ass	Tearing Butt
7485	尻尾オナホ	mast toy	Tail Masturbation Toy
7486	尻合わせ	ass	Butt Pressing
7487	尻にマーク	ass	Mark on Butt
7488	尸解ユヱ		Shikai Yue
7489	少女入浴中		Girl Bathing
7490	少女と裏路地		Girl in a Back Alley
7491	少佐		Major
7492	少し消化されている		Slightly Digested
7493	小麦色の肌		Wheat-colored Skin
7494	小麦肌		Tan skin
7495	小鳥遊聖		Takanashi Sei
7496	小鳥遊美羽		Takanashi Miwa
7497	小鳥遊キアラ		Takanashi Kiara
7498	小野寺小咲		Onodera Kosaki
7499	小豆沢こはね		Azusawa Kohane
7500	小豆梓		Azuki Azusa
7501	小舞		Komai
7502	小穴塞袜子		Oana Saiko
7503	小穴		Oana
7504	小瀬川白望		Osegawa Shirami
7505	小早川凛子		Kobayakawa Rinko
7506	小日向彩羽		Kohinata Iroha
7507	小悪魔王・織田信長		Little Demon King Oda Nobunaga
7508	小峠英二		Kotoge Eiji
7509	小妻要		Ozuma Kaname
7510	小便器舐め	tongue uro toilet	Licking a urinal
7511	小便シャワー	uro	Urine shower
7512	小人		Dwarf
7513	尋問		Interrogation
7514	封神		Fengshen
7515	寿真		Kotobuki Makoto
7516	寿みなみ		Kotobuki Minami
7517	対魔忍アサギ(アニメ)	tm	Taimanin Asagi (anime)
7518	対魔忍RPG		Taimanin RPG
7519	対面座位		Face-to-face sitting position
7520	寶月夜宵		Takatsuki Yayoi
7521	寧々たん絵		Nene-tan illustration
7522	寝転びション	uro	Peeing while lying down
7523	寝巻き		Nightgown
7524	寝室		Bedroom
7525	寝バック		Sleeping from behind
7526	寒冷フェチ		Cold fetish
7527	寒中お見舞い		Winter greetings
7528	密着		Close contact
7529	寅丸星		Toramaru Hoshi
7530	寅		Tora
7531	寄せ乳	tit	Breast cleavage
7532	家守霧子		Iemori Kiriko
7533	家具		Furniture
7534	家元		Head of the school
7535	宵崎奏		Yoizaki Kanade
7536	宴		Banquet
7537	宮廷剣士サビーネ		Court Swordsman Sabine
7538	宮崎邑		Miyazaki Yuu
7539	宮尾美也		Miyao Miya
7540	宮下愛		Miyashita Ai
7541	室内		Indoors
7542	実況		Live commentary
7543	宝瞳マリン		Hōdō Marin
7544	宝可梦		Hōkamen
7545	定点カメラ		Fixed-point camera
7546	宗教画		Religious painting
7547	完熟四季王		Ripe Four Seasons King
7548	完成		Completion
7549	完堕ちキス		Complete fall kiss
7550	完堕ち		Complete fall
7551	完全裸		Completely naked
7552	安藤(GuP)	©	Ando (GuP)
7553	安産祈願		Prayer for safe childbirth
7554	安産		Safe childbirth
7555	安心院アンジェリーナ		Anshin'in Angelina
7556	安心して下さい、生えてますよ		Don't worry, it's growing
7557	安全日		Safe day
7558	安ピンの日		Safe pin day
7559	守岸人		Morigishinto
7560	守りたい、この笑顔		I want to protect this smile
7561	宇津见绘里世		Utsumi Eriyo
7562	宇崎瞳		Uzaki Hitomi
7563	宇宙戦艦ヤマト		Space Battleship Yamato
7564	宇宙ドーナツ		Space donut
7565	宇宙		Space
7566	宇佐美みいな		Usami Miina
7567	宅配便		Delivery service
7568	宁茵		Níng yīn
7569	学生艦娘		Ningyin Student ship girl
7570	学園ロマンチカ		School Romantica
7571	学園トロイメライ		School Traumerei
7572	孕婦		Pregnant woman
7573	子宮責め		Uterine torture
7574	子宮摘出		Hysterectomy
7575	子宮オナホ	mast gear	Uterine masturbation device
7576	子宮をノック		Knocking on the uterus
7577	子宮のポーズ		Uterine pose
7578	子供化		Infancy
7579	嬲		Teasing
7580	嬉ション	uro	Peeing with joy
7581	嫐		Nǎo
7582	媚薬ローション		Aphrodisiac lotion
7583	婦人警官		Female police officer
7584	娜美		Nami
7585	娘化		Daughterification
7586	姫騎士		Princess knight
7587	姫野(チェンソーマン)	©	Himeno (Chainsaw Man)
7588	姫海棠はたて		Himekaidou Hatate
7589	姫川友紀		Himekawa Yuki
7590	姫始め		First time as a princess
7591	姫初め不可避		First time as a princess is inevitable
7592	姫		Princess
7593	委員長		Class president
7594	姉蜘蛛		Sister spider
7595	姉浜		Sister Hama
7596	姉体験週間		Sister experience week
7597	妹様マジ天使		My little sister is truly an angel
7598	妲己(Fate)	©	Daji (Fate)
7599	妲己		Daji
7600	妮露		Niro
7601	妮可		Nike
7602	妬視		Jealous gaze
7603	妖精騎士ガウェイン		Fairy knight Gawain
7604	妖怪		Yokai
7605	妖夢		Youmu
7606	妊娠確実		Pregnancy certain
7607	妊娠確定		Pregnancy confirmed
7608	妊娠DB		Pregnancy DB
7609	妃咲		Hisaki
7610	如月火煉		Kisaragi Karen
7611	如月ハニー		Kisaragi Honey
7612	奶子	milk	Milk
7613	奴隷服		Slave outfit
7614	奴隷娼婦		Slave prostitute
7615	奴隷堕ち		Fallen into slavery
7616	女魔王(ステラソラ)	©	Female Demon King (Stella Sora)
7617	女魔法使い(DQ3)	©	Female Mage (DQ3)
7618	女高中生		Female High School Student
7619	女賢者		Female Sage
7620	女装男子		Crossdressing Man
7621	女装少年		Crossdressing Boy
7622	女肉		Female Flesh
7623	女神		Goddess
7624	女相撲		Female Sumo Wrestler
7625	女盗賊		Female Thief
7626	女湯		Women's Bathhouse
7627	女格鬥家		Female Fighter
7628	女戰士		Female Warrior
7629	女戦士(DQ3)	©	Female Warrior (DQ3)
7630	女性秘書		Female Secretary
7631	女性形デジモン		Female Digimon
7632	女性同士		Female-Female
7633	女幽霊		Female Ghost
7634	女尻	ass	Female Buttocks
7635	女尊男卑		Female Supremacy
7636	女孩		Female Child
7637	女子小学生		Female Elementary School Student
7638	女子学生		Female Student
7639	女天使		Female Angel
7640	女囚縛り	bond	Female Prisoner Bondage
7641	女医		Female Doctor
7642	女化		Female Transformation
7643	女勇者(DQ3)	©	Female Hero (DQ3)
7644	女児水着	swim	Girl's Swimsuit
7645	女児ぱんつ		Girl's panties
7646	女僧侶(DQ3)	©	Female Priest (DQ3)
7647	女僕		Maid
7648	女体盛り		Female body sushi
7649	女体燭台		Female body candlestick
7650	女体化注意		Warning: Female transformation
7651	女体の神秘		Mystery of the female body
7652	女仆		Maid
7653	女上連串し喉奥	throat	Female skewered deep in the throat
7654	女レンジャー(アラド戦記)	©	Female Ranger (Dungeon Fighter Online)
7655	女モンスター		Female Monster
7656	女ピエロ		Female Clown
7657	女セルフ飲尿	uro mouth lust	Female self-drinking urine
7658	女グラップラー(アラド戦記)	©	Female Grappler (Dungeon Fighter Online)
7659	女クルセイダー(アラド戦記)	©	Female Crusader (Dungeon Fighter Online)
7660	女ガンナー		Female Gunner
7661	女の性欲		Female Sexual Desire
7662	女の子同士		Girls Together
7663	女の子の日		Girl's Day
7664	女×ふた		Female x Futa
7665	奪われた刻印		The Stolen Seal
7666	奥沢美咲		Okusawa Misaki
7667	奥村春		Okumura Haru
7668	奥戸羽スミレ		Okutoba Sumire
7669	奏流院朱美		Souryuuin Akemi
7670	奉仕部		Service Club
7671	奈奈姫		Nanahime
7672	失踪した妻からの寝取られビデオレター		A Video Letter of Infidelity from My Missing Wife
7673	夫婦以上、恋人未満。		More Than a Couple, Less Than Lovers.
7674	太極図		Taijitu
7675	太ももからこんにちは		Hello from the Thighs
7676	天馬司		Tenma Tsukasa
7677	天雨アコ(ドレス)	©	Amaame Ako (Dress)
7678	天院紅呼鈴		Ten'in Beni Korin
7679	天野陽菜	©	Amano Hina
7680	天野寧々	©	Amano Nene
7681	天野めぐみはスキだらけ!		Amano Megumi is Full of Openings!
7682	天野めぐみはスキだらけ		Amano Megumi is Full of Openings
7683	天野めぐみ	©	Amano Megumi
7684	天色*アイルノーツ		Amairo*Ailnotes
7685	天羽雅音		Amaha Masane
7686	天空橋朋花		Tenkubashi Tomoka
7687	天空の花嫁		Bride of the Sky
7688	天王洲なずな		Nazuna Tennozu
7689	天狼拳エメラルダ		Emeralda Tenrouken
7690	天火		Tenka
7691	天才		Genius
7692	天川薫子		Kaoruko Amakawa
7693	天宮薫子		Kaoruko Amamiya
7694	天城	©	Amagi
7695	天地無用!魎皇鬼		Tenchi Muyo! Ryo-Ohki
7696	天地無用!		Tenchi Muyo!
7697	天内理子		Riko Amanai
7698	天元突破グレンラガン		Tengen Toppa Gurren Lagann
7699	天使ルリエル		Angel Ruriel
7700	天使みゅ。		Angel Myu.
7701	天使の悪魔		Angel's Demon
7702	天使しかいない		Only Angels
7703	天体		Celestial Body
7704	天乳	tit	Heavenly Breasts
7705	天ノ川きらら		Kirara Amanogawa
7706	天々座理世		Rize Tedeza
7707	大黑塔		Great Black Tower
7708	大麻		Marijuana
7709	大鳳(戦艦少女)		Taihou (Battleship Girl)
7710	大鳳(META)		Taihou (META)
7711	大魔王と八つの柱駒		The Great Demon King and the Eight Pillar Pieces
7712	大鎌		Great Scythe
7713	大量放尿	uro	Massive urination
7714	大量ぶっかけ	cum	Massive Cumshot
7715	大輪姦	not_solo sex sm	Gang Rape
7716	大褐色時代		The Great Tan Era
7717	大藍祭		Great Indigo Festival
7718	大艦巨乳主義/即夜戦	tit	Big Ship Big Breast Doctrine/Night Battle
7719	大胆なおっぱい	tit	Bold Breasts
7720	大空直美		Naomi Oozora
7721	大神澪		Mio Ogami
7722	大破		Heavy Damage
7723	大淀(艦隊これくしょん)	©	Oyodo (Kantai Collection)
7724	大淀		Oyodo
7725	大気光		Great Light
7726	大槻唯/及川雫/久川凪/城ヶ崎莉嘉/藤原肇/桐生つかさ		Yui Otsuki / Shizuku Oikawa / Nagi Hisakawa / Rika Jougasaki / Hajime Fujiwara / Tsukasa Kiryu
7727	大槻唯		Yui Otsuki
7728	大根		Radish
7729	大張正己		Masami Obari
7730	大峰		Omine
7731	大屁股	ass	Big Butt
7732	大宮忍		Shinobu Omiya
7733	大姐姐		Big Sister
7734	大垣ひなた		Hinata Ogaki
7735	大喬		Da Qiao
7736	大凤		Da Feng
7737	大便	sca	Feces
7738	大人の女性		Adult Woman
7739	大人の世界		Adult World
7740	大丈夫だ、問題ない		It's Okay, No Problem
7741	大おもらし		Big Bedwetting
7742	大9州東方祭		Great 9th State Eastern Festival
7743	夢野花梨		Karin Yumeno
7744	夢幻戦士ヴァリス		Valis the Dream Warrior
7745	夜桜		Night Cherry Blossoms
7746	夜景		Night View
7747	夜叉姫		Yashahime
7748	多萝西		Taraxi
7749	多喜		Taki
7750	多人数		Many People
7751	多々良小傘		Kogasa Tatara
7752	夕部ゆり		Yuri Yube
7753	夕焼ヒノ		Hino Yuuyake
7754	夕焼け		Sunset
7755	夕暮れ		Twilight
7756	夕時雨		Evening Rain
7757	夕張		Yubari
7758	夏空のやくそく		Summer Sky Promise
7759	夏神楽		Summer Kagura
7760	夏目アンアン		An'an Natsume
7761	夏洛特		Xia Luot
7762	夏侯雪		Xiahou Xue
7763	夏休みの工作(子供)		Summer Vacation Craft (Children)
7764	夏の災難!?		Summer Disaster!?
7765	夏の思い出		Summer Memories
7766	変身		Transformation
7767	変態王子と笑わない猫。		The Perverted Prince and the Laughing Cat.
7768	変態王子と笑わない猫		The Perverted Prince and the Laughing Cat
7769	変態女		Perverted Woman
7770	変幻装姫シャインミラージュ		Shapeshifting Princess Shine Mirage
7771	売買		Buy and Sell
7772	売り切れてるよ…再販希望		Sold Out... Hoping for a Restock
7773	声望		Voice of Desire
7774	声我慢		Hold Back Your Voice
7775	士道さん美味しそうですわ		Shido-san Looks Delicious
7776	壊理		Eri
7777	壁ション	uro	Peeing Against the Wall
7778	塩見周子		Shiomi Shuko
7779	塞雷娅		Saireiya
7780	塞蕾斯蒂娅		Saireitiya
7781	堕霊夢		Fallen Reimu
7782	堕姫		Daki
7783	堕ち		Fallen
7784	堀北鈴音		Horikita Suzune
7785	埴安神袿姫		Haniyasushin Keihime
7786	城壁のハチコ		Hachiko of the Castle Wall
7787	埋まりたい乳	tit	Breasts I Want to Bury In
7788	埃塞克斯		Essex
7789	地雷		Landmine
7790	地産地消		Local Production for Local Consumption The Earth was blue
7791	地球は青かった		Hell Teacher Nube
7792	地獄先生ぬ〜べ〜		Plain
7793	地味		Underground fighting arena
7794	地下闘技場		Tabi boots
7795	地下足袋		Basement
7796	地下室		Underground idol shameful exposure live
7797	地下アイドル羞恥露出ライブ		Underground idol
7798	地下アイドル		Overwhelming survey
7799	圧倒的なアンケート		Saint Louis
7800	圣路易斯		Christmas
7801	圣诞		Christmas
7802	圣地亚哥		Santiago
7803	土佐(アズールレーン)	©	Tosa (Azur Lane)
7804	園崎魅音		Sonozaki Mion
7805	图耶		Tuya
7806	国风		National style
7807	固法美偉		Kofumii
7808	固め		Holding down
7809	図書館		Library
7810	囲夜琴音		Iya Kotone
7811	因幡はねる		Inaba Haneru
7812	四肢封印		Limb sealing
7813	四竜大公		Four Dragons Grand Duke
7814	四条貴音/三浦あずさ/桜守歌織/百瀬莉緒		Takane Shijou / Azusa Miura / Kaori Sakuramori / Rio Momose
7815	四本腕		Four Arms
7816	四国めたん		Shikoku Metan
7817	囚犯		Prisoner
7818	囚人服		Prisoner Uniform
7819	囚われの身		Captive
7820	器具くぱぁ		Spreading Device
7821	噛みつき		Biting
7822	噂のガノトトス		The Rumored Ganototos
7823	嘉米		Kamai
7824	喷水		Squirting Water
7825	喷乳	milk	Squirting Milk
7826	喪服		Mourning Clothes
7827	喉射	throat	Throat Shot
7828	喉奥射精	cum throat	Deep Throat Ejaculation
7829	商業誌		Commercial Magazine
7830	商業		Commercial
7831	商人ちゃん		Merchant-chan
7832	唾液風呂	mouth	Saliva Bath
7833	唯登詩樹		Yuito Shiki
7834	唯		Yui
7835	唐九夏还想再躺一下		Tang Jiuxia Wants to Lie Down Again
7836	唐九夏		Tang Jiuxia
7837	哪吒之魔童闹海		Nezha's Demon Child in the Sea
7838	哥布林		Goblin
7839	咲畑梨深		Sakihata Rimi
7840	咥えゴム(使用済み)	mouth	Used condom on mouth
7841	和風ビキニアーマー	costume	Japanese-Style Bikini Armor
7842	和铃		Wasuzune
7843	和泉香織		Izumi Kaori
7844	和泉愛衣		Izumi Ai
7845	和泉元エイミ(臨戦)	©	Izumi Gen Amy (Ready for Battle)
7846	和彫		Japanese tattoo
7847	和式便所		Japanese-style toilet
7848	和室		Japanese-style room
7849	咀嚼		Chewing
7850	呪術廻戦		Jujutsu Kaisen
7851	周防桃子		Suou Momoko
7852	周防有希		Suou Yuki
7853	吹雪		Fubuki
7854	吹寄制理		Fukiyose Seiri
7855	吸血鬼狩人フーリ		Vampire Hunter Furi
7856	吸血鬼		Vampire
7857	吸い付きたくなるオッパイ	tit	Boobs you want to suck on
7858	吟霖		Yin Lin
7859	吞精	cum	Swallowing semen
7860	君のことが大大大大大好きな100人の彼女		100 girlfriends who really, really, really, really love you
7861	君たちにとっては多分、パラレルワールドの出来事だ		For you, it's probably an event in a parallel world
7862	吐舌	tongue	Spitting out tongue
7863	后入式		After-entry ceremony
7864	后入		After-entry
7865	名札		Name tag
7866	名探偵プリキュア!		Detective Precure!
7867	名古屋団地		Nagoya housing complex
7868	同意せざるを得ない		I have no choice but to agree
7869	同人再録		Doujin reprint
7870	同一CP		Same pairing
7871	同キャラ		Same character
7872	吊袜带		Suspenders
7873	吊带袜天使		Suspenders and Suspenders Angel
7874	吊り革		Handrail
7875	吉田優子		Yuko Yoshida
7876	吉安娜		Anna Yoshida
7877	合法乳首	nip	Legal nipples
7878	司波深雪		Miyuki Shiba
7879	右下のパイズリ	tit dick	bottom-right paizuri
7880	台詞無し4ページ・マンガ		4-page manga with no dialogue
7881	可畏(碧蓝航线)	©	Kei (Azur Lane)
7882	可畏		Kei
7883	可琳		Karin
7884	可愛い女子		Cute girl
7885	可愛い女の子		Cute girl
7886	可哀想な藍様		Poor Lady Ran
7887	召雷剣【麒麟帝】		Summoning Thunder Sword [Kirin Emperor]
7888	召姦		Summoning Rape
7889	召喚少女		Summoning Girl
7890	古鷹(艦隊これくしょん)	©	Furutaka (Kantai Collection)
7891	古鷹		Furutaka
7892	古関ウイ		Ui Koseki
7893	古賀ゆいな		Yuina Koga
7894	古見さんは、コミュ症です		Komi Can't Communicate
7895	古装		Ancient clothing
7896	古米		Furumai
7897	古手梨花		Rika Furude
7898	古代エジプト		Ancient Egypt
7899	口隠し	mouth	Mouth Hidden
7900	口腔性交	mouth	Oral sex
7901	口球	mouth	Mouthball
7902	口内指責め	mouth	Finger torture in mouth
7903	口中射精	cum	Ejaculation in mouth
7904	口マンコ	pussy mouth	Mouth pussy
7905	口	mouth	Mouth
7906	叢雲改二		Murakumo Kai Ni
7907	叢雲/古鷹/加古		Murakumo/Furutaka/Kako
7908	受容死		Receptive death
7909	受けツリ眼		Receptive slanted eyes
7910	取扱説明書		Instruction manual
7911	反差		Contrast
7912	双葉理保		Futaba Riho
7913	双葉杏		Futaba Anzu
7914	友達の妹が俺にだけウザい		My friend's little sister is annoying only to me
7915	友人A		Friend A
7916	参加型		Participatory
7917	原神イラコン2周年衣装		Genshin Impact Illustration Contest 2nd Anniversary Outfit
7918	原画	oc	Original drawing
7919	原田真琴		Harada Makoto
7920	原尻		Harada ass
7921	原创角色	oc	Original character
7922	厚化粧		Heavy makeup
7923	即負け		Instant defeat
7924	即堕ち		Instant fall
7925	卯月		Uzuki
7926	卜灵		Buling
7927	卜卜		Bulbu
7928	博艾		Boai
7929	博礫		Boreki
7930	博安		Boan
7931	博傭		Boying
7932	単行本宣伝(成人漫画)		Book promotion (adult manga)
7933	単根		Single Root
7934	南野奏		Minamino Kanade
7935	南瓜		Pumpkin
7936	南夢芽		Minami Yume
7937	南半球×2		Southern Hemisphere x2
7938	卒アルデリヘル		Graduation Album Delivery Service
7939	卑弥呼(Fate)	©	Himiko (Fate)
7940	半龍半人		Half-Dragon, Half-Human
7941	半首(はつぶり・小具足)	©	Hantsuburi (Hatsuburi Kogusoku)
7942	半熟英雄		Half-Baked Hero
7943	午年		Year of the Horse
7944	千鶴ちゃん開発日記		Chizuru-chan Development Diary
7945	千鶴		Chizuru
7946	千鳥ヶ淵愛音		Chidorigafuchi Aine
7947	千葉凪沙		Chiba Nagisa
7948	千草ナナ		Chigusa Nana
7949	千織(原神)	©	Qianli (Genshin Impact)
7950	千枝		Chie
7951	千束		Chitsuka
7952	千早愛音		Chihaya Aine
7953	千斗		Sento
7954	千手攻め		Thousand-Armed Attack
7955	千川ちひろ		Senkawa Chihiro
7956	千堂瑛里華		Sendo Erika
7957	千凛あゆむ		Senrin Ayumu
7958	北条沙都子		Hojo Satoko
7959	北条そふぃ		Hojo Sophie
7960	北方棲姫		Northern Princess
7961	北斗(原神)	©	Beidou (Genshin Impact)
7962	北大路さつき		Kitaoji Satsuki
7963	勘解由小路ユカリ		Kadekoji Yukari
7964	動物耳	fantasy	Animal ears
7965	動物森友會	tm	Animal Crossing
7966	勇者用壁紙		Wallpaper for heroes
7967	勇者向け		For heroes
7968	勇者		Hero
7969	勇気爆発バーンブレイバーン		Courage explosion Burn Brave Burn
7970	勇儀姐さん		Yugi-nee-san
7971	勃起ペニス	dick	Erect penis
7972	加賀道夫		Kaga Michio
7973	加賀(艦隊これくしょん)	©	Kaga (Kantai Collection)
7974	加賀(アズールレーン)	©	Kaga (Azur Lane)
7975	加奈子と千尋		Kanako and Chihiro
7976	劇画		Graphic manga
7977	割烹着		Apron
7978	割れ目		Crack / Fissure
7979	剧情		Plot
7980	剥製		Stuffed animal
7981	剥ぎ取れそうなパンツ		Pants that look like they could be ripped off
7982	剣士ミーティア		Meteor swordsman
7983	剣士ショート		Short swordsman
7984	剣オナニー	mast toy	Sword masturbation
7985	前転		Forward roll
7986	前立腺		Prostate
7987	前掛けだけ隠岐奈		Okina wearing only an apron
7988	前手縛り		Hands tied in front
7989	前戯		Foreplay
7990	前屈み		Bending forward
7991	前垂れ		Apronating apron
7992	前かがみ		Leaning forward
7993	刻刀		Kokuto
7994	刻俄柏		Kokugashiwa
7995	刺青/タトゥー/巨乳首	tit	Tattoo/Tattoo/Big breasts
7996	刺客伍六七		Assassin 567
7997	制裁		Punishment / Sanctions
7998	制服裸足		Barefoot in school uniform
7999	利根型		Tone type
8000	利根(艦隊これくしょん)	©	Tone (Kantai Collection)
8001	利根		Tone
8002	利尿剤	uro	Diuretic
8003	別冊コミックアンリアル		Bessatsu Comic Unreal
8004	初風		First wind
8005	初音未来		Hatsune Miku
8006	初雪		First Snow
8007	初月		First Moon
8008	初春飾利		Kazari Hatsuharu
8009	刑務所		Prison
8010	切腹		Seppuku
8011	切株		Tree stump
8012	切原眞子		Mako Kirihara
8013	切り株		Tree stump
8014	切り取り線		Dotted line
8015	切り刻み		Chopping
8016	分身姦		Clone Rape
8017	刃物		Blade
8018	刀使ノ巫女		Toji no Miko (Sword Maiden)
8019	出したい砲台		Cannon Wanting to Release
8020	凰鈴音		Huang Lingyin
8021	処女ビッチ		Virgin Bitch
8022	処女アナル	anus	Virgin Anal
8023	凛(ウルトラヒロイン)	©	Rin (Ultra Heroine)
8024	凍傷		Frostbite
8025	冷やし女の子はじめました		Started a Chilled Girl Business
8026	冴えカノ		Saekano
8027	冥土へ誘うものアイリ		Airi, the One Who Leads to the Underworld
8028	冥冥		Meimei
8029	冒険者		Adventurer
8030	再掲		Republished
8031	再投稿		Repost
8032	円城咲耶		Enjou Sakuya
8033	円光		Enkou (compensated dating)
8034	内視鏡		Endoscope
8035	内田ユカ		Uchida Yuka
8036	兽人		Beastman
8037	共通点:へそ出し		Common Point: Bare Navel
8038	共通点:おっぱい	tit	Common Point: Breasts
8039	六郷沙織		Rokugo Saori
8040	六角形の宝石を探す本		The Book to Find Hexagonal Gems
8041	六本腕		Six Arms
8042	六本木サディスティックナイト		Roppongi Sadistic Night
8043	六尺褌		Six-Foot Loincloth
8044	公開処刑		Public Execution
8045	公有物少女		Public Property Girl
8046	公式が追いついた		Official Catch-up
8047	公園		Park
8048	公共场合		Public Place
8049	八雷神		Eight Thunder Gods
8050	八重樱		Yaezakura
8051	八重桜		Yaezakura
8052	八重の桜		Yae no Sakura
8053	八神ヒカリ		Hikari Yagami
8054	八神コウ		Kou Yagami
8055	八男って、それはないでしょう!		The Eighth Son? That Can't Be Right!
8056	八王子直人		Naoto Hachioji
8057	八潮瑠唯		Rui Yashio
8058	八代護		Mamoru Yashiro
8059	兩穴		Two Holes
8060	全身網タイツ		Full Body Fishnet Stockings
8061	全身コキ	mouth dick	Full Body Blowjob
8062	全裸露出		Nude Exposure
8063	全裸登校		Nude School Attendance
8064	全裸待機		Nude Waiting
8065	全裸コート		Nude Coat
8066	全裸になると変身バンク開始		Transformation Sequence Begins When Naked
8067	全年齢		All Ages
8068	全員集合		All Together
8069	內臟		Internal Organs
8070	入須冬実		Fuyumi Irisu
8071	入れ墨		Tattoo
8072	児玉りん		Rin Kodama
8073	児玉さん		Kodama-san
8074	兎耳		Rabbit Ears
8075	兎と人参		Rabbit and Carrot
8076	克利奥佩特拉		Christopher Petra
8077	光魔后妃リリス		Lilith, Queen of Light
8078	光神話・パルテナの鏡		Kid Icarus: Uprising
8079	光焔の御子シャルロット		Charlotte, Child of Light and Flame
8080	光焔の御子		Child of Light and Flame
8081	光影练习		Light and Shadow Practice
8082	光学迷彩		Optical Camouflage
8083	光井ほのか		Honoka Mitsui
8084	光る目		Shining Eyes
8085	光のコヤンスカヤ		Koyanskaya of Light
8086	光と水のダフネ		Daphne of Light and Water
8087	光		Light
8088	先輩最高です。		Senpai is the best.
8089	先生ありのままでイキマショウw	cum	Teacher, let's cum just as we are lol
8090	先生!中出しは修正ですか?	cum	Teacher! Is the cumshot censored?
8091	先ホシ		First Star
8092	先っぽちゅーちゅー		Tip Sucking
8093	先っちょ当て		Tip Touch
8094	先っちょフェラ	dick	Tip Fellatio
8095	優曇華		Udonga
8096	儀玄		Yi Xuan
8097	僧侶		Monk
8098	僕##のヒーローアカデミア		My Hero Academia
8099	像素		Pixel
8100	傾国		Nation-Bending
8101	傳說對決		Legendary Duel
8102	催眠調教		Hypnotic training
8103	催眠術2		Hypnotism 2
8104	催眠性指導		Hypnotic instruction
8105	催眠JKシリーズ		Hypnotic JK series
8106	催淫弾		Aphrodisiac bullet
8107	催淫媚薬粘液		Aphrodisiac slime
8108	傘木希美		Kasaki Nozomi
8109	傘		Umbrella
8110	偽島		Fake island
8111	側位		Side position
8112	停云		Stop the clouds
8113	倉敷麗華		Kurashiki Reika
8114	俺ツイ		My pigtails
8115	俺は全てを【パリイ】する		I'll parry everything
8116	俺の知ってる落書きと違う		This is different from the graffiti I know
8117	俺の名を言ってみろ		Say my name
8118	俺の主砲が一斉掃射		My main cannons fire all at once
8119	俺たちの青春		Our youth
8120	俺、ツインテールになります。		I'll have pigtails.
8121	俯瞰		Overhead view
8122	修羅場		Scene of conflict
8123	信頼のおっぱい率	tit	Reliable breast ratio
8124	信濃		Shinano
8125	信浓		Shinano
8126	便秘		Constipation
8127	便女ブラシ		Toilet girl brush
8128	便器拘束	uro	Toilet restraint
8129	便器娘たちのドラゴンクエスト	uro	Dragon Quest of toilet girls
8130	便器埋め込み	uro	Toilet embedded
8131	便器の子	uro	Toilet child
8132	便利屋68		Handyman 68
8133	便ザー		Toilet spray
8134	依田芳乃		Yoshino Yoda
8135	依存		dependence
8136	供養		memorial service
8137	侑那		Yuna
8138	侍魂		samurai spirit
8139	例大祭8コンテスト+地霊殿		Reitaisai 8 Contest + Subterranean Animism
8140	例大祭8コンテスト		Reitaisai 8 Contest
8141	例大祭14		Reitaisai 14
8142	例大祭11		Reitaisai 11
8143	例の下着		That underwear
8144	例のプール		That pool
8145	使用済みコンドームフェイスベール		Used condom face veil
8146	使い魔		Familiar spirit
8147	佩丽卡		Peika
8148	作者巡回済み		Author has already visited.
8149	作者の花村好きは異常		The author's love for Hanamura is abnormal.
8150	何故か偏るアンケート		Why is the survey so biased?
8151	何このやらしい生き物		What is this lewd creature?
8152	何かのキャラだと思う		I think it's some kind of character.
8153	体育館		Gymnasium
8154	体育着		Gym Clothes
8155	体育倉庫		Gym Storage Room
8156	体罰		Corporal Punishment
8157	体液		Body Fluids
8158	体洗い		Body Washing
8159	体外式ポルチオマッサージ		External Porchio Massage
8160	佐藤心/宮本フレデリカ		Sato Kokoro/Miyamoto Frederica
8161	佐天涙子		Saten Ruiko
8162	佐倉愛里		Sakura Airi
8163	佐倉ひびき		Sakura Hibiki
8164	佐伯麗奈		Saeki Reina
8165	佐久間怜子		Sakuma Reiko
8166	佐々木柑奈		Sasaki Kanna
8167	伪装拘束		Disguise Restraint
8168	伦道夫		Lun Do-o
8169	伝説級のテクニカル		Legendary Technical Skill
8170	伝説の勇者の伝説		The Legend of the Legendary Hero
8171	伝説のタイガー		The Legendary Tiger
8172	伝承地底世界アガルタ		Agartha, the Legendary Underground World
8173	伝勇伝		The Legend of the Legendary Heroes
8174	优香		Yuuka
8175	伏摩		Fumo
8176	伍六七		Wu Liuqi
8177	伊藤乃絵美		Ito Noemi
8178	伊薇特		Ivit
8179	伊落マリー(体操服)	©	Marie Iraku (Gym Uniform)
8180	伊莎蓓尔Isabel		Isabele Isabel
8181	伊莎蓓尔		Isabele
8182	伊草ハルカ		Igusa Haruka
8183	伊瀨見緹娜		Isemi Dina
8184	伊東一刀斎		Ito Ittosai
8185	伊吹萃香		Ibuki Suika
8186	伊什塔尔		Ishtar
8187	伊634		I-634
8188	伊25(アズールレーン)	©	I-25 (Azur Lane)
8189	伊19(アズールレーン)	©	I-19 (Azur Lane)
8190	伊168		I-168
8191	仲正イチカ		Nakasho Ichika
8192	仰け反り		Backbend
8193	仮面		Mask
8194	令嬢丼		Young Lady Donburi
8195	仙道八		Xian Dao Hachi
8196	仙界伝封神演義		Fengshen Yanyi (Legend of the Immortal Realm)
8197	仙侠		Xianxia
8198	他者変身		Transformation of Others
8199	他所様の看板娘		Another Shop's Poster Girl
8200	仕込みローター		Prepared Rotor
8201	仕事		Work
8202	今週のまで読んだ		I Read Up to This Week's Issue
8203	今夜は寝かさないぞ		I Won't Let You Sleep Tonight
8204	今井リサ		Imai Lisa
8205	人魚姦		Mermaid Rape
8206	人魚スーツ		Mermaid Suit
8207	人間椅子		Human Chair
8208	人間便器マスク	uro	Human Toilet Mask
8209	人間トイレ		Human Toilet
8210	人造人間キカイダー		Android Kikaider
8211	人造人間21号		Android 21
8212	人生終了		Life Over
8213	人権剥奪		Deprivation of Human Rights
8214	人外肌		Non-Human Skin
8215	人外百合	not_solo yuri fantasy	Non-Human Yuri
8216	人体実験		Human Experimentation
8217	人体かばん		Human Bag
8218	人それをセクハラという		People Call That Sexual Harassment
8219	京極サツキ		Kyogoku Satsuki
8220	京乃まどか		Kyono Madoka
8221	交尾		Mating
8222	交互ズリ		Alternating Rubbing
8223	亜美真美		Ami Mami
8224	亜也子(逃げ上手の若君)	©	Ayako (The Young Lord Who's Good at Running Away)
8225	五郎		Goro
8226	五花大绑		Five Flowers in a Tie
8227	五月雨(艦隊これくしょん)	©	Samidare (Kantai Collection)
8228	五月雨		Samidare
8229	五十鈴華		Isuzu Hana
8230	五十鈴牧場		Isuzu Ranch
8231	五十嵐響子		Igarashi Kyoko
8232	五十嵐梨花		Igarashi Rika
8233	互		Mutual
8234	云堇		message
8235	二穴バイブ		Two-hole vibrator
8236	二次创作		2D creation
8237	二次元ドリームマガジン		2D dream magazine
8238	二次元コミックマガジン		2D comic magazine
8239	二次元		2D
8240	二次エロ		2D erotica
8241	二宮飛鳥/鷺沢文香/白坂小梅/白雪千夜/砂塚あきら		Ninomiya Asuka / Sagisawa Fumika / Shirasaka Koume / Shirayuki Chiya / Sunazuka Akira
8242	二宮飛鳥		Ninomiya Asuka
8243	二人三脚		Three-legged race
8244	二人		Two people
8245	二プルファック	nip insert	Nipple fuck
8246	事後アイドル		Post-Costume Idol
8247	乾紗寿叶		Inui Sasuka
8248	乾心寿		Inui Shinju
8249	乳首開発	nip	Nipple Development
8250	乳首責めフェラ	nip mouth dick	Nipple Torture Fellatio
8251	乳首肥大化	nip	Nipple Enlargement
8252	乳首攻め	nip	Nipple Attack
8253	乳首吸引	nip	Nipple Suction
8254	乳首吊り/クリ吊り	clit nip	Nipple Hanging/Clit Hanging
8255	乳首切断	nip	Nipple Cutting
8256	乳首ローター	nip	Nipple Rotor
8257	乳首ボルト	nip	Nipple Bolt
8258	乳首ピアス/クリピアス/双頭ディルド/陰毛	clit nip pierc	Nipple Piercing/Clit Piercing/Double-Headed Dildo/Pubic Hair
8259	乳首ピアス/へそピアス/クリピアス/ジュエリーアナルプラグ	clit nip pierc anus	Nipple Piercing/Navel Piercing/Clit Piercing/Jewelry Anal Plug
8260	乳首ビアス	nip pierc	Nipple Piercing
8261	乳首コキ	nip  mouth dick	Nipple Blowjob
8262	乳首クランプ	nip	Nipple Clamp
8263	乳首アクセサリー	nip	Nipple Accessories
8264	乳首に防犯ブザー	nip	Security Alarm on Nipple
8265	乳首に鈴	nip	Bell on Nipple
8266	乳首に名札/乳首ピアス	nip pierc	Name Tag on Nipple/Nipple Piercing
8267	乳首ちんこ	nip	Nipple Penis
8268	乳首いじり	nip	Nipple Play
8269	乳链	nip	Nipple chains
8270	乳釘	nip	Nipple nails
8271	乳透け	nip	Nipple transparency
8272	乳輪/輪チラ	nip	Accidental areola exposure
8273	乳蜘蛛	nip	Nipple spider
8274	乳虐	nip	Nipple abuse
8275	乳色吐息	milk	Milk-Colored Sigh
8276	乳舐め	nip tongue	Nipple licking
8277	乳腺拡張	tit	Mammary Gland Dilation
8278	乳腺	tit	Mammary Glands
8279	乳胶		Latex
8280	乳股弄り	nip	Nipple and crotch play
8281	乳縛	nip	Nipple binding
8282	乳穴拡張	nip	Nipple hole dilation
8283	乳破壊	nip	Nipple destruction
8284	乳牛崎	© milk	Milky Cow Ushio Noa
8285	乳波	nip	Nipple waves
8286	乳比べ	nip	Nipple comparison
8287	乳房拷問	tit	Breast Torture
8288	乳尻太股	nip	Nipple buttocks and thighs
8289	乳刺し	nip pierc	Nipple piercing
8290	乳伸ばし	nip	Nipple stretching
8291	乳乗せ	nip	Nipple resting
8292	乳上	nip	Nipple lift
8293	乳ベルト	nip	Nipple belt
8294	乳ピアス	nip pierc	Nipple piercing
8295	乳ビンタ	nip	Nipple slapping
8296	乳ノ川きらら		Chinokawa Kirara
8297	乳テント	nip	Nipple tent
8298	乳クラウン	nip	Nipple crown
8299	乳は重そうですけどね	tit	Breasts seem heavy, though.
8300	乳の所まで飲み干したら次はまさか・・・	tit	If you drink it all the way down to the breasts, what's next...?
8301	乳のあるイケメン	tit	Handsome Man with Breasts
8302	乳なる神	tit	Goddess of Breasts
8303	乳いじめ	nip	Nipple abuse
8304	乱菊		Rangiku
8305	乱シャ		Ransha
8306	乱れ髪		Messy Hair
8307	九重椿		Kokonoe Tsubaki
8308	九邪戦乱の章		Chapter of the Nine Evil Wars
8309	九条裟羅の服		Kujo Sara's outfit
8310	九尾		Nine-Tailed Fox
8311	九一式徹甲乳	tit	Type 91 Armor-Piercing Breasts
8312	乙女ゲームの破滅フラグしかない悪役令嬢に転生してしまった…		I was reincarnated as the villainess in an otome game with nothing but doom flags...
8313	乗馬マシン		Riding machine
8314	乗っ取り		Takeover
8315	久川颯		Hisakawa Hayate
8316	乃木園子		Nogi Sonoko
8317	主サレ		Master Sare
8318	丹生谷森夏		Nibutani Morika
8319	丹瑾		Dan Jin
8320	丸眼鏡		Round glasses
8321	串刺し貫通	pierc	Impaling and piercing
8322	中間棲姫		Nakajima Abyssal Princess
8323	中長手袋		Medium-length gloves
8324	中野美玖		Nakano Miku
8325	中野四葉		Nakano Yotsuba
8326	中西獲座		Nakanishi Eiza
8327	中艦ぱい		Nakajima Pai
8328	中文		Chinese
8329	中指		Middle finger
8330	中島ぺぺろ		Nakajima Pepero
8331	中の人		The person inside
8332	両穴くぱぁ		Both Holes Spread Wide Open
8333	両手に茎/エロ蹲踞/べろちゅー/対面座位/腕輪/網タイツ		Stems in Each Hand / Erotic Squatting / French Kiss / Face-to-Face Sitting Position / Bracelets / Fishnet Stockings
8334	両手に花		A beautiful woman on each arm
8335	両儀式		Shiki Ryougi
8336	东雪莲		Yuuren Tou
8337	世界樹の迷宮		The Labyrinth of the World Tree
8338	世界樹でよくあること。		Things That Often Happen at the World Tree
8339	世界最高の暗殺者、異世界貴族に転生する		The World's Best Assassin Reincarnates as an Isekai Noble
8340	世界地図		World Map
8341	世田谷まり		Mari Setagaya
8342	丑年		Year of the Ox
8343	不良道-ギャングロード		Delinquent Way - Gang Road
8344	不良ちゃん		Delinquent Girl
8345	不良		Delinquent
8346	不破氷菓		Hyouka Fuwa
8347	不知火舞コス		Mai Shiranui Cosplay
8348	不知火舞vsかすみ		Mai Shiranui vs. Kasumi
8349	不来方とあ		Toa Kogata
8350	不夜城のキャスター		Caster of the City That Never Sleeps
8351	不二咲千尋		Chihiro Fujisaki
8352	下脱ぎセーラー		Sailor outfit with bottoms removed
8353	下着艦娘		Underwear Ship Girl
8354	下痢便		Diarrhea
8355	下江コハル		Shimoe Koharu
8356	下水道		Sewer
8357	下品		Vulgarity
8358	下克上		Overthrowing the established order
8359	下乳艦娘南半球進出作戦	tit	Operation Southern Hemisphere Expansion of the Underboob Ship Girls
8360	下ネタという概念が存在しない退屈な世界マン●篇		A boring world where the concept of dirty jokes doesn't exist: Man Chapter
8361	下ネタという概念が存在しない退屈な世界		A boring world where the concept of dirty jokes doesn't exist
8362	下ズレ		Slipping Down
8363	下にも出したい		Want to Put It Down Too
8364	上野さんは不器用		Ueno-san is Clumsy
8365	上藤政樹		Masaki Kamifuji
8366	上葉みあ		Mia Kamiba
8367	上白沢慧音		Keine Kamishirasawa
8368	上海人形		Shanghai Doll
8369	上海アリス幻樂団		Team Shanghai Alice
8370	上海		Shanghai
8371	上条当麻		Touma Kamijou
8372	上履き		School Shoes
8373	上原歩夢		Ayumu Uehara
8374	上原彩也香		Sayaka Uehara
8375	上半身裸		Topless
8376	上伊那ぼたん、酔へる姿は百合の花		Botan Kamiina, Drunk, Looks Like a Lily
8377	上伊那ぼたん		Botan Kamiina
8378	三鷹アサ		Asa Mitaka
8379	三面図		Three-View Drawing
8380	三隈		Mikuma
8381	三角木马		Triangular Wooden Horse
8382	三船美優		Miyu Mifune
8383	三玖		Miku
8384	三点責め		Three-Point Attack
8385	三国無双7		Dynasty Warriors 7
8386	三国無双		Dynasty Warriors
8387	三匹の子豚		The Three Little Pigs
8388	万乗パンツ		Manjo Pants
8389	七草真由美		Nanagusa Mayumi
8390	七海優乃		Nanami Yuno
8391	七海nana7mi		Nanami nana7mi
8392	七咲逢		Nanasaki Ai
8393	七七(原神)	©	Qiqi (Genshin Impact)
8394	七七		Nanana
8395	七つの大罪(ホビージャパン)	©	The Seven Deadly Sins (Hobby Japan)
8396	七つの大罪		The Seven Deadly Sins
8397	丁礼田舞		Choreida Mai
8398	一騎当千		One Against a Thousand
8399	一転攻勢		A Counterattack
8400	一番いい浅生さんを頼む		Please Give Me the Best Asao-san
8401	一番いいエロを頼む		Please Give Me the Best Erotica
8402	一本鞭		One Whip
8403	一宮エルナ		Ichinomiya Elna
8404	一人称		First Person
8405	一之瀬さん		Ichinose-san
8406	一マリ		Ichimari
8407	一ノ瀬アスナ		Ichinose Asuna
8408	ヴェール		Veil
8409	ヴェルメイ		Vermey
8410	ヴェリニー		Velini
8411	ヴェリィ・ベリィ		Very Berry
8412	ヴェナリータ		Venalita
8413	ヴィーナスランブル		Venus Rumble
8414	ヴィヴィアン(M.vv)		Vivian (M.vv)
8415	ヴィヴィ		Vivi
8416	ヴィルトゥオーサ(アークナイツ)	©	Virtuosa (Arknights)
8417	ヴィランズ		Villains
8418	ヴィットリオ・ヴェネト級		Vittorio Veneto class
8419	ヴィットリオ・ヴェネト		Vittorio Veneto
8420	ヴィタ		Vita
8421	ヴィグナ(アークナイツ)	©	Vigna (Arknights)
8422	ヴィクトル		Victor
8423	ヴァンパイア(アズールレーン)	©	Vampire (Azur Lane)
8424	ヴァルキリー		Valkyrie
8425	ヴァリアブル・ジオ		Variable Geo
8426	ヴァニラ		Vanilla
8427	ヴァジラ		Vajra
8428	ヴァイス(アルカナハート)	©	Weiss (Arcana Heart)
8429	ヴァイス		Weiss
8430	ンドフィールド		Ndfield
8431	ワールドフリッパー		World Flipper
8432	ワーム		Worm
8433	ワーフリ		Warfli
8434	ワーハクタク		Warhakutaku
8435	ワーグ(ラストオリジン)	©	Warg (Last Origin)
8436	ワレメ		Waremen
8437	ワニマガジン		Wani Magazine
8438	ワダアルコ		Wada Arco
8439	ワシミミズク(けものフレンズ)	©	Great Horned Owl (Kemono Friends)
8440	ワクワクもんだぁ!		It's Exciting!
8441	ワキ毛		Armpit Hair
8442	ワキガ		Armpit Odor
8443	ワイズナー		Wisner
8444	ローレン・ラーライア・ドゥ・ルビエルテ		Lauren Lauraia de Rubierte
8445	ローレンス乃亜子		Lauren Noako
8446	ローレシアの王子		Prince of Lorecia
8447	ローレグ		Loreg
8448	ロール・キャスケット		Roll Casket
8449	ロールちゃん(ロックマン)	©	Roll-chan (Mega Man)
8450	ローラー搾乳	milk gear	Roller milking
8451	ローマ(艦これ)	©	Roma (Kancolle)
8452	ローマ		Rome
8453	ローファー		Loafers
8454	ロードオブヴァーミリオン		Lord of Vermilion
8455	ローションプレイ		Lotion Play
8456	ローションガーゼ		Lotion Gauze
8457	ロングヘア		Long Hair
8458	ロリ爆乳/乳内射精	cum tit loli	Loli Huge Breasts/Intramammary Ejaculation
8459	ロリ巨尻	ass loli	Loli Big Butt
8460	ロリ妊婦	loli	Loli Pregnant Woman
8461	ロリータ	loli	Lolita
8462	ロリンチ	loli	Lolinch
8463	ロリババァ	loli	Loli Granny
8464	ロリバニー	loli	Loli Bunny
8465	ロリィタ	loli	Lolita
8466	ロマンティックあげるよ		I'll Give You Romance
8467	ロマンス		Romance
8468	ロボ娘		Robo Girl
8469	ロボット		Robot
8470	ロボ		Robo
8471	ロビン(スターレイル)	©	Robin (Star Rail)
8472	ロックマンDASH		Rockman DASH
8473	ロックマン		Rockman
8474	ロック		Rock
8475	ロゼッタ(スーパーマリオ)	©	Rosalina (Super Mario)
8476	ロシデレ		Rosidere
8477	ロサリア(原神)	©	Rosaria (Genshin Impact)
8478	ロサリア		Rosalia
8479	ロケットモンスター		Rocket Monster
8480	ロイヨル		Royol
8481	ロイヤル・アイシング		Royal Icing
8482	ロイヤルレディの海		Royal Lady's Sea
8483	ロイヤルペンギン(けものフレンズ)	©	Royal Penguin (Kemono Friends)
8484	ロイヤルプリンセス(花騎士)	©	Royal Princess (Flower Knight)
8485	ロイヤルプリンセス		Royal Princess
8486	ロイド・ガッシュ		Lloyd Gash
8487	ロり	loli	Loli
8488	レースグローブ		Racing gloves
8489	レーシングスーツ		Racing suit
8490	レヴィ		Revi
8491	レンタルコキ	dick	Rental cock
8492	レミリア		Remilia
8493	レミュアン(アークナイツ)	©	Remiuan (Arknights)
8494	レポ漫画		Report manga
8495	レベッカ・ストライサンド		Rebecca Streisand
8496	レベッカ		Rebecca
8497	レナ・シャルロット・タイクーン		Rena Charlotte Tycoon
8498	レディーデビモン		Lady Devimon
8499	レッドブル		Red Bull
8500	レッドフード(漫画)	©	Red Hood (Manga)
8501	レゼ(チェンソーマン)	©	Reze (Chainsaw Man)
8502	レズ奴隷	not_solo yuri sm	Lesbian slave
8503	レジ袋みたいな服着やがって		Wearing clothes that look like a plastic bag
8504	レザ蛍		Leza Firefly
8505	レザー(原神)	©	Razor (Genshin Impact)
8506	レギンス		Leggings
8507	レキシントン(CV-16)	©	Lexington (CV-16)
8508	レキシントン		Lexington
8509	レオナ・ウェスト		Leona West
8510	レオナルド・ダ・ヴィンチ(Fate)	©	Leonardo da Vinci (Fate)
8511	レオタ見せ衣装		Leotard-revealing outfit
8512	レウィシア・アクアブルー		Lewisia Aquablue
8513	レイラン		Leilan
8514	レイブン		Raven
8515	レイファン		Reifan
8516	レイナーレ		Reinare
8517	レイチェル(マーシャルチャンピオン)	©	Rachel (Martial Champion)
8518	レイコ・ホリンジャー		Reiko Hollinger
8519	レイぱい		Reipai
8520	ルーンファクトリー4		Rune Factory 4
8521	ルールー		Lulu
8522	ルーナ		Luna
8523	ルージュ・ザ・バット		Rouge the Bat
8524	ルーシー(エッジランナーズ)	©	Lucy (Edge Runners)
8525	ルーシィ・ハートフィリア		Lucy Heartfilia
8526	ルフユ		Rufuyu
8527	ルファス・マファール		Rufus Mafahl
8528	ルピー(勝利の女神:NIKKE)	©	Rupee (Goddess of Victory: NIKKE)
8529	ルビー		Ruby
8530	ルパン三世		Lupin III
8531	ルバース		Rubers
8532	ルナプロフェシー		Luna Prophecy
8533	ルシファー(モンスト)	©	Lucifer (Monster Strike)
8534	ルシファー		Lucifer
8535	ルシェ		Rushe
8536	ルカ様に鞭でしばかれ隊		The Squad to be Whiped by Luca-sama
8537	ルカ様に踏まれ隊		The Squad to be Stepped On by Luca-sama
8538	ルカ様		Luca-sama
8539	ルカリお姉さん		Lucari-nee-san
8540	ルイ友		Luis's Friend
8541	ルイス・キャミー		Lewis Cammy
8542	リーリエ(トレーナー)	©	Lillie (Trainer)
8543	リーリエ(アニポケ)	©	Lillie (Anime Pokemon)
8544	リーリエ		Lillie
8545	リーフちゃん(ベルギロ産)	©	Leaf-chan (Belgiro)
8546	リード(アークナイツ)	©	Reed (Arknights)
8547	リード		Lead
8548	リーゼロッテ=シャルロック	©	Lieselotte Sherlock
8549	リーズレット		Lieselotte
8550	リース(聖剣伝説3)	©	Riesz (Trials of Mana)
8551	リーザ・フローラ・メルノ		Liza Flora Melno
8552	リーザ		Liza
8553	リーグオブレジェンズ		League of Legends
8554	リン・シャオユウ		Lin Xiaoyu
8555	リンボー舞		Limbo Dance
8556	リンネー		Linne
8557	リンディス		Lindis
8558	リングギャグ		Ring Gag
8559	リン(アークナイツ)	©	Lin (Arknights)
8560	リリー		Lily
8561	リリミヅ		Lilimizu
8562	リリス(Fate)	©	Lilith (Fate)
8563	リラ(トレーナー)	©	Lila (Trainer)
8564	リョナ･･･?	ryona	Ryona...?
8565	リューネ・ゾルダーク		Lune Zoldark
8566	リュウ		Ryu
8567	リムアリーシャ		Rim Alisha
8568	リム(魔弾の王と戦姫)	©	Rim (Lord Marksman and Vanadis)
8569	リム		Lim
8570	リボン縛り		Ribbon Binding
8571	リボンの武者		Ribbon Warrior
8572	リベッチオ		Libecchio
8573	リドリー		Ridley
8574	リトルマーメイド(勝利の女神:NIKKE)	©	The Little Mermaid (Goddess of Victory: NIKKE)
8575	リトルマーメイド		The Little Mermaid
8576	リトルウィッチアカデミア		Little Witch Academia
8577	リッカー		Ricker
8578	リッカ		Rikka
8579	リチュア・マーカー		Ritual Marker
8580	リチュア		Ritual
8581	リタ・ファレン		Rita Faren
8582	リタ		Rita
8583	リゼ		Lize
8584	リズきゅん		Liz-kyun
8585	リズ		Liz
8586	リストカット		Wrist Cutting
8587	リスカム(アークナイツ)	©	Liskarm (Arknights)
8588	リス		Squirrel
8589	リジネッタさん		Riginetta-san
8590	リシュリュー(アズールレーン)	©	Richelieu (Azur Lane)
8591	リコーダー		Recorder
8592	リアルなおへそ		Real Navel
8593	ラーメン		Ramen
8594	ラーテル		Honey Badger
8595	ラース		Lars
8596	ラージホール		Large Hole
8597	ラ・プルマ(アークナイツ)	©	La Pluma (Arknights)
8598	ラ・ビ・アン・ローズ		La Vie en Rose
8599	ランボー		Rambo
8600	ランブルローズ		Rumble Roses
8601	ランサーアルトリア		Lancer Altria
8602	ラングレー		Langley
8603	ラングリッサーモバイル		Langrisser Mobile
8604	ラングリッサー		Langrisser
8605	ラン		Ran
8606	ラレンティア		Larentia
8607	ララ・サタリン・デビルーク		Lala Satalin Deviluke
8608	ラム生誕祭2017		Ram's Birthday Celebration 2017
8609	ラムレッダ		Ramretta
8610	ラムレザル		Ramlethal
8611	ラム(うる星やつら)	©	Lum (Urusei Yatsura)
8612	ラプンツェル(勝利の女神:NIKKE)	©	Rapunzel (Goddess of Victory: NIKKE)
8613	ラブレットピアス	pierc	Love Letter Piercing
8614	ラブラブ		Love Love
8615	ラブラバ		Love Brava
8616	ラブライブサンシャイン		Love Live Sunshine
8617	ラブライブ!サンシャイン		Love Live! Sunshine
8618	ラブライブ!PDP		Love Live! PDP
8619	ラブライカ		Love Laika
8620	ラブアッパー		Love Upper
8621	ラブ★アッパー!		Love★Upper!
8622	ラフム		Lahmu
8623	ラフィエル		Raphael
8624	ラピス		Lapis
8625	ラビリビ		RabiRibi
8626	ラビットヒーロー		Rabbit Hero
8627	ラバー拘束		Rubber Restraint
8628	ラバーメイド		Rubber Maid
8629	ラバーナン		Rubber Nan
8630	ラバーシスター		Rubber Sister
8631	ラバーカップブラ		Rubber Cup Bra
8632	ラノベ		Light Novel
8633	ラナの冒険		Lana's Adventure
8634	ラティファ		Latifa
8635	ラッピング		Wrapping
8636	ラジエル(グラブル)	©	Raziel (Granblue Fantasy)
8637	ラグナロクオンライン三次創作		Ragnarok Online Fan Fiction
8638	ラクス・クライン		Lacus Clyne
8639	ラクシュミー		Lakshmi
8640	ラウンドガール		Round Girl
8641	ライラックmk2		Lilac mk2
8642	ライラ		Laila
8643	ライブ		Live
8644	ライナ		Lyna
8645	ライトノベル		Light Novel
8646	ライチ(トレーナー)	©	Lychee (Trainer)
8647	ライダーさん		Rider-san
8648	ライダー(Fate/EXTRA)	©	Rider (Fate/EXTRA)
8649	ライスシャワー(ウマ娘)	©	Rice Shower (Uma Musume)
8650	ライスシャワー		Rice Shower
8651	ライザリン		Ryzaline
8652	ライザのアトリエ2		Atelier Ryza 2
8653	ライオン(アズールレーン)	©	Lion (Azur Lane)
8654	ライオン		Lion
8655	ライアス		Lias
8656	ヨーコさん		Yoko-san
8657	ヨン・チェヨン		Yon Chaeyoung
8658	ヨルハA型二号		Yorha Type A No. 2
8659	ヨルハ2号B型		Yorha No. 2 Type B
8660	ヨルッパイ		Yoruppai
8661	ヨル		Yor
8662	ヨウマオ		Youmao
8663	ユーベル(葬送のフリーレン)	©	Ubel (Frieren: Beyond Journey's End)
8664	ユーニ(ゼノブレイド3)	©	Yuni (Xenoblade Chronicles 3)
8665	ユースティア(ブラウンダスト)	©	Youthia (Brown Dust)
8666	ユースティア		Yustia
8667	ユリーカ		Eureka
8668	ユリ・サカザキ		Yuri Sakazaki
8669	ユリド戦記		Yurido Chronicles
8670	ユフィリア・マゼンタ		Euphilia Magenta
8671	ユニタード		Unitard
8672	ユニコーン		Unicorn
8673	ユエル		Yuel
8674	ユエソシ		Yuesoshi
8675	ユウリ(トレーナー)	©	Yuri (Trainer)
8676	ユウキ(橙汁)		Yuuki (Orange Juice)
8677	ユウキ(SAO)	©	Yuuki (SAO)
8678	ユウカ		Yuuka
8679	ヤ・シュトラ		Y'shtola
8680	ヤン・ナリ		Yan Nari
8681	ヤリ捨て		One-Night Stand
8682	ヤリチン		Yarichin
8683	ヤリステメスブター		Yarisutemesubutā
8684	ヤリたい放題催眠性活		Hypnotic Sex Life Where You Can Do Whatever You Want
8685	ヤミィ		Yami
8686	ヤマメ		Yamame
8687	ヤスダスズヒト		Yasuda Suzuhito
8688	ヤギ耳		Goat Ears
8689	モーニングシャワーシリーズ		Morning Shower Series
8690	モードレッド(Fate)	©	Mordred (Fate)
8691	モードレッド		Mordred
8692	モンハンワイルズ		Monster Hunter Wilds
8693	モンスター少女		Monster Girl
8694	モンスターボール		Monster Ball
8695	モンスターハンターワイルズ		Monster Hunter Wilds
8696	モンスターエナジー		Monster Energy
8697	モンク		Monk
8698	モルペコ		Morpeko
8699	モルガン		Morgan
8700	モリリリ		Mori-riri
8701	モモカ		Momoka
8702	モブ姦		Mob Rape
8703	モブキャラ		Mob Character
8704	モビルドール・サラ		Mobile Doll Sarah
8705	モバマスアイドル乳責めシリーズ	tit	Mobamas Idol Boob Torture Series
8706	モニカ(グラブル)	©	Monica (Granblue Fantasy)
8707	モナーク		Monarch
8708	モナ(デスチャ)	©	Mona (Destiny Child)
8709	モナ		Mona
8710	モデウス(Helltaker)	©	Modeus (Helltaker)
8711	モデウス		Modeus
8712	モダニア		Modania
8713	モスティマ(アークナイツ)	©	Mostima (Arknights)
8714	モザイクいらないから(良心)		No need for mosaic (conscience)
8715	モザイク		Mosaic
8716	モイ		Moi
8717	メークレンブルク(アズールレーン)	©	Mecklenburg (Azur Lane)
8718	メロンブックス		Melonbooks
8719	メロディブラッド		Melody Blood
8720	メルヘヴン		Märchen Awakens Romance
8721	メルヘン・メドヘン		Märchen Mädchen
8722	メルテス		Meltes
8723	メルティ		Melty
8724	メルゥ		Meru
8725	メリーランド(アズールレーン)	©	Maryland (Azur Lane)
8726	メリークルシミマス		Merry Cruelty
8727	メリナ		Melina
8728	メリケンサック		Brass Knuckles
8729	メリクリ		Merry Christmas
8730	メフレックス		Meflex
8731	メビウス		Mobius
8732	メドゥーサ(Fate)	©	Medusa (Fate)
8733	メッシュ		Mesh
8734	メチャシコウ		Mecha Shikou
8735	メタルスラッグ		Metal Slug
8736	メタバース		Metaverse
8737	メス豚		Female Pig
8738	メス男子		Female Boy
8739	メスミスト		Mess Mist
8740	メスドラ		Female Dragon
8741	メギド72		Megido 72
8742	メガミデバイス		Megami Device
8743	メガネっ子		Glasses Girl
8744	メガストアα		Megastore α
8745	メガストア		Megastore
8746	メガサーナイト(色違い)	©	Mega Gardevoir (Shiny)
8747	メガサーナイト		Mega Gardevoir
8748	メカバレ		Mecha Bare
8749	メイヴ(Fate)	©	Maeve (Fate)
8750	メイヴ		Maeve
8751	メイリン・ホーク		Meilin Hawk
8752	メイド少年		Maid Boy
8753	メイド喫茶		Maid Cafe
8754	メイドラゴン		Mai Dragon
8755	メイド/達磨/性器ピアス/ガバマン/アナルフィスト/人生終了	anus insert pussy pierc	Maid / Daruma / Genital piercing / Gabaman / Anal fisting / Life over
8756	メイディン		Maidin
8757	メイジナイト		Mage Knight
8758	メアリー・リード		Mary Read
8759	メアリー:メディカルラビット		Mary: Medical Rabbit
8760	メアリ・ノートン		Mary Norton
8761	メア		Mare
8762	ムーンブルクの王女		Princess of Moonbrooke
8763	ムツキ		Mutsuki
8764	ムチ		Muchi
8765	ムサシ(アニポケ)	©	Jessie (Anime Pokemon)
8766	ムギ		Mugi
8767	ミーム汚染		Meme Contamination
8768	ミーム		Meme
8769	ミーティア姫		Princess Meteor
8770	ミーア		Mia
8771	ミンク族		Mink Tribe
8772	ミルク工場	milk	Milk Factory
8773	ミルクタンク	milk	Milk Tank
8774	ミリム・ナーヴァ		Milim Nava
8775	ミリシタ		Mirishita
8776	ミリオンアーサーイラコン魔		Million Arthur Illustration Contest
8777	ミリアム(Bloodstained)	©	Miriam (Bloodstained)
8778	ミランダ(神撃のバハムート)	©	Miranda (Rage of Bahamut)
8779	ミランダ		Miranda
8780	ミラルーツ		Miraroots
8781	ミラバルカン		Mirabalkan
8782	ミラクルミルコ		Miracle Mirko
8783	ミラ		Mira
8784	ミミック		Mimic
8785	ミミちゃん助手		Mimichi Yan Assistant
8786	ミハラ:ボンディングチェーン		Mihara: Bonding Chain
8787	ミノタウロス		Minotaur
8788	ミノってオスしかいなくて異種姦で繁殖するんですってw		Apparently, Minotaurs only have males and reproduce through interspecies mating lol
8789	ミネル		Miner
8790	ミネア		Minea
8791	ミヅリリ		Mizuriri
8792	ミッドナイト(僕のヒーローアカデミア)	©	Midnight (My Hero Academia)
8793	ミッドナイト		Midnight
8794	ミックスファイト		Mix Fight
8795	ミストレス(アラド戦記)	©	Mistress (Dungeon Fighter Online)
8796	ミストレス		Mistress
8797	ミスティオラ		Mystiora
8798	ミサト(プリコネ)	©	Misato (Princess Connect)
8799	ミコト		Mikoto
8800	ミクリトリス	clit	Micro Clit
8801	ミカミ・リク		Mikami Riku
8802	ミカグラ学園組曲		Mikagura School Suite
8803	ミオリネ・レンブラン		Miorine Rembrandt
8804	ミオ(ゼノブレイド3)	©	Mio (Xenoblade Chronicles 3)
8805	ミアンヌ		Mianne
8806	ミア(ワールドフリッパー)	©	Mia (World Flipper)
8807	マーメイドボンデージ	bond	Mermaid Bondage
8808	マーメイド		Mermaid
8809	マーハ・トウアハーデ		Maha Touaharde
8810	マーシー		Marcy
8811	マーシュ(トレーナー)	©	Marsh (Trainer)
8812	マーガレット(ルーンファクトリー)	©	Margaret (Rune Factory)
8813	マーこれかわいい		This is Cute
8814	マン隠し	pussy	Pussy hiding
8815	マン開	pussy	Pussy open
8816	マン的	pussy	Pussy-like
8817	マン淫電車	pussy	Pussy slut train
8818	マン汁	pussy	Pussy juice
8819	マン毛		Pubic hair
8820	マン屁	pussy	Pussy fart
8821	マンママン	pussy	Pussy mommy
8822	マンティコア(アークナイツ)	©	Manticore (Arknights)
8823	マンカス	pussy	Pussy scum
8824	マンぐり返し	pussy	Pussy flipping
8825	マロン(YAT安心!宇宙旅行)	©	Maron (YAT Safe! Space Travel)
8826	マルティナ(DQ11)	©	Martina (DQ11)
8827	マルティナ		Martina
8828	マルタ(水着)	swim ©	Malta (swimsuit)
8829	マルタ		Marta
8830	マリー(GuP)	©	Marie (Girls und Panzer)
8831	マリカー		Marika
8832	マリオメーカー		Mario Maker
8833	マリオシリーズ		Mario series
8834	マリア・テレサ		Maria Theresa
8835	マリ(キカイダー)	©	Mari (Kikaider)
8836	マヨめし		Mayo-meshi
8837	マヤ		Maya
8838	マホ(プリコネ)	©	Maho (Princess Connect)
8839	マヒル		Mahiru
8840	マネージャー		Manager
8841	マドリン		Madorin
8842	マトイ		Matoi
8843	マッハブレイカーズ		Mach Breakers
8844	マッジョーレ・バラッカ(アズールレーン)	©	Maggiore Baracca (Azur Lane)
8845	マチルダ・アジャン		Matilda Ajan
8846	マチュ		Machu
8847	マゾ崎悪雌		Mazosaki Akume
8848	マゾィちゃん		Mazoi-chan
8849	マズルガード		Muzzle Guard
8850	マスターベーション	mast	Masturbation
8851	マスクビキニ	swim	Mask Bikini
8852	マスカーニャコス		Mascanya Costume
8853	マジョリーナ		Majolina
8854	マジョリタ		Majolita
8855	マジアマゼンタ		Magical Magenta
8856	マジで殺られる5秒前		5 Seconds Before You're Seriously Got Killed
8857	マシロ		Mashiro
8858	マシュー		Matthew
8859	マシュケベ礼装		Mashy's Lewd Outfit
8860	マサル(トレーナー)	©	Masaru (Trainer)
8861	マサマリ		Masamari
8862	マコトナナヤ		Makoto Nanaya
8863	マグロ	guro	Maguro
8864	マグマ団		Magma Team
8865	マグナムX		Magnum X
8866	マグショット		Magshot
8867	マクロスフロンティア		Macross Frontier
8868	マクロスF		Macross F
8869	マクスウェル(勝利の女神:NIKKE)	©	Maxwell (Goddess of Victory: NIKKE)
8870	マキ・ア・ルージュ		Maki a Rouge
8871	マキマさん		Makima-san
8872	マキマ(チェンソーマン)	©	Makima (Chainsaw Man)
8873	マカ=アルバーン		Maka Albarn
8874	マオ(アニポケ)	©	Mao (Anime Pokemon)
8875	マインドブレイク		Mind Break
8876	マイユ		Maiyu
8877	マイクローンマガジン		Microne Magazine
8878	マイクロビキニーソ	expose swim	Micro Bikini So
8879	マイ=ナツメ		Mai Natsume
8880	マァム		Maam
8881	ポールギャグ		Ball Gag
8882	ポーズ		Pose
8883	ポンポン		Pom-Pom
8884	ポッキーゲーム		Pocky Game
8885	ポッキーの日		Pocky Day
8886	ポゼッションプレイ		Possession Play
8887	ポケモン界の女神		Goddess of the Pokemon World
8888	ポケモンレンジャー		Pokemon Ranger
8889	ポケモンマスターズ	tm	Pokemon Masters
8890	ポケモンセンター		Pokemon Center
8891	ポケモン♂×人間♀		Pokemon Male x Human Female
8892	ポケモン×人間		Pokemon x Human
8893	ポケモンORAS		Pokemon ORAS
8894	ポケモンLPLE		Pokemon PLE
8895	ポケモンGO		Pokemon GO
8896	ポケモノ		Pokemon
8897	ポケットモンスターバイオレット		Pokemon Violet
8898	ポケットモンスターサン・ムーン		Pokemon Sun & Moon
8899	ポイズン(ファイナルファイト)	©	Poison (Final Fight)
8900	ボールギャグ/猿轡		Ball Gag/Muzzle
8901	ボールガウンドレス		Ball Gown Dress
8902	ボンボン		Bom-Bom
8903	ボンディングチェーン		Bonding Chain
8904	ボンテージゲーム	bond	Bondage Game
8905	ボロボロ		Ragged
8906	ボムガキ		Bomb Kid
8907	ボブカット		Bob Cut
8908	ボトル		Bottle
8909	ボディ落書き		Body Graffiti
8910	ボコォ/ボテ腹/精液ボテ/産卵/目がハート/アヘ顔/トロ顔	cum	Big belly / Swelling belly / Semen-filled belly / Egg-laying / Heart-shaped eyes / Ecstatic face / Dazed face
8911	ボクっ娘		Boku-girl
8912	ボイン		Boing
8913	ボイスドラマ		Voice Drama
8914	ホールピアス	pierc	Hole Piercing
8915	ホワイトブリム		White Brim
8916	ホワイトデー		White Day
8917	ホワイトタイガー		White Tiger
8918	ホワイトスミス		Whitesmith
8919	ホログラフィック		Holographic
8920	ホルハイヤ(アークナイツ)	©	Horhaiya (Arknights)
8921	ホルスタイン		Holstein
8922	ホムラ		Homura
8923	ホノルル(艦隊これくしょん)	©	Honolulu (Kantai Collection)
8924	ホテル		Hotel
8925	ホタル(ヤリステメスブター)	©	Hotaru (Yaristemesbuta)
8926	ホタル(スプラトゥーン)	©	Hotaru (Splatoon)
8927	ホタル		Firefly
8928	ホシノルリ		Hoshino Ruri
8929	ホシノ		Hoshino
8930	ホシグマ(アークナイツ)	©	Hoshiguma (Arknights)
8931	ペンチ		Pliers
8932	ペンギー		Pengy
8933	ペローナ		Perona
8934	ペロペロ会場	tongue	Lick-Lick Venue
8935	ペロペロ	tongue	Lick
8936	ペルナ		Perna
8937	ペルソナ4		Persona 4
8938	ペルソナ3		Persona 3
8939	ペルシカ(ドールズフロントライン)	©	Persica (Girls' Frontline)
8940	ペリードット		Peridot
8941	ペリシー		Perisie
8942	ペヤングだばあ		Peyang Spill
8943	ペニスバンド	dick	Penis Band
8944	ペニスソックス	dick	Penis Socks
8945	ペド爆乳	tit	Pedophile Big Breasts
8946	ペットシーツ		Pet Sheet
8947	ペコキャル	©	Pecorine+Karyl
8948	ベータ(イナズマイレブンGO)	©	Beta (Inazuma Eleven GO)
8949	ベータ		Beta
8950	ベンチ		Bench
8951	ベロニカ(DQ11)	©	Veronica (DQ11)
8952	ベロチュー		French Kiss
8953	ベレー帽		Beret
8954	ベレス		Byles
8955	ベルベット		Velvet
8956	ベルフェゴール		Belphegor
8957	ベルナデッタ=フォン=ヴァーリ		Bernadette von Vale
8958	ベルナデッタ		Bernadette
8959	ベルトブラ		Belt Bra
8960	ベルゼブブ嬢のお気に召すまま。		As Miss Beelzebub Likes It
8961	ベルゼブブ		Beelzebub
8962	ベルセルク		Berserk
8963	ベルウィックサーガ		Berwick Saga
8964	ベル(トレーナー)	©	Belle (Trainer)
8965	ベル		Bell
8966	ベリーダンス		Belly Dance
8967	ベリーショート		Very Short
8968	ベスティア・ゼータ		Bestia Zeta
8969	ベスタニャ		Vestanya
8970	ベスタ(異世界迷宮でハーレムを)	©	Vesta (Harem in the Labyrinth of Another World)
8971	ベアトリス		Beatrice
8972	ベアトップ		Bandeau Top
8973	ヘンゼル		Hansel
8974	ヘルヴァ・ボス		Helva Boss
8975	ヘルシング		Hellsing
8976	ヘルエス		Heles
8977	ヘラジカ(けものフレンズ)	©	Moose (Kemono Friends)
8978	ヘッドフォーン.		Headphones
8979	ヘッドフォン		Headphones
8980	ヘッドショット		Headshot
8981	ヘソ出し		Navel Bare
8982	ヘアヌード		Hair Nude
8983	プールサイド		Poolside
8984	プレゼントは私		The Present is Me
8985	プレゼント		Present
8986	プルクラ(ゼンゼロ)	©	Pulchra (Zen Zero)
8987	プリーツスカート		Pleated Skirt
8988	プリースティス(アークナイツ)	©	Priestis (Arknights)
8989	プリンセスプリキュア		Princess Precure
8990	プリンセスストライク❤️		Princess Strike ❤️
8991	プリンセスコネクト!		Princess Connect!
8992	プリンセスコネクト		Princess Connect
8993	プリンセス		Princess
8994	プリンシ		Princi
8995	プリバティ:アンカインド・メイド		Private: Unkinded Maid
8996	プリバティ		Private
8997	プリティーリズム・ディアマイフューチャー		Pretty Rhythm: Dear My Future
8998	プリシラ		Priscilla
8999	プラマニクス(アークナイツ)	©	Pramanix (Arknights)
9000	プラマニクス		Pramanix
9001	プライブユー		Privilege You
9002	プライド		Pride
9003	プッシーバル	pussy	Pussy ball
9004	プチカラット		Petit Carat
9005	ブロンド		Blonde
9006	ブレードランナー2049		Blade Runner 2049
9007	ブレスオブザワイルド		Breath of the Wild
9008	ブレスの代わりに潮を吹く		Squirting Instead of Breathing
9009	ブレイブリーデフォルト		Bravely Default
9010	ブレイブウィッチーズ		Brave Witches
9011	ブレイジングハート		Blazing Heart
9012	ブレア・デイム		Blair Dame
9013	ブルー		Blue
9014	ブルマ勇儀		Bloomers Yuugi
9015	ブルマ(ドラゴンボール)	©	Bulma (Dragon Ball)
9016	ブリトマート(Fate)	©	Britmart (Fate)
9017	ブリジット		Bridget
9018	ブリオン寮		Brion Dormitory
9019	ブラ見せ		Bra showing
9020	ブラ着パイズリ	tit dick	bra paizuri
9021	ブラ抜き		Bra removal
9022	ブランコプレイ		Swing Play
9023	ブラマジガール		Black Magic Girl
9024	ブラッドステインド		Bloodstained
9025	ブラック・マジシャン・ガ		Black Magician Girl
9026	ブラックレディ		Black Lady
9027	ブラックラグーン		Black Lagoon
9028	ブラックシティ		Black City
9029	ブラックエース(アズールレーン)	©	Black Ace (Azur Lane)
9030	ブラチラ		Bratchira
9031	ブラダマンテ(Fate)	©	Bradamante (Fate)
9032	ブラダス2		Bradus 2
9033	ブラシ		Brush
9034	ブラゴミ箱		Bra trash can
9035	ブラウザ三国志		Browser Romance of the Three Kingdoms
9036	ブラインドコンタクト		Blind contact
9037	ブイラン		V-Run
9038	フーパ製グッズ		Hoopa-made Goods
9039	フーパ		Hoopa
9040	フード		Food
9041	フーターズ		Hooters
9042	フンボルトペンギン(けものフレンズ)	©	Humboldt Penguin (Kemono Friends)
9043	フンチラ		Funt Cheek
9044	フローラ		Flora
9045	フロストリーフ(アークナイツ)	©	Frostleaf (Arknights)
9046	フロギィ装備		Froggi Equipment
9047	フレーム拘束		F Rehm Restraint
9048	フレッシュ&スウィート!		Fresh & Sweet!
9049	フレイア鏡		Freyja Mirror
9050	フレイ		Frey
9051	フルールドリス		Fleur-de-lis
9052	フリードリヒ・デア・グローセ(アズールレーン)	©	Friedrich der Grosse (Azur Lane)
9053	フリック		Flick
9054	フランソワーズ		Françoise
9055	フランシス・ドレイク		Francis Drake
9056	フランちゃんウフフ		Fran-chan Ufufu
9057	フラペチーノ		Frappuccino
9058	フラフープ		Hula hoop
9059	フラノ・スケーレット		Flano Scalett
9060	フラット貞操帯		Flat Chastity Belt
9061	フブキ		Fubuki
9062	フトモモ		Thighs
9063	フットカバー		Foot cover
9064	フック		Hook
9065	フジサワ・アヤ		Fujisawa Aya
9066	フォーリシア		Folicia
9067	フォートナイト		Fortnite
9068	フォン・ライカン		Von Lycan
9069	フォフォ		Fofo
9070	フォトカノ		Photokano
9071	フォカロルス		Focalorus
9072	フェール		Fail
9073	フェンリルナイト(聖剣伝説3)	©	Fenrir Knight (Trials of Mana)
9074	フェンリルナイト		Fenrir Knight
9075	フェンリル(ラストオリジン)	©	Fenrir (Last Origin)
9076	フェリス・エリス		Ferris Ellis
9077	フェリ		Feri
9078	フェラーリ		Ferrari
9079	フェラピス		Ferrapis
9080	フェザータッチ		Feather Touch
9081	フェイト/エクステラ		Fate/Extella
9082	フェイスハーネス		Face Harness
9083	フェアリーテイルナイト		Fairy Tail Knight
9084	フィービー(鳴潮)	©	Phoebe (Narushio)
9085	フィービー		Phoebe
9086	フィン・エ・ルド・スイ・ラフィンティ		Finn e Rud Sui Lafinti
9087	フィオーレ・ブルネリ		Fiore Brunelli
9088	フィオ・ジェルミ		Fio Germi
9089	フィオ		Fio
9090	ファートゥース(アークナイツ)	©	Fartooth (Arknights)
9091	ファントム・ワールド		Phantom World
9092	ファンタボトルの次デザイン候補にしよう		Let's make this the next design candidate for Fanta Bottle
9093	ファンサービス		Fan Service
9094	ファルファラ		Farfara
9095	ファリス・シェルヴィッツ		Faris Scherwitz
9096	ファティマ・ベトロラム		Fatima Betrolam
9097	ファスナービキニ	expose swim	Zipper Bikini
9098	ファイナルファンタジー13		Final Fantasy XIII
9099	ファイアーエムブレム無双風花雪月		Fire Emblem Warriors: Three Houses
9100	ファイアーエムブレムEchoes		Fire Emblem Echoes
9101	ピーチ		Peach
9102	ピンク髪は淫乱		Pink Hair is Lewd
9103	ピンクローター		Pink Rotor
9104	ピンキーパイ		Pinkie Pie
9105	ピストンマシン		Piston Machine
9106	ピス		Pis
9107	ピクボイス誕生祭		PicVoice Birthday Celebration
9108	ピクシブたん		Pixiv-tan
9109	ピクサー		Pixar
9110	ピカチュウ		Pikachu
9111	ピエロ娘		Clown girl
9112	ピアノ		Piano
9113	ピアスチェーン	pierc	Piercing chain
9114	ビール売り子		Beer girl
9115	ビーム		Beam
9116	ビーチエンジェルズ		Beach Angels
9117	ビーズワクス(アークナイツ)	©	Beeswax (Arknights)
9118	ビーストクロエ		Beast Chloe
9119	ビーストイリヤ		Beast Illya
9120	ビースト(Fate)	©	Beast (Fate)
9121	ビンビビン		Binbibin
9122	ビンタ跡		Slap Mark
9123	ビンタ		Slap
9124	ビリヤード		Billiards
9125	ビリア		Billia
9126	ビラビラ		Flapping
9127	ビビッドレッド・オペレーション		Vividred Operation
9128	ビビり		Scared
9129	ビニール		Vinyl
9130	ビス子		Bisuko
9131	ビスマルク		Bismarck
9132	ビスチェ		Bustier
9133	ビスケット(勝利の女神:NIKKE)	©	Biscuit (Goddess of Victory: NIKKE)
9134	ビスケット		Biscuit
9135	ビジンダー		Bijinder
9136	ビギナーライダー(アズールレーン)	©	Beginner Rider (Azur Lane)
9137	ビキビキ		Bikibiki
9138	ビキニ水着	swim	Bikini swimsuit
9139	ビキニ・ウォリアーズ	swim	Bikini Warriors
9140	ビキニパンツ	swim	Bikini pants
9141	ビキニサンタ	swim	Bikini Santa
9142	ビキニアーマー/ブレスレット/アームレット/ガーターリング	costume	Bikini armor/bracelet/armlet/garter ring
9143	ビキニのおねえさん(XY)	© swim	Girl in a bikini (XY)
9144	ビキニのおねえさん	swim	Bikini lady
9145	ビオラ(トレーナー)	©	Viola (Trainer)
9146	ビエロウ		Biero
9147	ビアホール		Beer hall
9148	ヒートテック		Heattech
9149	ヒンデンブルク(アズールレーン)	©	Hindenburg (Azur Lane)
9150	ヒルダ		Hilda
9151	ヒビキ		Hibiki
9152	ヒナタコス		Hinatacos
9153	ヒナぱい		Hinapai
9154	ヒナさん(原神)	©	Hina (Genshin Impact)
9155	ヒトハちゃん		Hitoha-chan
9156	ヒスイゾロア		Hisuizoroa
9157	ヒガナ		Higana
9158	ヒカリ(プラチナ)	©	Hikari (Platinum)
9159	ヒカリ(アニポケ)	©	Hikari (Anime Pokemon)
9160	パールショーツ		Pearl shorts
9161	パーミャチ・メルクーリヤ(アズールレーン)	©	Pamyat Merkuria (Azur Lane)
9162	パープルハート		Purple Heart
9163	パープルシスター		Purple Sister
9164	パープル(ネプテューヌ)	©	Purple (Neptune)
9165	パーティードレス		Party dress
9166	パース		Perth
9167	パーシュース(アズールレーン)	©	Perseus (Azur Lane)
9168	パーカー女子		Girl in a parka
9169	パンモロ		Panty exposed
9170	パンプギャグ		Pump gag
9171	パンパパン		Panpapan
9172	パンティーライン		Panty line
9173	パンツ内射精	cum	Ejaculation inside panty
9174	パンツは見せつけるもの		Panty is something to show off
9175	パンツはかぶるもの		Panty is something to wear on your head
9176	パンツに手		Hand in panty
9177	パンツで口塞ぎ	mouth	Mouth covered with panty
9178	パンツであやとり		Cat's cradle with panty
9179	パンツ!パンツです!		Panty! It's panty!
9180	パンチラキック		Panty shot kick
9181	パンダ春香		Panda Haruka
9182	パンダ		Panda
9183	パンスト直穿き		Wearing pantyhose directly
9184	パンイチ		Panty only
9185	パレット(ブラウンダスト)	©	Palette (Brown Dust)
9186	パル子		Paruko
9187	パルテナ		Palutena
9188	パラリティク・バーサス		Paratic Versus
9189	パラディン(アラド戦記)	©	Paladin (Dungeon Fighter Online)
9190	パパの言うことを聞きなさい!		Listen to Your Father!
9191	パネルギャグ		Panel Gag
9192	パニシング:グレイレイヴン		Punishing: Gray Raven
9193	パチュアリ		Patchually
9194	パチスロ		Pachislot
9195	パジャマチャレンジ		Pajama Challenge
9196	パジャマ		Pajama
9197	パイ擦りフェラ	tit mouth dick	Boob rub fellatio
9198	パイ射	cum tit	Boob ejaculation
9199	パインコーン(アークナイツ)	©	Painecorn (Arknights)
9200	パイロット		Pilot
9201	パイモンぱい	tit	Paimon boobs
9202	パイモン(原神)	©	Paimon (Genshin Impact)
9203	パイモロ	tit	Boob moro
9204	パイプレンチ		Pipe wrench
9205	パイビロコウ		Pai Biro Kou
9206	パイタッチ	tit	Boob touch
9207	パイズリ挟射	tit dick	5. Boob Job Squeezing - 5 paizuri kyōsha
9208	パイズリ射精	cum tit	4. Boob Job Ejaculation - 4 paizuri shasei
9209	パイズリ出来ない…	tit dick	3. Can't do a boob job... - 3 paizuri dekinai…
9210	パイズリフェラ	tit mouth dick	2. Boob Job Fellatio - 2 paizurifera
9211	パイズリアンドロイド	tit dick	1. Boob Job Android - 1 Paizuriandoroido
9212	パイオツェッペリン		Pio Zeppelin
9213	パイオツ	tit	Boobs
9214	バーバーヤーガ		Barber Yaga
9215	バーニス		Bernice
9216	バーテンダー		Bartender
9217	バーチャルライバー		Virtual Liver
9218	バーチャルyoutuber		Virtual YouTuber
9219	バーチャル		Virtual
9220	バーサーカー		Berserker
9221	バレー部ちゃん		Volleyball Club Girl
9222	バレー部		Volleyball Club
9223	バレーユニフォーム		Volleyball Uniform
9224	バレーボール		Volleyball
9225	バレンタイン中止のお知らせ		Valentine's Day Cancellation Notice
9226	バレンタインデー		Valentine's Day
9227	バレリーナ		Ballerina
9228	バレットフィリア達の闇市場		The Bulletphilia's Black Market
9229	バレットガールズ		Bullet Girls
9230	バルーンストッパー		Balloon Stopper
9231	バルログ(ストリートファイター)	©	Balrog (Street Fighter)
9232	バリカタ		Barikata
9233	バランスボール		Balance Ball
9234	バラエティーアニマル		Variety Animal
9235	バラ		Rose
9236	バフォメット		Baphomet
9237	バニー衣装		Bunny Costume
9238	バニーメイド		Bunny Maid
9239	バニーウェアウルフ		Bunny Werewolf
9240	バニラ(ネコぱら)	©	Vanilla (Nekopara)
9241	バナナボート		Banana boat
9242	バッドガール		Bad Girl
9243	バッドエンドプリキュア		Bad End Precure
9244	バッドエンドビューティ		Bad End Beauty
9245	バックハート		Back heart
9246	バックアタック		Back attack
9247	バス停		Bus stop
9248	バスタブ		Bathtub
9249	バスタオル		Bath towel
9250	バクマン		Bakuman
9251	バカンス		Vacation
9252	バエル		Bael
9253	バイブ貞操帯		Vibrator chastity belt
9254	バイブレーター		Vibrator
9255	バイブ。(スイッチ入れよう)で	©	Vibe. (Let's turn on the switch)
9256	バイブINパンツ/ボディハーネス/背後から胸揉み/乳首責め	tit nip	Vibrator-in-pants/Body harness/Breast massage from behind/Nipple torture
9257	バイパー:シャイン・オブ・ラブ		Viper: Shine of Love
9258	バイパー(勝利の女神:NIKKE)	©	Viper (Goddess of Victory: NIKKE)
9259	バイザー		Viser
9260	バイオロイド		Bioroid
9261	バイオ		Bio
9262	ハールート・マールート		Harut Marut
9263	ハールート		Harut
9264	ハーフパンツ体操着		Half-pants gym uniform
9265	ハーフグローブ		Half-gloves
9266	ハーフアップ		Half-up
9267	ハーピー		Harpy
9268	ハード		Hard
9269	ハート服		Heart outfit
9270	ハートフルボッコストーリー		Heartful Beatdown Story
9271	ハートの女王		Queen of Hearts
9272	ハーゼリーラ		Hazerilla
9273	ハンターハンター		Hunter x Hunter
9274	ハロー、ハッピーワールド!		Hello, Happy World!
9275	ハロウィン2025		Halloween 2025
9276	ハロウィン2024		Halloween 2024
9277	ハレゼナ		Harezeena
9278	ハルバード		Halberd
9279	ハルカ(アニポケ)	©	Haruka (Anime Pokemon)
9280	ハリベル		Haribel
9281	ハメ撮り		Hametori
9282	ハメピス		Hamepisu
9283	ハミ陰唇	pussy	Hami Labia
9284	ハミデルタ		Hamidelta
9285	ハマーン・カーン		Haman Karn
9286	ハプニング		Happening
9287	ハニートラップ特化		Honey Trap Specialist
9288	ハナヤマタ		Hanayamata
9289	ハドソン		Hudson
9290	ハシビロコウ		Shoebill
9291	ハサミ		Scissors
9292	ハコス・ベールズ		Hakos Veils
9293	ハケ水車		Brush waterwheel
9294	ハイレグ水着	swim	High-leg swimsuit
9295	ハイレグスーツ		High-leg suit
9296	ハイニー		Hiney
9297	ハイスクールDxD		High School DxD
9298	ハイキック		High kick
9299	ハイエンド尻穴ファッカー	ass insert	High-end asshole fucker
9300	ノーブルウィッチーズ		Noble Witches
9301	ノーブラサイン		No bra sign
9302	ノービス		Novice
9303	ノーハンド射精	cum	No hands ejaculation
9304	ノーハンドフェラ	mouth dick	No hands fellatio
9305	ノーハンドパイズリ	tit dick	hands-free paizuri
9306	ノーハンド		No hands
9307	ノースリーブユニフォーム+バレーパンツ		Sleeveless uniform + volleyball shorts
9308	ノワール(勝利の女神:NIKKE)	©	Noir (Goddess of Victory: NIKKE)
9309	ノワール(ネプテューヌ)	©	Noire (Neptune)
9310	ノワール		Noir
9311	ノルニス		Nornis
9312	ノゾミ(プリコネ)	©	Nozomi (Princess Connect)
9313	ノエル・アンダーソン		Noel Anderson
9314	ノエル(原神)	©	Noelle (Genshin Impact)
9315	ネーナ・トリニティ		Nena Trinity
9316	ネーナ		Nena
9317	ネージュ		Neige
9318	ネロアリス		Neroalice
9319	ネルソン(アズールレーン)	©	Nelson (Azur Lane)
9320	ネルギガンテ		Nergigante
9321	ネモフィラ		Nemophila
9322	ネモっぱい	tit	Nemoppai
9323	ネモ(ポケモン)	©	Nemo (Pokemon)
9324	ネメシス(ToLOVEる)	©	Nemesis (To LOVE-Ru)
9325	ネメシス		Nemesis
9326	ネプテューヌ		Neptune
9327	ネフェルピトー		Neferpitou
9328	ネフェルタリ・ビビ		Nefertari Vivi
9329	ネフェル(原神)	©	Nefer (Genshin Impact)
9330	ネバ神様		Neba-sama
9331	ネト嫁		Netoyome
9332	ネットカフェ		Internet Cafe
9333	ネコミク		Nekomiku
9334	ネコマタ		Nekomata
9335	ネコぱら		Nekopara
9336	ネコ		Cat
9337	ネグリジェ		Negligee
9338	ネクロ(ギルティギア)	©	Necro (Guilty Gear)
9339	ネオンカラー		Neon Color
9340	ネオポルテ		Neoporte
9341	ネウロ様		Neuro-sama
9342	ネイル		Nail
9343	ネア(プリコネ)	©	Nea (Princess Connect)
9344	ヌードモデル		Nude model
9345	ヌンボラ		Nunbora
9346	ニー子		Niiko
9347	ニーベルン		Nibelung
9348	ニンジャスレイヤー		Ninja Slayer
9349	ニューハーフ		Newhalf
9350	ニャンコロジ		Nyankoroji
9351	ニマ大師		Nima Daishi
9352	ニプルフックビキニ	nip sm expose swim	Nipple hook bikini
9353	ニプルファック凸	nip insert	Nipple fuck bump
9354	ニパ		Nipa
9355	ニノン		Ninon
9356	ニトクリス	©	Nitocris (Fate/Grand Order)
9357	ニップルドーム	nip	Nipple dome
9358	ニップルチェーン	nip	Nipple chain
9359	ニットワンピ		Knit dress
9360	ニッカ・エドワーディン・カタヤイネン		Nikka Edvardine Katajainen
9361	ニセコイ		Nisekoi
9362	ニジエたん		Nijie-tan
9363	ニシキゴイ		Nishikigoi
9364	ニコ(ブルーアーカイブ)	©	Nico (Blue Archive)
9365	ニキチッチ		Nikichichi
9366	ニオポリタン		Niopolitan
9367	ニアール(アークナイツ)	©	Nearl (Arknights)
9368	ナヴィア		Navia
9369	ナルヒナ		Naruhina
9370	ナルト疾風伝		Naruto Shippuden
9371	ナルガ装備		Narga equipment
9372	ナユタ(勝利の女神:NIKKE)	©	Nayuta (Goddess of Victory: NIKKE)
9373	ナムナ		Namuna
9374	ナナ・テスカトリ		Nana Tescatli
9375	ナナ・アスタ・デビルーク		Nana Asta Deviluke
9376	ナナホシすず		Nanahoshi Suzu
9377	ナナドラ		Nanadra
9378	ナナカ(プリコネ)	©	Nanaka (Princess Connect)
9379	ナナとカオル		Nana and Kaoru
9380	ナナ		Nana
9381	ナツメ(ポケスペ)	©	Natsume (Pokemon Special)
9382	ナツメ(トレーナー)	©	Natsume (Trainer)
9383	ナツ		Natsu
9384	ナコルル		Nakoruru
9385	ナガ(勝利の女神:NIKKE)	©	Naga (Goddess of Victory: NIKKE)
9386	ナウシカ		Nausicaa
9387	ナイルちゃん		Nile-chan
9388	ナイル(どうぶつの森	©	Nile (Animal Crossing)
9389	ナイトプール		Night pool
9390	ナイト		Night
9391	ドールズフロントライン2		Girls' Frontline 2
9392	ドーラ		Dora
9393	ドン引き		Completely disgusted
9394	ドロッテ		Dorotte
9395	ドレミコード		Doremi Code
9396	ドレインキッス		Drain Kiss
9397	ドルフロ		Dolfro
9398	ドルフィンパンツ		Dolphin Pants
9399	ドルテ・ドリーセン		Dolte Driesen
9400	ドリ子		Doriko
9401	ドリル拡張		Drill Expansion
9402	ドリルバイブ		Drill Vibe
9403	ドリル		Drill
9404	ドリランド		Doriland
9405	ドリフターズ		Drifters
9406	ドラムマスター	tm	Drum Master
9407	ドラムエ		Drum E
9408	ドラフ族		Draph tribe
9409	ドラゴン娘		Dragon Girl
9410	ドラゴンボールファイターズ	tm	Dragon Ball FighterZ
9411	ドラゴンボールZ	tm	Dragon Ball Z
9412	ドラゴンボールGT	tm	Dragon Ball GT
9413	ドラゴンナイト(アラド戦記)	©	Dragon Knight (Dungeon Fighter Online)
9414	ドラゴンクエストⅤ	tm	Dragon Quest V
9415	ドラゴンクエストⅢ	tm	Dragon Quest III
9416	ドラゴンクエスト8	tm	Dragon Quest 8
9417	ドラゴンクエスト3	tm	Dragon Quest 3
9418	ドラゴンクエスト11	tm	Dragon Quest 11
9419	ドラゴン		Dragon
9420	ドラゴニュート		Dragonewt
9421	ドラクエでよくあること。		Things that often happen in Dragon Quest.
9422	ドラクエ9	tm	Dragon Quest 9
9423	ドラクエ4	tm	Dragon Quest 4
9424	ドラガリアロスト	tm	Dragalia Lost
9425	ドヤ乳	milk	Smug milk
9426	ドブルイニャ・ニキチッチ(Fate)	©	Dobrinja Nikicic (Fate)
9427	ドピュ		Splat
9428	ドテ		Dote
9429	ドッグプレイ	pet	Dog Play
9430	ドッグデイズ	tm	Dog Days
9431	ドギースタイル	sex	Doggy Style
9432	ドキドキプリキュア		Doki Doki Precure
9433	ドウモウ	tm	Animal Crossing
9434	ドゥルガー(Fate)	©	Durga (Fate)
9435	ドイッチュラント		Deutschland
9436	ドすけべオオカミ		Perverted Wolf
9437	ドМホイホイ		Dom-hoihoi
9438	ドmホイホイ		Dom-hoihoi
9439	トール(小林さんちのメイドラゴン)	©	Tohru (Miss Kobayashi's Dragon Maid)
9440	トール		Thor
9441	トロール		Troll
9442	トレーニング		Training
9443	トレーサー		Tracer
9444	トレスマジア		Tres Magia
9445	トレス		Tres
9446	トルソー		Torso
9447	トリミアン		Trimian
9448	トリプルフェラ	mouth dick	Triple Fella
9449	トリッカル		Trickal
9450	トリカブト(花騎士)	©	Aconite (Flower Knight Girl)
9451	トランジスタグラマー		Transistor Glamour
9452	トランクス		Trunks
9453	トライエース		Tri-Ace
9454	トナコス筑摩		Tonacos Chikuma
9455	トナカイ娘		Reindeer Girl
9456	トップ絵		Top Illustration
9457	トップレスブラ		Topless Bra
9458	トップをねらえ!		Gunbuster!
9459	トコロテン		Tokoroten
9460	トゲヌキ		Togenuki
9461	トキ		Ibis
9462	トイレ掃除		Toilet cleaning
9463	トイレ列(大)最後尾		End of the toilet line (large)
9464	トイレブラシ		Toilet brush
9465	トイレは綺麗に使いましょう。		Let's keep the toilet clean.
9466	トイレの神様		Toilet God
9467	トイレには間に合った		I made it to the toilet in time
9468	デーゲンブレヒャー		Degenbrecher
9469	デンマ		Denma
9470	デンジ(チェンソーマン)	©	Denji (Chainsaw Man)
9471	デリバリーヘルスポケマン		Delivery Health Pokeman
9472	デリシャスパーティ♡プリキュア		Delicious Party♡Precure
9473	デュラン		Duran
9474	デュエル・マスターズ_プレイス		Duel Masters_Place
9475	デュエルリンクス		Duel Links
9476	デュエプレ		Duel Masters Play's
9477	デモ		Demo
9478	デミトリ		Demitri
9479	デボラ		Deborah
9480	デボネア・ダイアモンド		Debonair Diamond
9481	デフォ絵		Default Illustration
9482	デフォルメエロ		Deformed Erotic
9483	デビルサバイバー2/		Devil Survivor 2/
9484	デビルサバイバー2		Devil Survivor 2
9485	デビル		Devil
9486	デッドマン・ワンダーランド		Deadman Wonderland
9487	デッキ破壊		Deck Destruction
9488	デスロックさん		Deathlock
9489	デスサイズ		Death Scythe
9490	デジモンアドベンチャー		Digimon Adventure
9491	デジタルモンスター		Digital Monster
9492	デザイン		Design
9493	デコズリ		Forehead Rubbing
9494	デカ乳輪	nip	Huge Areola
9495	デカパイ	tit	Huge Boobs
9496	デイジー		Daisy
9497	ディーゼル(勝利の女神:NIKKE)	©	Diesel (Goddess of Victory: NIKKE)
9498	ディルドー		Dildo
9499	ディルドオナニー	toy mast	Dildo Masturbation
9500	ディフュージョン		Diffusion
9501	ディフェンスに定評のあるスカート		Skirt with a reputation for good defense
9502	ディストピアの花嫁		Bride of Dystopia
9503	ディスガイア5		Disgaea 5
9504	ディスガイア		Disgaea
9505	ディシア/キャンディス/レイラ/ファルザン/ドリー/ニィロウ		Disia/Candice/Layla/Falzan/Dolly/Nilow
9506	テープギャグ		Tape gag
9507	テント撫で		Tent stroking
9508	テントを張る		Setting up a tent
9509	テント		Tent
9510	テンテン		Tenten
9511	テレーゼ		Therese
9512	テルマエ衣装		Thermae Costume
9513	テラー(アズールレーン)	©	Terror (Azur Lane)
9514	テラニー		Terran
9515	テマリ		Temari
9516	テトラ		Tetra
9517	テディベア		Teddy Bear
9518	テスタロッサ		Testarossa
9519	テキラプ		Tekirap
9520	テキトーって何だっけ		What does "tekito" mean again?
9521	テキスト差分		Text Difference
9522	テカリ		Shiny
9523	テイルブルー		Tail Blue
9524	テイルズオブヴェスペリア		Tales of Vesperia
9525	テイルズ		Tales
9526	ティーンタイタンズ		Teen Titans
9527	ティルピッツ(アズールレーン)	©	Tirpitz (Azur Lane)
9528	ティア・ハリベル		Tier Harribel
9529	ティアマト		Tiamat
9530	ティア(勝利の女神:NIKKE)	©	Tia (Goddess of Victory: NIKKE)
9531	ティア(スパイ教室)	©	Tia (Spy Classroom)
9532	ツーショット		Two-shot
9533	ツワブキ		Farfugium
9534	ツリ目		Slanted eyes
9535	ツバキ		Camellia
9536	ツツジ		Azalea
9537	ツタージャの存在感		The presence of Snivy
9538	ツインテちゃん		Twintail girl
9539	ツインエンジェル		Twin Angel
9540	ツイスターゲーム		Twister game
9541	ッ全力射精!	cum	Full-force ejaculation!
9542	チーパオ		Chipao
9543	チン毛付きフェラ	mouth dick	Blowjob with pubic hair
9544	チン嗅ぎ	dick	Penis sniffing
9545	チン乗せ	dick	Penis on top
9546	チンポちょんまげ	dick	Penis topknot
9547	チリ		Chili
9548	チョッパー		Chopper
9549	チューリップ		Tulip
9550	チューブトップ		Tube top
9551	チュンリー		Chun-Li
9552	チュッパチャップス		Chupa Chups
9553	チャリオット(B★RS)	©	Chariot (B★RS)
9554	チャラ男		Flirty guy
9555	チャップス		Chaps
9556	チャイナ娘		China girl
9557	チャイナボンテージ	bond	China bondage
9558	チャイナ		China
9559	チビ巨乳	tit	Chibi Big Boobs
9560	チノ		Chino
9561	チッティ		Chitti
9562	チセ		Chise
9563	チェックスカート		Check Skirt
9564	チェインバー		Chamber
9565	チェイスチェイスジョーカーズ		Chase Chase Jokers
9566	チアーニャ		Chianya
9567	チアックス		Cheax
9568	チア		Cheer
9569	ダーティペア		Dirty Pair
9570	ダークハンター		Dark Hunter
9571	ダークネス		Darkness
9572	ダークソウル3		Dark Souls 3
9573	ダークソウル		Dark Souls
9574	ダークエルブン・フォレストレンジャー		Dark Elven Forest Ranger
9575	ダヴィ・アートマン		Davi Artman
9576	ダンボール		Cardboard
9577	ダンツフレーム(ウマ娘)	©	Danz Frame (Uma Musume)
9578	ダンジョンズ&ドラゴンズ		Dungeons & Dragons
9579	ダンサー		Dancer
9580	ダルマ		Daruma
9581	ダブルパイズリ	tit dick	double paizuri
9582	ダブルディルド		Double dildo
9583	ダスク(アークナイツ)	©	Dusk (Arknights)
9584	ダエッタ		Daetta
9585	ダイ大		Dragon Quest: The Adventure of Dai
9586	ダイワスカーレット(ウマ娘)	©	Daiwa Scarlet (Uma Musume)
9587	ダイワスカーレット		Daiwa Scarlet
9588	ダイヤモンドバスト/即夜戦		Diamond Bust/Instant Night Battle
9589	ダイビング		Diving
9590	ダイドー		Dido
9591	ダイタクヘリオス(ウマ娘)	©	Daitaku Helios (Uma Musume)
9592	ダイアリン		Dialin
9593	ダイの大冒険		Dragon Quest: The Adventure of Dai
9594	タンポン		Tampon
9595	タンクボディスーツ		Tank bodysuit
9596	タペストリー		Tapestry
9597	タバサ		Tabitha
9598	タナトフィリア		Thanatophilia
9599	タッカー		Tucker
9600	タシュケント(アズールレーン)	©	Tashkent (Azur Lane)
9601	タシュケント		Tashkent
9602	タコ		Octopus
9603	タグ荒らし		Tag Tamper
9604	タグ付き首輪		Tagged Collar
9605	タキ		Taki
9606	タカヤノリコ		Takaya Noriko
9607	タオルブラ		Towel Bra
9608	タオルパンツ		Towel Pants
9609	タウィル		Tawil
9610	タイトルなんて飾りです!		Titles are just for show!
9611	タイサイドビキニ	swim	Thai Side Bikini
9612	タイクーン姉妹		Tycoon Sisters
9613	タイの学生服		Thai School Uniform
9614	ゾーイ(グラブル)	©	Zoe (Granblue Fantasy)
9615	ゾンビ娘		Zombie Girl
9616	ゾン		Zon
9617	ゾロ女神		Zoro Goddess
9618	ゾロア		Zoroa
9619	ソーン(グラブル)	©	Thorn (Granblue Fantasy)
9620	ソーン		Thorn
9621	ソーマちゃん		Soma-chan
9622	ソーナ・シトリー		Sona Sitri
9623	ソーダ(勝利の女神:NIKKE)	©	Soda (Goddess of Victory: NIKKE)
9624	ソロモン悪魔		Solomon Demon
9625	ソロモン		Solomon
9626	ソリュシャン・イプシロン		Solution Epsilon
9627	ソラ:スプリングフライト		Sora: Spring Flight
9628	ソラ(アークナイツ)	©	Sora (Arknights)
9629	ソフトリョナ	ryona	Soft Ryona
9630	ソフィーヤ=オベルタス		Sofiya Obertas
9631	ソフィーヤ		Sofiya
9632	ソフィーティア・アレクサンドル		Sophitia Alexandre
9633	ソフィア・シルフィード		Sophia Sylphide
9634	ソニック・ザ・ヘッジホッグ		Sonic the Hedgehog
9635	ソニックキャット		Sonic Cat
9636	ソドレミコード・グレーシア		Sodoremicord Gracia
9637	ソデコ		Sodeko
9638	ソウルイーター		Soul Eater
9639	ゼロツー(ダリフラ)	©	Zero Two (Darling in the Franxx)
9640	ゼロスーツサムス		Zero Suit Samus
9641	ゼルダ姫(スマブラSP)	©	Princess Zelda (Super Smash Bros. Ultimate)
9642	ゼルダの伝説ブレスオブザワイルド		The Legend of Zelda: Breath of the Wild
9643	ゼルダ(ブレスオブザワイルド)	©	Zelda (Breath of the Wild)
9644	ゼファー		Zephyr
9645	ゼシカ・ウォン		Jessica Wong
9646	ゼイユ(ポケモン)	©	Zeiyu (Pokemon)
9647	ゼイユ(トレーナー)	©	Zeiyu (Trainer)
9648	ゼイユ		Zeiyu
9649	セーラームーンなりきりブラセット		Sailor Moon Cosplay Bra Set
9650	セーニャ		Senya
9651	セーター		Sweater
9652	セーエキ		Seieki
9653	センチメンタルグラフティ		Sentimental Graffiti
9654	セン		Sen
9655	セレフィラ		Selephira
9656	セレネ(キンスレ)	©	Selene (King's Raid)
9657	セレネ		Selene
9658	セレナっぱい	tit	Serena's boobs
9659	セル画風		Cel animation style
9660	セル画		Cel animation
9661	セルポ星人		Serpo Alien
9662	セルフ胸揉み	tit	Self-breast massage
9663	セルフ搾乳	milk	Self-milking
9664	セルフ授乳	tit milk	Self-breastfeeding
9665	セルフパイズリ	tit dick	self paizuri 
9666	セルフィ		Selfie
9667	セリカ(ブルーアーカイブ)	©	Celica (Blue Archive)
9668	セリカ(FE外伝)	©	Celica (FE Gaiden)
9669	セラフィータ		Seraphita
9670	セラフィム(ONEPIECE)	©	Seraphim (ONE PIECE)
9671	セラの蟲惑魔		Sera's Insectoid
9672	セミラミス(Fate)	©	Semiramis (Fate)
9673	セブンスロード・ウィッチ		Seventh Road Witch
9674	セパレートユニフォーム		Separate uniform
9675	セセリ		Seseri
9676	セシリア・イマーグリーン		Cecilia Immergreen
9677	セクメト		Sekhmet
9678	セクシー軍服		Sexy Military Uniform
9679	セクシーでかわいいどうぶつコスプレショー	costume	Sexy and Cute Animal Cosplay Show
9680	セクサロイド		Sexaroid
9681	セカフミ		Sekafumi
9682	セイレーン		Siren
9683	セイバー・リリィ		Saber Lily
9684	セイバーオルタ		Saber Alter
9685	ズボン下ろし		Pants Down
9686	スーロン		Sulong
9687	スーパーロボット大戦K	tm	Super Robot Wars K
9688	スーパーファミコン		Super Famicom
9689	スーパーヒロイン		Super Heroine
9690	スーパークラウン		Super Crown
9691	スーテラ		Sutera
9692	スーツYouTuber		Suit YouTuber
9693	スー(アークナイツ)	©	Sue (Arknights)
9694	スワイヤー(アークナイツ)	©	Swire (Arknights)
9695	スレンダー		Slender
9696	スリーパーホールド		Sleeper Hold
9697	スリーインワン		Three-in-One
9698	スリット(洋服)	©	Slit (Western Clothing)
9699	スラム街		Slum
9700	スライム浣腸		Slime Enema
9701	スモモ(トレーナー)	©	Sumomo (Trainer)
9702	スメール		Smell
9703	スマートフォン		Smartphone
9704	スマホ		Smartphone
9705	スマイルプリキュア!		Smile Precure!
9706	スポーツ		Sports
9707	スポユニ		Sports Uniform
9708	スポコス		Sports Costume
9709	スペロケ団		Speloce Team
9710	スペクター(アークナイツ)	©	Specter (Arknights)
9711	スプリング・モニタリング		Spring Monitoring
9712	スプラッター		Splatter
9713	スプラッシュアート		Splash Art
9714	スピリティア・ローゼンベルク		Spiritia Rosenberg
9715	スパロボK		Super Robot Wars K
9716	スパッツ艦娘		Spats Ship Girl
9717	スパクロ		Super Robot Wars Cross Omega
9718	スパイオ装備		Spio Equipment
9719	スノウブレイク		Snowbreak
9720	スノウ(MAR)	©	Snow (MAR)
9721	ストレッチ繊維		Stretch Fiber
9722	ストリートファイタークロス鉄拳		Street Fighter Cross Tekken
9723	ストリートパイター		Street Fighter
9724	ストリート		Street Fighter
9725	ストラトス(PSO2)	©	Stratos (PSO2)
9726	ストライカーズ(ラストオリジン)	©	Strikers (Last Origin)
9727	ストⅤ		Street Fighter V
9728	ステラーブレイド		Stella Blade
9729	ステラ・オーウェル		Stella Orwell
9730	ステラソラ		Stella Sora
9731	ステラのまほう		Stella no Mahou
9732	ステア(GBD)	©	Stear (GBD)
9733	スター団		Star Gang
9734	スターミー		Starmie
9735	スターフォックス		Star Fox
9736	スターシャ		Starsha
9737	スターオーシャン5		Star Ocean 5
9738	スターオーシアン		Star Oceanian
9739	スタンガン		Stun gun
9740	スタジオぴえろ		Studio Pierrot
9741	スタイリッシュ痴女		Stylish slut
9742	スタイリッシュ拘束		Stylish restraint
9743	スジ		Crotch
9744	スケベパーカー		Lewd hoodie
9745	スケベニット		Lewd knitwear
9746	スク水セーラー	swim ©	Swimsuit sailor
9747	スキューバダイビング		Scuba diving
9748	スキャンティ		Scanty
9749	スカート付きレオタード		Leotard with skirt
9750	スカートの中から尻尾		Tail from inside the skirt
9751	スカートの中		Inside the skirt
9752	スカーク		Skirk
9753	スカレズ		Skarezu
9754	スカラ装備		Skala equipment
9755	スカラマシュ		Skamash
9756	スカフィズム		Skafism
9757	スカディ		Skadi
9758	スカジャン		Sukajan
9759	スカイフレア(アークナイツ)	©	Skyfire (Arknights)
9760	スウツ		Suits
9761	スイートプリキュア♪		Suite Precure♪
9762	スイプリ		Suipuri
9763	ジンオウガ		Zinogre
9764	ジン		Jin
9765	ジル・スティングレイ		Jill Stingray
9766	ジョーイ		Joey
9767	ジョルジュ製造機		Georges Manufacturing Machine
9768	ジョリ腋		Shaved Armpit
9769	ジョッキ		Mug
9770	ジョジョの奇妙な冒険		JoJo's Bizarre Adventure
9771	ジュリ		Julie
9772	ジュピター		Jupiter
9773	ジュニアブラ		Junior Bra
9774	ジュニアアイドル		Junior Idol
9775	ジュエリー・ボニー		Jewelry Bonney
9776	ジャーヴィス		Jarvis
9777	ジャンプ		Jump
9778	ジャンヌ姉妹		Jeanne Sisters
9779	ジャンヌ・ダルク(水着)	swim ©	Joan of Arc (swimsuit)
9780	ジャンヌダルク(神撃のバハムート)	©	Joan of Arc (Rage of Bahamut)
9781	ジャンヌダルク		Joan of Arc
9782	ジャック・ザ・リッパー		Jack the Ripper
9783	ジャック・オー		Jack-O'
9784	ジャケット		Jacket
9785	ジャガー(けものフレンズ)	©	Jaguar (Kemono Friends)
9786	ジムリーダー(ジョウト)	©	Gym Leader (Johto)
9787	ジムリーダー(カントー)	©	Gym Leader (Kanto)
9788	ジム		Jim
9789	ジズ(メギド72)	©	Ziz (Megido 72)
9790	ジジ・ムリン		Gigi Murin
9791	ジジ・フジサキ		Gigi Fujisaki
9792	ジオン軍		Zeon army
9793	ジオン兵		Zeon soldier
9794	ジェーナス(アズールレーン)	©	Janus (Azur Lane)
9795	ジェンティルドンナ(ウマ娘)	©	Gentildonna (Uma Musume)
9796	ジェンツーペンギン(けものフレンズ)	©	Gentoo Penguin (Kemono Friends)
9797	ジェフティ(パン屋作戦)	©	Jehuty (Bakery Operation)
9798	ジェネ		Gene
9799	ジェシー・ラズベリー		Jessie Raspberry
9800	シーニィ		Seeny
9801	シーツ掴み		Sheet Grab
9802	シーツおばけ		Sheet Ghost
9803	シーエ		See
9804	シンメトリカルドッキング		Symmetrical Docking
9805	シンデレラブレイド		Cinderella Blade
9806	シンデレラ:ガラスのプリンセス		Cinderella: The Glass Princess
9807	シンダラ		Sindara
9808	シンクライリアナの人		The person from Synchro Liana
9809	シンクライリアナ(花騎士)	©	Sinkly Liana (Flower Knight)
9810	シロネン		Shironen
9811	シロ(ボンバーガール)	©	Shiro (Bomber Girl)
9812	シロ		Shiro
9813	シルヴァ		Silva
9814	シルフィー		Sylphy
9815	シリーズ化希望		Hoping for a series adaptation
9816	シラユリ・サクラ		Shirayuri Sakura
9817	ショーパン		Shorts
9818	ショートヘアー		Short Hair
9819	ショートパンツ体操着		Shorts Gym Uniform
9820	ショートパンツお漏らし	uro	Shorts Peeing
9821	ショートセレナ		Short Serena
9822	ションベンぶっかけ	uro	Pee Splashing
9823	ションベン	uro	Pee
9824	ショッピングカート		Shopping Cart
9825	ショタ椛		Shota Momiji
9826	ショタモンゲットだぜ!		Got a Shota Monster!
9827	ショタエルフ		Shota Elf
9828	ショジョナ		Shojona
9829	ショコラ(ネコぱら)	©	Chocola (Nekopara)
9830	ショコラ&バニラ		Chocolat & Vanilla
9831	ショウ(ポケモン)	©	Sho (Pokemon)
9832	ショアキーパー(鳴潮)	©	Shorekeeper (Narushio)
9833	シュルクーフ(アズールレーン)	©	Surcouf (Azur Lane)
9834	シュルクーフ		Surcouf
9835	シュリンカー		Shrinker
9836	シュブ=ニグラス		Shub-Niggurath
9837	シュネー・ヴァイスベルグ		Schnee Weissberg
9838	シュタルク		Stark
9839	シャーリー・グランズ		Shirley Grands
9840	シャーチル		Sharchill
9841	シャンプー		Shampoo
9842	シャンデラ		Chandela
9843	シャワー室		Shower Room
9844	シャルロット・デュノア		Charlotte Dunois
9845	シャルロット・カトリーヌ・クルーエ		Charlotte Catherine Clouet
9846	シャルティア		Shaltear
9847	シャル		Sharl
9848	シャムシェル		Shamshel
9849	シャボン玉		Soap Bubble
9850	シャフ度		Shaft Degree
9851	シャハナ=ナーナ		Shahana-Nana
9852	シャノア		Shanoa
9853	シャドー		Shadow
9854	シャドウミストレス優子		Shadow Mistress Yuko
9855	シャトラ		Shatra
9856	シャインミラージュ		Shine Mirage
9857	シャイリリー		Shailily
9858	シフォン		Chiffon
9859	シビアン		Sibian
9860	シノン(SAO)	©	Sinon (SAO)
9861	シノアリス		SINoALICE
9862	シニョーラ(原神)	©	Signora (Genshin Impact)
9863	シドニー・オールム		Sydney Aurum
9864	シドニー		Sydney
9865	シドの嫁		Sid's bride
9866	シトラス		Citrus
9867	シズク=ムラサキ		Shizuku Murasaki
9868	シスターマリン		Sister Marine
9869	シスターサキュバス		Sister Succubus
9870	シスタークレア		Sister Claire
9871	シスタークエスト		Sister Quest
9872	シグニット(アズールレーン)	©	Cygnet (Azur Lane)
9873	シギィ		Siggy
9874	シオン・アルフィーネ		Shion Alfine
9875	シェルファニール		Shelfaniel
9876	シェリー・バーキン		Sherry Birkin
9877	シェリル・ノーム		Sheryl Nome
9878	シェフィールド		Sheffield
9879	シェズ		Shez
9880	シイコ・スガイ		Shiiko Sugai
9881	シィンズゥ(アークナイツ)	©	Sinzu (Arknights)
9882	シアシスターズ		Shiasis Sisters
9883	シアシス		Shiasis
9884	ザー飲		Za Drink
9885	ザーメン風呂	cum	semen bath - zāmen furo
9886	ザーメン塗れ	cum	covered in semen - zāmen nure
9887	ザーメンリンス	cum	semen rinse
9888	ザーメンシャンプー	cum	semen shampoo
9889	サ胸ホイホイ		Sauna Chest Hoihoi
9890	サーリャ		Sarya
9891	サーヤ(翠星のガルガンティア)	©	Saya (Gargantia on the Verdurous Planet)
9892	サーヤ		Saya
9893	サーバル(けものフレンズ)	©	Serval (Kemono Friends)
9894	サークルカット		Circle Cut
9895	サーカル		Circal
9896	サンバイザー		Sun Visor
9897	サンディエゴ(アズールレーン)	©	San Diego (Azur Lane)
9898	サンダー龍子		Thunder Ryuko
9899	サンダース		Sanders
9900	サンダー(ドールズフロントライン)	©	Thunder (Girls' Frontline)
9901	サンダル		Sandals
9902	サンタ女子		Santa Girl
9903	サンタクロース		Santa Claus
9904	サンセットシマー		Sunset Shimmer
9905	サンシャインクリエイション60		Sunshine Creation 60
9906	サンシャインクリエイション		Sunshine Creation
9907	サンオイル		Sun Oil
9908	サロペット		Overalls
9909	サレン(プリコネ)	©	Saren (Princess Connect)
9910	サラーサ(グラブル)	©	Sarasa (Granblue Fantasy)
9911	サラーサ		Sarasa
9912	サラトガ(艦隊これくしょん)	©	Saratoga (Kantai Collection)
9913	サラトガ		Saratoga
9914	サヤ		Saya
9915	サメガール		Shark Girl
9916	サメ		Shark
9917	サムネ		Thumbnail
9918	サマーアードウルフ		Summer Aardwolf
9919	サマルトリアの王子		Prince of Samaltria
9920	サマルトリアの王女		Princess of Samaltria
9921	サバゲー		Airsoft
9922	サナっぱい	tit	Sana oppai
9923	サトノダイヤモンド(ウマ娘)	©	Satono Diamond (Uma Musume)
9924	サディちゃん		Sadie-chan
9925	サッキュバス		Succubus
9926	サッカースピリッツ		Soccer Spirits
9927	サターニャ		Satanya
9928	サタノファニ		Satanophany
9929	サザレ(ポケモン)	©	Sazare (Pokemon)
9930	サグラレ堕メ		Sagurare Fallen
9931	サクラギ・コハル		Sakuragi Koharu
9932	サクナヒメ		Sakunahime
9933	サキュバス荘の大家さん		Landlady of Succubus Manor
9934	サキュバスメイド		Succubus Maid
9935	サキュバスホームステイ		Succubus Homestay
9936	サキュバスクイーン		Succubus Queen
9937	サキュバス(このすば)	©	Succubus (Konosuba)
9938	サキぽよ		Sakipoyo
9939	サウナ		Sauna
9940	サイレント(SlaytheSpire)	©	Silent (Slay the Spire)
9941	サイリ		Sayri
9942	サイボーグ009_		Cyborg 009
9943	サイボーグ		Cyborg
9944	サイバーフォーミュラ		Cyber ​​Formula
9945	サイバーパンク2077		Cyberpunk 2077
9946	サイバーパンク		Cyberpunk
9947	サイドオーダー		Side Order
9948	サイコキ	dick	Psychic Handjob
9949	サイコ		Psycho
9950	サイクロプス		Cyclops
9951	サイクルヘルメット		Cycle Helmet
9952	ゴールドビキニ	swim	Gold Bikini
9953	ゴールデンロア		Golden Roar
9954	ゴールデンパインジュース		Golden Pine Juice
9955	ゴールデングロー(アークナイツ)	©	Goldenglow (Arknights)
9956	ゴーリキー		Gorky
9957	ゴースト(ポケモン)	©	Gastly (Pokemon)
9958	ゴロー(原神)	©	Goro (Genshin Impact)
9959	ゴロー		Goro
9960	ゴルロア		Golroa
9961	ゴルゴプスカバ(けものフレンズ)	©	Gorgops Hippopotamus (Kemono Friends)
9962	ゴム購入		Buying rubber
9963	ゴム着用		Wearing rubber
9964	ゴム手袋		Rubber gloves
9965	ゴム		Rubber
9966	ゴミ箱		Trash Can
9967	ゴミ捨て場		Garbage Dump
9968	ゴミを見るような目		Looking at garbage
9969	ゴミ		Trash
9970	ゴブリン娘		Goblin Girl
9971	ゴブリンライダー		Goblin Rider
9972	ゴブリンスレイヤーの登場人物一覧		List of characters from Goblin Slayer
9973	ゴッドイーター2		God Eater 2
9974	コーナータイム		Corner Time
9975	コードギアス双貌のオズ		Code Geass: Oz the Reflection
9976	コーデリア・エメリー		Cordelia Emery
9977	コンバース		Converse
9978	コンドーム腰簑		Condom loincloth
9979	コン(東京レイヴンズ)	©	Con (Tokyo Ravens)
9980	コン		Kon
9981	コロラド(アズールレーン)	©	Colorado (Azur Lane)
9982	コロマグちゃん		Koromagu-chan
9983	コロッサス(グラブル)	©	Colossus (Granblue Fantasy)
9984	コレ絶対入ってるよね		This definitely has something in it
9985	コルフェン		Corfen
9986	コルニ		Cornie
9987	コリィ・スナイパー		Corey Sniper
9988	コミティア106	event	Comitia 106
9989	コミティア	event	Comitia
9990	コミック真激		Comic Shingeki
9991	コミックミルフ		Comic Milf
9992	コミックマーケット94	event	Comic Market 94
9993	コミックマーケット93	event	Comic Market 93
9994	コミックマーケット85	event	Comic Market 85
9995	コミックマーケット84	event	Comic Market 84
9996	コミックマーケット82	event	Comic Market 82
9997	コミックマーケット79	event	Comic Market 79
9998	コミックマーケット78	event	Comic Market 78
9999	コミックマーケット104	event	Comic Market 104
10000	コミックマーケット100	event	Comic Market 100
10001	コミックマショウ		Comic Mashow
10002	コミックボンボン		Comic Bonbon
10003	コミックトレジャー		Comic Treasure
10004	コミックE×E(エグゼ)	©	Comic E×E (EXE)
10005	コミック1		Comic 1
10006	コミケ78	event	Comiket 78
10007	コハル(アニポケ)	©	Koharu (Anime Pokemon)
10008	コハク(Dr.STONE)	©	Kohaku (Dr.STONE)
10009	コノハ博士		Dr. Konoha
10010	コトブキマコト		Kotobuki Makoto
10011	コップ		Cup
10012	コッコロ		Kokkoro
10013	コックリーシュ		Cock leash
10014	コズミックブレイク		Cosmic Break
10015	コスモス		Cosmos
10016	コスプレ公衆便所		Cosplay Public Toilet
10017	コスプ		Cosplay
10018	ココ・バンディクー		Coco Bandicoot
10019	コケティッシュ		Coquettish
10020	コギト(ポケモン)	©	Cogito (Pokemon)
10021	コウモリ		Bat
10022	コウテイ		Emperor
10023	コウサカ・チナ		Kousaka China
10024	ゲーム画面風		Game screen style
10025	ゲーム機		Game console
10026	ゲームボーイ		Game Boy
10027	ゲーマー		Gamer
10028	ゲート		Gate
10029	ゲンブ(けものフレンズ)	©	Genbu (Kemono Friends)
10030	ゲンガー		Gengar
10031	ゲロ出しゲロ飲み	sca	Vomiting and drinking vomit
10032	ゲロゲロ	sca	Vomit vomit
10033	ゲロイン		Heroine
10034	ゲルド族		Gerudo Tribe
10035	ゲルググ		Gelgoog
10036	ゲップ		Burp
10037	ケヴィン(聖剣伝説3)	©	Kevin (Trials of Mana)
10038	ケンタウロス娘		Centaur girl
10039	ケンタウロス		Centaur
10040	ケロ様		Kero-sama
10041	ケロロ軍曹		Sergeant Keroro
10042	ケルベロス(Helltaker)	©	Cerberus (Helltaker)
10043	ケルシー(アークナイツ)/	©	Kal'tsit (Arknights)
10044	ケルゲレン子		Kerguelenko
10045	ケリ姫スイーツ		Kerihime Sweets
10046	ケモ豆先生		Kemomame Sensei
10047	ケモ娘		Kemomusume
10048	ケモ奴隷		Kemono slave
10049	ケモノ娘		Kemono Girls
10050	ケモノ姉妹		Kemono Sisters
10051	ケモノふれんず		Kemono Friends
10052	ケモセーフ		Kemono safe
10053	ケモストア		Kemono store
10054	ケモぱい	tit	Kemono boobs
10055	ケモっぱい	tit	Kemoppai
10056	ケツァル・コアトル(Fate)	©	Quetzalcoatl (Fate)
10057	ケツァルコアトル		Quetzalcoatl
10058	ケツァぐだ♀		Quetzalcoatl (female)
10059	ケツ		Ass
10060	ケッコンカッコカリ		Temporary marriage
10061	ケッコン(アズールレーン)	©	Kekkon (Azur Lane)
10062	ケイ(トレーナー)	©	Kei (Trainer)
10063	ケイ		Kei
10064	グーラ人		Kune
10065	グロ注意		Warning: Graphic Content
10066	グロマン/子宮脱/ガバマン/BDSM	ryona-	Groman/Uterine Prolapse/Gabaman/BDSM
10067	グロチンポ	dick	Gross Penis
10068	グレープフルーツクロー		Grapefruit Claw
10069	グレートマザー		Great Mother
10070	グレーテル		Gretel
10071	グレアン		Grean
10072	グリース		Grease
10073	グリマス		Grimmas
10074	グリッドマンの下半身担当		Gridman's lower body
10075	グラーフ・ツェッペリン(艦隊これくしょん)	©	Graf Zeppelin (Kantai Collection)
10076	グラーフ・ツェッペリン		Graf Zeppelin
10077	グラヴィラ		Gravira
10078	グランバニア王女		Princess of Granvania
10079	グラン		Gran
10080	グラメル		Gramel
10081	グラマラスグラマー		Glamorous Glamour
10082	グラマラスカバ		Glamorous Kaba
10083	グラベル(アークナイツ)	©	G Label (Arknights)
10084	グラベア		Grabear
10085	グラブル主人公		Granblue Fantasy Protagonist
10086	グラビティフォールズ		Gravity Falls
10087	グラビア		Gravure
10088	グラニ(アークナイツ)	©	Grani (Arknights)
10089	グラナル		Granal
10090	グラジタ		Grajita
10091	グラケット		Gracket
10092	グラアニ		Graani
10093	グッズ		Goods
10094	グダ子		Gudako
10095	グズマ		Guzma
10096	グアム(アズールレーン)	©	Guam (Azur Lane)
10097	クーラードリンク		Queen's Gate
10098	クーネ		Cool Drink
10099	クンニリングス	mouth	Cunnilingus
10100	クロージャ(アークナイツ)	©	Closure (Arknights)
10101	クロリンデ		Chlorinde
10102	クロスホルタービキニ	swim	Cross Halter Bikini
10103	クロエ(プリコネ)	©	Chloe (Princess Connect)
10104	クロエ		Chloe
10105	クレー(原神)	©	Klee (Genshin Impact)
10106	クレマンティーヌ		Clementine
10107	クレベース		Cleveres
10108	クレオパトラ(Fate)	©	Cleopatra (Fate)
10109	クレア・アンドリュース		Claire Andrews
10110	クレア		Claire
10111	クルミ(リコリス・リコイル)	©	Kurumi (Licorice Recoil)
10112	クルシュ		Crusch
10113	クリ肥大化	clit	Clitoris hypertrophy
10114	クリ皮	clit	Clitoris skin
10115	クリ淫紋	clit	Clitoris tattoo
10116	クリ散歩	clit	Clitoris walk
10117	クリ拡張	clit	Clitoris dilation
10118	クリ乳首吸引	clit nip	Clitoris nipple suction
10119	クリーチャー		Creature
10120	クリリード…いやチンリード?	clit dick pierc	Clitoris leash / Penis leash
10121	クリムゾン・タイフーン		Crimson Typhoon
10122	クリフハート		Cliffheart
10123	クリトリス包皮	clit	Clitoris foreskin
10124	クリチラ	clit	Clitoris peek
10125	クリス・モーガン		Chris Morgan
10126	クリスマス2024		Christmas 2024
10127	クリスマス2023		Christmas 2023
10128	クリス(このすば)	©	Chris (Konosuba)
10129	クリカバー	clit	Clit cover
10130	クリオナ	clit	Clit ona
10131	クラ婚		Kura wedding
10132	クランプ		Crump
10133	クラリス(シンデレラガールズ)	©	Clarice (Cinderella Girls)
10134	クララ(トレーナー)	©	Clara (Trainer)
10135	クララ		Clara
10136	クラッシュバンディクー		Crash Bandicoot
10137	クラスに1人いる巨乳シリーズ	tit	The Big-Breasted Girl Series (One in Every Class)
10138	クラス3		Class 3
10139	クラゲ		Jellyfish
10140	クラエア		Kuraea
10141	クラウンピース		Clownpiece
10142	クライムバスターズ		Crime Busters
10143	クムリ先輩		Guten Morgen♡Guten Morgen♡
10144	クパァ		Kupaa
10145	クノイチ		Kunoichi
10146	クトゥルフ神話TRPG		Cthulhu Mythos TRPG
10147	クトゥルフ神話		Cthulhu Mythos
10148	クッパ		Bowser
10149	クソビッチ		Bitch
10150	クスリ漬け		Drug addict
10151	クスリ		Drugs
10152	クシャルダオラ		Kushala Daora
10153	クォーツ		Quartz
10154	クエンシー(勝利の女神:NIKKE)	©	Quency (Goddess of Victory: NIKKE)
10155	クイーンズブレイドリベリオン		Queen's Blade Rebellion
10156	クイーンズゲイト		Queen's Blade Rebellion
10157	ギロチン拘束		King Caesar
10158	ギルモン		Beautiful Suppatenko
10159	ギルベルタ(エンドフィールド)	©	Gilberta (Endfield)
10160	ギルティギアストライヴ		Guilmon
10161	ギルます		Guilty Gear Strive
10162	ギリギリアウト		Just Barely Out
10163	ギョロ目		Buggy Eyes
10164	ギャルピース		Galpeace
10165	ギャラクティカ		Galactica
10166	ギャグハーネス		Gag Harness
10167	ギタリスト		Guitarist
10168	ギザ歯		Jagged Teeth
10169	ギガサイズ		Giga Size
10170	キーロフ		Kirov
10171	キヴォトスゲップ部		Kivotos Burp Club
10172	キンシコウ(けものフレンズ)	©	Golden Snub-nosed Monkey (Kemono Friends)
10173	キンシコウ		Testicle Mosaic
10174	キング・シーザー		King of Fighters
10175	キングオブファイターズ		Golden Monkey
10176	キリコ		Kiriko
10177	キリグバイツ		Kirigbites
10178	キラッ☆		Sparkle☆
10179	キョンシー頼光		Jiangshi Yorimitsu
10180	キョンシー娘		Jiangshi Girl
10181	キョウカ(プリコネ)	©	Kyouka (Princess Connect)
10182	キュービィ		Cubie
10183	キュロク		Kyuroku
10184	キュベレイMk‐Ⅱ		Qubeley Mk-II
10185	キュアロゼッタ		Cure Rosetta
10186	キュアリリアン		Cure Rilian
10187	キュアリズム		Cure Rhythm
10188	キュアマーチ		Cure March
10189	キュアマリン		Cure Marine
10190	キュアホワイト		Cure White
10191	キュアピース		Cure Peace
10192	キュアビート		Cure Beat
10193	キュアヒョウタンヤマ		Cure Hyotanyama
10194	キュアニャミー		Cure Nyami
10195	キュアトヨカワ		Cure Toyokawa
10196	キュアトゥインクル		Cure Twinkle
10197	キュアソード		Cure Sword
10198	キュアサンシャイン		Cure Sunshine
10199	キュアアルカナ・シャドウ		Cure Arcana Shadow
10200	キャンディス(原神)	©	Candice (Genshin Impact)
10201	キャンディス		Candice
10202	キャリア潰し		Career ruiner
10203	キャラ配布(ハニーセレクト2)	©	Character Distribution (Honey Select 2)
10204	キャラ配布		Character distribution
10205	キャラクター		Character
10206	キャメルトゥ		Cameltoe
10207	キャプションに全力で同意		I completely agree with the caption.
10208	キャプションで台無し		The caption ruined it.
10209	キャットガール		Cat Girl
10210	キャッツィバニィ!		Catsy Bunny!
10211	キャッシフスルート		Cassifus Route
10212	キャストリス		Castoris
10213	キャストオフ		Cast Off
10214	キャスター(Fate/EXTRA)	©	Caster (Fate/EXTRA)
10215	キャスカ		Casca
10216	キミの瞳に欲情してる		I'm Lusting After Your Eyes
10217	キノコ		Mushroom
10218	キズナアイ		Kizuna AI
10219	キスショット・アセロラオリオン・ハートアンダーブレード		Kiss-Shot Acerola-Orion Heart-Under-Blade
10220	キサラ		Kisara
10221	キサキ		Kisaki
10222	キカイダー01		Kikaider 01
10223	キアサージ(アズールレーン)	©	Kearsarge (Azur Lane)
10224	ガールズバー		Girls bar
10225	ガーネット		Garnet
10226	ガーター		Garter
10227	ガンダム試作2号機		Gundam Prototype Unit 2
10228	ガンダム戦記		Gundam Chronicles
10229	ガンダムSEEDDESTINY		Gundam SEED DESTINY
10230	ガンダム00		Gundam 00
10231	ガンスリンガー		Gunslinger
10232	ガングロ	guro	Ganguro
10233	ガレージキット		Garage Kit
10234	ガレス(Fate)	©	Gareth (Fate)
10235	ガルーダ		Garuda
10236	ガルチュー		Garchu
10237	ガルガンティア		Gargantia
10238	ガラスの中		Inside the Glass
10239	ガハママ		Gahama Mama
10240	ガチ百合	not_solo yuri sex	Hardcore yuri
10241	ガチレズ	not_solo yuri sex	Hardcore lesbian
10242	ガスタの静寂カーム		Gusta's silence, calm
10243	ガジェットリョナ	ryona	Gadget ryona
10244	ガク痙攣		Shaking convulsions
10245	ガキ犯		Kid perpetrator
10246	ガキに戻ってヤリ直し		Go back to being a kid and start over
10247	ガオー		Grrr
10248	カーリー		Carly
10249	カーリナ		Karlina
10250	カーミラ(水着)	swim ©	Carmilla (swimsuit)
10251	カーミラ(Fate)	©	Carmilla (Fate)
10252	カーミラ		Carmilla
10253	カーマ(水着)	swim ©	Karma (swimsuit)
10254	カーディガン		Cardigan
10255	カーディ(アークナイツ)	©	Cardi (Arknights)
10256	カーセックス		Car sex
10257	カンナ		Kanna
10258	カンタレラ・フィサリア		Cantarella Fissalia
10259	カレンちゃん		Karen-chan
10260	カレラ		Carrera
10261	カレット		Carret
10262	カルロッタ(鳴潮)	©	Carlotta (Narushio)
10263	カルム(トレーナー)	©	Calem (Trainer)
10264	カルデアチアリーディング部		Caldea Cheerleading Club
10265	カルデアキッチン組		Caldea Kitchen Group
10266	カルテイラ		Carteira
10267	カリン・ウィクス		Karin Wicks
10268	カリザ(プリコネ)	©	Kariza (Princess Connect)
10269	カリカリ		Crunchy
10270	カリオストロ(グラブル)	©	Cagliostro (Granblue Fantasy)
10271	カラーリップ		Colored Lips
10272	カラータイツ		Colored Tights
10273	カラカル(けものフレンズ)	©	Caracal (Kemono Friends)
10274	カムイ♀		Kamui♀
10275	カムイ(FEif)	©	Kamui (FEif)
10276	カミツレ		Chamomile
10277	カミチア・ネーラ		Kamichia Nera
10278	カボチャ挿入	insert	Pumpkin Insertion
10279	カホ		Kaho
10280	カフェ		Cafe
10281	カヒリ(ポケモン)	©	Kahili (Pokemon)
10282	カバーイラスト		Cover illustration
10283	カノン(ポケモン)	©	Kanon (Pokemon)
10284	カノン(プリコネ)	©	Kanon (Princess Connect)
10285	カノジョも彼女		She's also her
10286	カニバリズム		Cannibalism
10287	カナン・ル・ユーパトリウム		Kanan le Eupatorium
10288	カナン(アラフォー男の異世界通販生活)	©	Kanan (A Middle-Aged Man's Isekai Online Shopping Life)
10289	カットアウェイショルダー		Cutaway shoulder
10290	カタリナ・クラエス		Katarina Claes
10291	カタリナ		Katarina
10292	カズクリ	clit	Kazukuri
10293	カスミ(電撃ピカチュウ)	©	Kasumi (Dengeki Pikachu)
10294	カクビク		Shaking and trembling
10295	カクテル		Cocktail
10296	カガリ(ポケモン)	©	Kagari (Pokemon)
10297	カカオ		Cacao
10298	カオリ・フジワラ		Kaori Fujiwara
10299	カオスヘッド		Chaos Head
10300	カオスゼロナイトメア		Chaos Zero Nightmare
10301	カウベル		Cowbell
10302	カウパー		Cowper
10303	カイ・ハーン		Kai Hahn
10304	オーロ・クロニー		Auro Chrony
10305	オーロラ		Aurora
10306	オーメストグランデ		Omestogrande
10307	オーベム		Obem
10308	オープンニップル	nip	Open nipple
10309	オーバー・ザ・カラー		Over the color
10310	オーバーロード(アニメ)	©	Overlord (Anime)
10311	オートバイ		Motorcycle
10312	オーガ(DQ10)	©	Ogre (DQ10)
10313	オーガ		Ogre
10314	オーイエーアハーン		Oh yeah hahn
10315	オレンジ髪		Orange hair
10316	オレンジペコ(GuP)	©	Orange Pekoe (GuP)
10317	オルレアン		Orleans
10318	オルドリン・ジヴォン		Aldrin Zivon
10319	オルテガ		Ortega
10320	オルガスム		Orgasm
10321	オリビエ		Olivier
10322	オリジナル漫画	oc	Original manga
10323	オリジナルセーラー戦士	oc	Original Sailor Senshi
10324	オリジナルXIII	oc	Original XIII
10325	オリキャラ全部描く	oc	Draw all original characters
10326	オリキャラゆづき	oc	Original character Yuzuki
10327	オリオトライ・真喜子		Oriotrai Makiko
10328	オヤジ		Dad
10329	オムツ		Diapers
10330	オマーン・コーン		Oman Korn
10331	オマンコアップ	pussy	Close-up of pussy
10332	オマル		Omar
10333	オベリスクフォース		Obelisk Force
10334	オフパコ		Off-pako
10335	オフェリア(FEif)	©	Ophelia (FEif)
10336	オフィスラブ		Office love
10337	オファーはメイドさん		Offer is a maid
10338	オパイニダス神話		Opainidas mythology
10339	オナホ扱い		Treated as an onaho
10340	オナホ妖精		Onaho fairy
10341	オナホ化		Onaho transformation
10342	オナホコキ	dick	Onaho cocking
10343	オナホ		Onaho
10344	オナニー配信	expose mast	Masturbation stream
10345	オトメ*ドメイン		Otome*Domain
10346	オトスパス		Otosupas
10347	オトコノコHEAVEN		Otokonoko HEAVEN
10348	オトギリさん		Otogiri-san
10349	オッホアイ		Ohoai
10350	オッティモ!!		Ottimo!!
10351	オスクロル		Oscrol
10352	オスガキ		Osugaki
10353	オシリナル		Oshirinaru
10354	オシリス文庫		Osiris Bunko
10355	オクトリング		Octolin
10356	オカルトマニア(Z-A)	©	Hex Maniac (Z-A)
10357	オカマニ		Okamani
10358	オオカミ		Wolf
10359	オウカテンコウ		Oukatenkou
10360	オイルマッサージの虜になった私		I became addicted to oil massage
10361	オイルプレイ		Oil play
10362	オイナリプリキュア		Oinari Precure
10363	エーデルガルト=フォン=フレスベルグ		Edelgard von Hresberg
10364	エーテル財団職員		Ether Foundation employee
10365	エーギル(アズールレーン)	©	Aegir (Azur Lane)
10366	エヴァQ		Eva Q
10367	エンジェルクラブ		Angel Club
10368	エロ魔女		Erotic witch
10369	エロ運動会		Erotic sports day
10370	エロ蹲踞/尻神様/極上の乳/クリスマス	tit	Erotic squatting/Butt god/Supreme boobs/Christmas
10371	エロ絵		Erotic pictures
10372	エロ画像		Erotic images
10373	エロ校則		Erotic school rules
10374	エロ本		Erotic book
10375	エロ忍者		Erotic ninja
10376	エロ制服		Erotic uniform
10377	エロ写メ		Erotic photo
10378	エロピン		Erotic pin
10379	エロビキニ	swim expose	Erotic bikini
10380	エロトラップダンジョン		Erotic trap dungeon
10381	エロキュア		Erotic Cure
10382	エロカッコイイ		Erotic cool
10383	エロアクセサリー		Erotic accessories
10384	エロかわいい		Erotic cute
10385	エロおにぎり		Erotic rice balls
10386	エレベーターガール		Elevator Girl
10387	エレベーター		Elevator
10388	エレナ・ブラヴァツキー(水着)	swim ©	Helena Blavatsky (swimsuit)
10389	エレナ・ブラヴァツキー(Fate)	©	Helena Blavatsky (Fate)
10390	エレナ・ダグラス		Elena Douglas
10391	エレナ(ストリートファイター)	©	Elena (Street Fighter)
10392	エレグ:ブーム・アンド・ショック		Ereg: Boom and Shock
10393	エレグ(勝利の女神:NIKKE)	©	Eleg (Goddess of Victory: NIKKE)
10394	エレグ		Ereg
10395	エル子		Elko
10396	エルーン		Elune
10397	エルメ		Elme
10398	エルボーサポーター		Elbow Supporter
10399	エルボー&ニーパッド		Elbow & Knee Pads
10400	エルブン・フォレストメーカー		Elven Forestmaker
10401	エルフでビキニでマシンガン!	fantasy swim	Elf in a Bikini with a Machine Gun!
10402	エルフ(DQ10)	©	Elf (DQ10)
10403	エルデンリング:ナイトレイン		Elden Ring: Nightrain
10404	エルデンリング		Elden Ring
10405	エルザ・ブルックス		Elsa Brooks
10406	エルザ(シンフォギア)	©	Elsa (Symphogear)
10407	エル(GuP)	©	El (GuP)
10408	エル		El
10409	エリーチカ		Erichka
10410	エリーゼ・カタリーナ・フォン・ホーエンハイム		Elise Katarina von Hohenheim
10411	エリス(このすば)	©	Eris (Konosuba)
10412	エリス		Ellis
10413	エリザベス・ローズ・ブラッドフレイム		Elisabeth Rose Bloodflame
10414	エリサ		Elisa
10415	エリコ(プリコネ)	©	Eriko (Princess Connect)
10416	エミリー		Emily
10417	エマ		Emma
10418	エピックセブン		Epic Seven
10419	エビ殿(ペティオ)	©	Ebi-dono (Petio)
10420	エパリダ		Epalida
10421	エニシアと契約紋		Contract crest with Enisia
10422	エナメル		Enamel
10423	エナジードリンク		Energy drink
10424	エデンズリッター		Eden's Ritter
10425	エディンバラ(アズールレーン)	©	Edinburgh (Azur Lane)
10426	エディンバラ		Edinburgh
10427	エッジランナーズ		Edgerunners
10428	エチケット袋		Etiquette bag
10429	エターナルアルカディア		Eternal Arcadia
10430	エスプガルーダ		Espgaluda
10431	エサ		Bait
10432	エコー		Echo
10433	エクソシスター・イレーヌ		Exorcist Irene
10434	エクスブレイズ		Exblaze
10435	エクシア(勝利の女神:NIKKE)	©	Exusiai (Goddess of Victory: NIKKE)
10436	エクシア(アークナイツ)	©	Exusiai (Arknights)
10437	エキドナ(ラストオリジン)	©	Echidna (Last Origin)
10438	エキゾチックチャイナ		Exotic China
10439	エウレカセブン		Eureka Seven
10440	エウルア(原神)	©	Eulua (Genshin Impact)
10441	エウリュアレ(Fate)	©	Euryale (Fate)
10442	エウリュアレ		Euryale
10443	エイリーク		Eirik
10444	エイリアン		Alien
10445	エイミー(翠星のガルガンティア)	©	Amy (Gargantia on the Verdurous Planet)
10446	エイミー		Amy
10447	エイプリルフール		April Fool's Day
10448	エイダ・ウォン		Ada Wong
10449	エイキーグレート		Aky Great
10450	エアマット		Air Mat
10451	エアコミケ		Air Comiket
10452	エアグルーヴ(ウマ娘)	©	Air Groove (Uma Musume)
10453	エアグルーヴ		Air Groove
10454	エアガイツ		Ehrgeiz
10455	ェーガー		Jaeger
10456	ウーバーイーツ		Uber Eats
10457	ウンディーネ(ギルティギア)	©	Undine (Guilty Gear)
10458	ウロボロス(ドールズフロントライン)	©	Ouroboros (Girls' Frontline)
10459	ウルリッヒ・フォン・フッテン(アズールレーン)	©	Ulrich F Von Hutten (Azur Lane)
10460	ウルピスフォリア(アークナイツ)	©	Ulpisfolia (Arknights)
10461	ウルシ(ボンバーガール)	©	Urushi (Bomber Girl)
10462	ウル		Uru
10463	ウラビティ		Uravity
10464	ウマ娘ブルマーダービー		Uma Musume Bloomer Derby
10465	ウツロイド		Nihilego
10466	ウチの子		My child
10467	ウシ娘		Cow girl
10468	ウサ耳		Bunny ears
10469	ウサギ娘		Bunny girl
10470	ウォースパイト(艦隊これくしょん)	©	Warspite (Kantai Collection)
10471	ウエディングランジェリー		Wedding lingerie
10472	ウェーブヘア		Wavy hair
10473	ウェービーロングヘアー		Wavy long hair
10474	ウェルロッドMkII(ドールズフロントライン)	©	Welrod MkII (Girls' Frontline)
10475	ウェルロッド		Welrod
10476	ウェルカムドリンク		Welcome drink
10477	ウェディング下着		Wedding underwear
10478	ウェディング		Wedding
10479	ウェットスーツ		Wetsuit
10480	ウェット&メッシー		Wet & Messy
10481	ウェストバージニア(アズールレーン)	©	West Virginia (Azur Lane)
10482	ウインク		Wink
10483	ウィドウメーカー		Widowmaker
10484	ウィドウメイカー		Widowmaker
10485	ウィッチブレイド		Witchblade
10486	ウィッチクラフト・ハイネ		Witchcraft Heine
10487	ウィッチクラフト		Witchcraft
10488	ウィズ(このすば)	©	Wiz (Konosuba)
10489	ウィスラッシュ(アークナイツ)	©	Wislash (Arknights)
10490	ウィステリアシリーズ		Wisteria Series
10491	ウィクロス		WIXOSS
10492	イーブルローズ		Evil Rose
10493	イージス		Aegis
10494	インモラル		Immoral
10495	インプラカブル		Implacable
10496	インプモン		Impmon
10497	インプ		Imp
10498	インフィニット・ストラトス2		Infinite Stratos 2
10499	インフィニットストラトス		Infinite Stratos
10500	インドミタブル		Indomitable
10501	インディアン		Indian
10502	インディアナポリス(アズールレーン)	©	Indianapolis (Azur Lane)
10503	イングリス・ユークス		Inglis Yukes
10504	インキュバス		Incubus
10505	インガオホー		Ingaohho
10506	イワトビペンギン(けものフレンズ)	©	Rockhopper Penguin (Kemono Friends)
10507	イロドリミドリ		Irodorimidori
10508	イレイナ		Elaina
10509	イルル(小林さんちのメイドラゴン)	©	Ilulu (Miss Kobayashi's Dragon Maid)
10510	イリヤビースト		Illya Beast
10511	イラリク消化		Illarik fulfillment
10512	イラスト本		Illustration book
10513	イラストリアス		Illustrious
10514	イラスティガール		Elastigirl
10515	イヤーガード		Ear guard
10516	イブシコ		Ibushiko
10517	イナズマイレブン		Inazuma Eleven
10518	イトウクッキー		Ito Cookie
10519	イデア・リー		Idea Lee
10520	イチカ		Ichika
10521	イザベラ・バレンタイン		Isabella Valentine
10522	イサコ		Isako
10523	イグゥ系		Iguu type
10524	イクラクン		Ikura-kun
10525	イクしかない/連結ピアス/アイデア	cum pierc	No choice but to cum/Connected piercings/Idea
10526	イクしかない/緊縛高手小手胸縄逆さ吊り放置アイデア3点連結ピ	cum pierc bond	No choice but to cum/Bondage, hands high, hands low, chest, rope, upside down suspension, left alone, idea, 3-point connected piercings
10527	イクしかない/緊縛後手M字開脚吊り放置強制絶頂乳首ピアス	cum nip pierc bond	No choice but to cum/Bondage, hands behind back, M-shaped leg spread, suspended, left alone, forced orgasm, nipple piercings
10528	イクしかない/拘束後手連結乳首ピアス	cum nip pierc	No choice but to cum/Restraint, hands behind back, connected nipple piercings
10529	イクしかない/拘束後手放置強制絶頂首輪	cum	No choice but to cum/Restraint, hands behind back, left alone, forced orgasm, collar
10530	イクしかない/拘束バイブ固定放置強制絶頂3点ピアス	cum nip clit pierc	No choice but to cum/Restraint, vibrator fixed, left alone, forced orgasm, 3-point piercings
10531	イクしかない/拘束2点連結乳首ピアスバイブ強制絶頂	cum nip pierc	No choice but to cum/Restraint, 2-point connected nipple piercings, vibrator, forced orgasm
10532	イクしかない/後手拘束放置強制絶頂/連結乳首ピアス	cum nip pierc	No choice but to cum/Hands behind back restraint, left alone, forced orgasm/Connected nipple piercings
10533	イクしかない/完全緊縛高手小手胸縄M字開脚強制絶頂	cum bond	No choice but to cum/Complete bondage, hands high, small Hands, chest, rope, M-shaped leg spread, forced orgasm
10534	イクしかない/完全緊縛高手小手胸縄M字開脚吊り放置強制絶頂	cum bond	No choice but to cum/Complete bondage, hands high, hands low, chest rope, M-shaped leg spread, suspension, left alone, forced orgasm
10535	イクしかない/完全緊縛胡座縛り吊りアイデア放置3点ピアス強制	cum pierc bond	No choice but to cum/Complete bondage, cross-legged bondage, suspension, idea, left alone, 3-point piercings, forced
10536	イクしかない/完全拘束後手バイブ固定放置強制絶頂乳首ピアス	cum nip pierc	No choice but to cum/Complete restraint, hands behind, vibrator fixed, left alone, forced orgasm, nipple piercings
10537	イクしかない/完全拘束後手M字開脚2穴放置強制絶頂	cum	No choice but to cum/Complete restraint, hands behind, M-shaped leg spread, 2 holes left alone, forced orgasm
10538	イクしかない/完全拘束バイブ固定放置強制絶頂/美乳	cum tit	No choice but to cum/Complete restraint, vibrator fixed, left alone, forced orgasm/Beautiful breasts
10539	イクしかない/吊り/美乳巨乳	cum tit	No choice but to cum/Suspension/Beautiful breasts/Big breasts
10540	イクしかない/オナニー/乳首責め	cum nip mast	No choice but to cum/Masturbation/Nipple torture
10541	イクしかない/アイデア/強制絶頂	cum	No choice but to cum/Idea/Forced orgasm
10542	イクしかない	cum	No choice but to cum
10543	イカ娘		Squid Girl
10544	イカがわしい		Suspicious
10545	イオ・ユークレース		Io Euclase
10546	イオ		Io
10547	イェーガー		Jaeger
10548	イェラ(アークナイツ)	©	Yella (Arknights)
10549	ア艦これ		AkanColle
10550	アームレット		Armlet
10551	アードウルフ(けものフレンズ)	©	Aardwolf (Kemono Friends)
10552	アーチャーフィッシュ(アズールレーン)	©	Archerfish (Azur Lane)
10553	アーチャーフィッシュ		Archerfish
10554	アークロイヤル		Ark Royal
10555	アークザラッド2		Arc the Lad 2
10556	アヴリル・ヴァン・フルール		Avril Van Fleur
10557	アヴリル		Avril
10558	アヴィエーレ		Aviere
10559	アン・ボニー		Anne Bonny
10560	アンミラ		Ann Miller
10561	アンナ・錦ノ宮		Anna Nishikinomiya
10562	アンチラ(グラブル)	©	Anila (Granblue Fantasy)
10563	アンチョビ		Anchovy
10564	アンダーヘア		Underarm hair
10565	アンダーグラウンド		Underground
10566	アンスリウム		Anthurium
10567	アンジェリーナ・菜夏・シーウェル		Angelina Nanaka Sewell
10568	アンジェリーナ(アークナイツ)	©	Angelina (Arknights)
10569	アンジェラ(聖剣伝説3)	©	Angela (Trials of Mana)
10570	アンジェラ		Angela
10571	アンケートに全部が無い		Not everything is in the survey
10572	アン(神撃のバハムート)	©	Ann (Rage of Bahamut)
10573	アロエ(異種族レビュアーズ)	©	Aloe (Interspecies Reviewers)
10574	アレディの嫁		Aledy's Bride
10575	アルミナ		Alumina
10576	アルマ		Alma
10577	アルプ・スイッチ		Alp Switch
10578	アルプスの少女ハイジ		Heidi, Girl of the Alps
10579	アルバコア(アズールレーン)	©	Albacore (Azur Lane)
10580	アルテラ(Fate)	©	Altera (Fate)
10581	アルティメットディーバ		Ultimate Diva
10582	アルティメットまどか		Ultimate Madoka
10583	アルシャト(プリコネ)	©	Alshat (Princess Connect)
10584	アルコール浣腸		Alcohol Enema
10585	アルギュロス		Argyros
10586	アルカナ:フォーチュンメイト		Arcana: Fortune Mate
10587	アルカナ(勝利の女神:NIKKE)	©	Arcana (Goddess of Victory: NIKKE)
10588	アルカディア		Arcadia
10589	アル		Al
10590	アリーゼ		Alize
10591	アリス・カータレット		Alice Cartalet
10592	アリスフィーズ・フェイタルベルン		Alice Fies Fatalbern
10593	アリスソフトはにほー		AliceSoft Honey
10594	アリス(原神)	©	Alice (Genshin Impact)
10595	アリシア・メルキオット		Alicia Melchiott
10596	アリサ(シャドウバース)	©	Alisa (Shadowverse)
10597	アリサ		Alisa
10598	アリアンロッド・サガ		Arianrhod Saga
10599	アラ・ハーン		Ara Haan
10600	アラフォー男の異世界通販生活		A Middle-Aged Man's Otherworldly Online Shopping Life
10601	アラビアン		Arabian
10602	アラバマ(アズールレーン)	©	Alabama (Azur Lane)
10603	アラトロン		Aratron
10604	アラクネ		Arachne
10605	アヤメ(GBD)	©	Ayame (GBD)
10606	アマリリス組		Amaryllis Group
10607	アマビエ		Amabie
10608	アマテ・ユズリハ		Amate Yuzuriha
10609	アマゾネス		Amazoness
10610	アポロニア・ヴァール		Apollonia Vaal
10611	アポロキャップ		Apollo Cap
10612	アベル(モンスト)	©	Abel (Monster Strike)
10613	アヘ顔ピース		Ahegao Peace
10614	アヘ顔/強制開脚/Dilation_belt/性器ピアス	pierc	Ahegao / Forced leg spread / Dilation belt / Genital piercings
10615	アヘガオ		Ahegao
10616	アフリカオオコノハズク(けものフレンズ)	©	African Scops Owl (Kemono Friends)
10617	アビゲイル・ウィリアムズ(水着)	swim ©	Abigail Williams (swimsuit)
10618	アバドーン		Abaddon
10619	アネモネ		Anemone
10620	アネット		Annette
10621	アニパロ		Aniparo
10622	アニスフィア・ウィン・パレッティア		Anisphia Wyn Palettia
10623	アニス		Anis
10624	アニエス・オブリージュ		Agnes Oblige
10625	アナールレーン		Anar Lane
10626	アナーキー・パンティ		Anarchy Panties
10627	アナル騎乗位	anus	Anal cowgirl position
10628	アナル飲酒	anus	Anal drinking
10629	アナル調教	anus	Anal training
10630	アナル相撲	anus	Anal sumo wrestling
10631	アナル皺	anus	Anal wrinkles
10632	アナル出産	anus	Anal childbirth
10633	アナルフック/ボンデージ/アームバインダー/ペニスギャグ	anus mouth bond dick	Anal hook / bondage / arm binder / penis gag
10634	アナルファック	anus insert	Anal fuck
10635	アナルパール/アナルビーズ	anus	Anal pearls/anal beads
10636	アナルゼリー相撲	anus	Anal jelly sumo
10637	アナルジュエリー	anus	Anal jewelry
10638	アナルしっぽ	anus	Anal tail
10639	アナルきつきつ丸	anus	Anal tightness
10640	アナスタシア・ニコラエヴナ・ロマノヴァ(Fate)	©	Anastasia Nikolaevna Romanova (Fate)
10641	アナスタシア/速水奏/鷹富士茄子/新田美波/高垣楓/三船美優		Anastasia / Hayami Kanade / Takafuji Nasu / Nitta Minami / Takagaki Kaede / Mifune Miyu
10642	アナスタシア(Fate)	©	Anastasia (Fate)
10643	アドミラル・ナヒーモフ(アズールレーン)	©	Admiral Nakhimov (Azur Lane)
10644	アドミラル・グラーフ・シュペー(アズールレーン)	©	Admiral Graf Spee (Azur Lane)
10645	アドベンチャータイム		Adventure Time
10646	アトランタ(艦隊これくしょん)	©	Atlanta (Kantai Collection)
10647	アトランタ		Atlanta
10648	アダルトグッズ		Adult Goods
10649	アダルトアニメ化/OVA化		Adult Anime Adaptation/OVA Adaptation
10650	アセロラ(ポケモン)	©	Acerola (Pokemon)
10651	アズールレーン陣営		Azur Lane Faction
10652	アズールレーン七周年記念		Azur Lane 7th Anniversary
10653	アズールはもう駄目だ		Azur Lane is No Good
10654	アスナ(ポケモン)	©	Asuna (Pokemon)
10655	アストルフォ(Fate)	©	Astolfo (Fate)
10656	アステシア(アークナイツ)	©	Astesia (Arknights)
10657	アスティカシア高等専門学園		Asticacia High School
10658	アスカリ		Askari
10659	アジタ		Ajita
10660	アシュリー		Ashley
10661	アサ狐		Asa Kitsune
10662	アサギ(ボンバーガール)	©	Asagi (Bomber Girl)
10663	アコぱい		Akopai
10664	アゲハ		Ageha
10665	アグライア(スターレイル)	©	Aglaia (Star Rail)
10666	アクリルキーホルダー		Acrylic Keychain
10667	アクメビーム		Acme Beam
10668	アクションクルーズ		Action Cruise
10669	アクシズ教		Axis Cult
10670	アクエリオンEVOL		Aquarion EVOL
10671	アクア・ケントルム		Aqua Centrum
10672	アキラ(ゼンゼロ)	©	Wise (ZZZ)
10673	アカネ		Akane
10674	アオリ(スプラトゥーン)	©	Callie (Splatoon)
10675	アオリ		Aori
10676	アオイ(ポケモンSV)	©	Aoi (Pokemon SV)
10677	アオのハコ		Blue Box
10678	アウター・ラビア・ピアス	pussy pierc	Outer Labia Piercing
10679	アイリスフィール・フォン・アインツベルン		Irisviel von Einzbern
10680	アイリスは天使		Iris is an Angel
10681	アイリス(トレーナー)	©	Iris (Trainer)
10682	アイリス(アニポケ)	©	Iris (Anime Pokemon)
10683	アイリス		Iris
10684	アイリ		Airi
10685	アイラ		Aira
10686	アイマスク		Eye Mask
10687	アイマス×ラブライブ	tm	Idolmaster x Love Live
10688	アイボー		Aibo
10689	アイプラ		Aipla
10690	アイナちゃん		Aina-chan
10691	アイドルマスターミリオンライブ!シアターデイズ		THE IDOLM@STER Million Live! Theater Days
10692	アイドリープライド		Idolly Pride
10693	アイテール		Aether
10694	アイス		Ice
10695	アイシャ・ベルカ		Aisha Belka
10696	アイオワ		Iowa
10697	アイちゃん(月曜日のたわわ)	©	Ai-chan (Tawawa on Monday)
10698	アへ顔ダブルピース		Ahegao Double Peace
10699	わたしの幸せな結婚		My Happy Marriage
10700	わき		Armpit
10701	わがままおっぱい	tit	Selfish Breasts
10702	わかめ酒		Wakame Sake
10703	わかさぎ姫		Wakasagihime
10704	ろーあんぐる		Low Angle
10705	れいかのバッドエンドビューティ虐め		Reika's Bad End Beauty Bullying
10706	れいか(DOA)	©	Reika (DOA)
10707	るるのアトリエ		Ruru's Atelier
10708	り陸奥たか		Rimutsu Taka
10709	りーさん		Rii-san
10710	りんごの森とパラレルタウン		Apple Forest and Parallel Town
10711	りんかん学校ではよくある風景		A common scene at Rinkan School
10712	りぼんヘアピンちゃん		Ribbon Hairpin-chan
10713	らんゆか		Ranyuka
10714	らんま		Ranma
10715	らんぱい		Ranpai
10716	らくがきとはなんだったのか		What was that doodle all about?
10717	よわよわ先生		Weak Teacher
10718	よもまつ10yo		Yomomatsu 10yo
10719	よもまつ		Yomomatsu
10720	よいみや		Yoimiya
10721	よいこの萌えっ娘!		Good Girl's Moe Girl!
10722	ゆる触手		Slow Tentacles
10723	ゆり	not_solo yuri	Yuri
10724	ゆら		Yura
10725	ゆゆゆ		Yuyuyu
10726	ゆゆっぱい	tit	Yuyuko Saigyouji oppai
10727	ゆみこ先生と僕		Yumiko-sensei and Me
10728	ゆまちゃん		Yuma-chan
10729	ゆっくりTRPG		Slow-paced TRPG
10730	ゆきしま		Yukishima
10731	ゆきおんな		Yukionna
10732	ゆかきり		Yukakiri
10733	ゆうえんち(けものフレンズ)	©	Amusement Park (Kemono Friends)
10734	ゆいなちゃん		Yuina-chan
10735	やり手水		Yaritemizu
10736	やぶれタイツ		Torn Tights
10737	やはり俺の青春ラブコメはまちがっている		My Youth Romantic Comedy Is Wrong, As I Expected
10738	もーもーふれっしゅ		Moo Moo Fresh
10739	もんじゃ		Monja
10740	もりあがってまいりました		It's getting exciting
10741	ももちゃん		Momo-chan
10742	もみじえろえろ		Momiji is erotic
10743	もふりたい尻尾		Want to Pet a Tail
10744	もふもふしたい		I want to pet them
10745	もっと逃避するべき		Should escape more
10746	もっと評価されるべき		Should be more appreciated
10747	もっと・・・		More...
10748	もっとカッとなるべき		Should get more angry
10749	もしドラ		If the Manager of a High School Baseball Team...
10750	もう助からないゾ♡		There's no saving you now ♡
10751	もうホモでいいや		It's fine to be gay now
10752	もうこれが公式でいいよ		This can be the official version now
10753	めーりん		Meirin
10754	めんま		Menma
10755	めゆーめゆー		Meyu Meyu
10756	めだかボックス		Medaka Box
10757	めぐりねルカ		Megurine Luka
10758	めがねっ娘		Girl with Glasses
10759	むらナイ		Muranai
10760	むらびと		Villager
10761	むっちり		Chubby
10762	むしろ描いてください		Rather, please draw it
10763	むしろ女王樣		Rather, Queen
10764	みんなの着せ替え!		Everyone's Dress Up!
10765	みなみけ		Minami-ke
10766	みつバチすずめバチ		Honeybee Hornet
10767	みつる君		Mitsuru-kun
10768	みつあみ		Braids
10769	みたらしアンコ		Mitarashi Anko
10770	みずタイプ		Water Type
10771	みこぱい		Mikopai
10772	みうらっは		Miuraha
10773	まんこ見えそう	pussy	Pussy almost visible
10774	まんぐり返し/ぐぱぁ/拡張/ケツ毛	pussy ass	Cunt Reversal/Spread Legs/Expansion/Butt Hair
10775	まろんちゃん		Maron-chan
10776	まり		Mari
10777	まな板の上の鯉		Carp on the cutting board
10778	まどマギ		Madoka Magica
10779	まどか		Madoka
10780	まとめ		Summary
10781	まつりは絵っち		Matsuri is erotic
10782	まったく、駆逐艦は最高だぜ‼︎		Seriously, destroyers are the best!!
10783	ましろ色シンフォニー		Mashiro-iro Symphony
10784	まこぴーをいぢめ隊		Makopi Bullying Squad
10785	まこぴー		Makopi
10786	まえばり		Front-Facing
10787	まいてつ		Maitetsu
10788	まあ30分もゲザればなんとかしてくれる…よね…		Well, if I beg for 30 minutes, they'll probably do something about it... right...?
10789	ま○こ習字	pussy	Calling by the Pussy
10790	ぽんこつ娘の日常		The Daily Life of a Clumsy Girl
10791	ぽっかり乳首	nip	Gap Nipple
10792	ぽいっぱい	tit	Yuudachi (KanColle) Oppai - Poi + oppai
10793	ぼったくり		Rip-off
10794	ほーぅ、さっぱりだ		Wow, that's refreshing
10795	ほろ酔い		Tipsy
10796	ほっぺをチンポつつき	dick face	Cheek Poking with Dick
10797	ほっこり		Heartwarming
10798	ほたる		Firefly
10799	ぺコリーヌ		Pecorine
10800	ぺろくん	tongue	Lick
10801	へんたいよくできました		Well Done, Pervert
10802	へそ出しチャイナ		Navel Bare China Dress
10803	へそぱんち		Navel Punch
10804	ぷりけつ	ass	Pretty Butt
10805	ぷよぷよSUN		Puyo Puyo SUN
10806	ぷにケット21		Puniket 21
10807	ぶっ掛け	cum	Cumshot
10808	ぶっともも		Thick thighs
10809	ぶっかけ眼鏡舐め	cum tongue	Cumshot glasses licking
10810	ぶっかけ専用	cum	Cumshot only
10811	ぶっかけうどん	cum	Cumshot udon
10812	ぶっかけ/巨乳首/痴女/眼鏡/スパンキング/舌ピアス/爆乳	cum tongue pierc tit nip	Cumshot/Big nipples/Slut/Glasses/Spanking/Tongue piercing/Huge breasts
10813	ぶち込みたい尻		Ass I want to thrust into
10814	ぶざまんこ	pussy	Clumsy Vagina
10815	ふとましい		Plump
10816	ふたなり化		Futanari Transformation
10817	ふたなりテント		Futanari Tent
10818	ふぐり		Scrotum
10819	ふぁーすと4		First 4
10820	ぴっちり		Tight
10821	ぴたけっと		Pitaketto
10822	ぴえろ魔法少女シリーズ		Clown Magical Girl series
10823	ひゃぁ!もう我慢できねぇ!		Ah! I can't take it anymore!
10824	ひもパン		Thong
10825	ひなこのーと		Hinako Note
10826	ひとは		Hitoha
10827	ひつじ		Sheep
10828	ひぐらしのなく頃に業		Higurashi: When They Cry - Gou
10829	ぱんもろ		Panty exposed
10830	ぱいずり	tit	Boob rub
10831	ばん馬		Draft horse
10832	ばっちゃが言うなら間違いない		If Grandma says so, it must be true
10833	ばくにゅう!!	tit	Big breasts!!
10834	はるあみ		Haruami
10835	はみ出したい乳	tit	Boobs that Want to Spill Out
10836	はみクリ	clit	Hamikuri
10837	はねらぎ		Haneragi
10838	はつらつ		Lively
10839	はたらく細胞		Cells at Work!
10840	はじけて♪サマー		Sparkling Summer
10841	はぐれ魂獣イヅナ		Stray Soul Beast Izuna
10842	はあみこ		Haamiko
10843	はあとArt		Heart Art
10844	のほほんさん		Carefree-san
10845	のけ反り		Leaning back
10846	ねぶた		Nebuta
10847	ねじ込む		Squeeze in
10848	ねこ耳		Cat Ears
10849	ねここ		Nekoko
10850	ねこ		Cat
10851	ぬら孫		Nurarihyon no Mago
10852	ぬいぐるみと女の子		Stuffed animal and girl
10853	にょーそろー		Nyosoro
10854	にゃんにゃんでにゃんにゃんするにゃん		Nyan nyan de nyannyan suru nyan
10855	にゃふぅ		Nyafuu
10856	にじそうさく		Nijisousaku
10857	にこにー		NicoNii
10858	にくみ		Nikumi
10859	なんだあのでっかいモノ・・・		What is that huge thing...
10860	なるほど、わからん		I see, I don't get it
10861	なめこ		Nameko
10862	なのは		Nanoha
10863	なにしてもいいのよ		You can do anything
10864	なにこれ切ない		What is this, sad
10865	なにこれエロカワイイ		What is this, sexy and cute
10866	なにこれエロかっこいい		What is this, sexy and cool
10867	なにこれエロい		What is this, sexy
10868	ななしいんく		Nanashiink
10869	なぜか偏るアンケート		A survey that's strangely biased
10870	ながらプレイ		Playing while doing other things
10871	ながもんなキャプション		Long caption
10872	どや顔		Smug face
10873	どたぷ～ん		Splish-splash
10874	どたぷ〜ん		Splish-splash
10875	どえむ		Dom
10876	どう森	tm	Animal Crossing
10877	とんがり帽子		Pointy hat
10878	とら祭り2015		Tora Festival 2015
10879	とら祭り		Tora Festival
10880	とらぶる		Trouble
10881	とらのあな		Toranoana
10882	ととぱい		Totopai
10883	ととさと		Totosato
10884	としょかんコンビ		Library duo
10885	でんぐり返し		Somersault
10886	でんきタイプ		Electric Type
10887	できる瑞鶴		Capable Zuikaku
10888	でかすぎ姫		Too Big Princess
10889	てゐ		Tewi
10890	てっぺん		Top
10891	てぃくび		Tickle
10892	つるーぴー		Tsurupi
10893	つま先		Toes
10894	つけ耳		Fake ears
10895	つう		Tsuu
10896	ついんげ		Twintails
10897	ちんちんない男の娘のちんちん		A boy with no penis has a penis
10898	ちんこローター	dick toy	Penis vibrator
10899	ちんぐり騎乗位		Chinguri cowgirl position
10900	ちりこ		Chiriko
10901	ちょろイン		Choroin
10902	ちょっと乳がでかいくらい	tit	Just a little big boobs
10903	ちょこぱい		Choco Pie
10904	ちびムーン		Chibi Moon
10905	ちはまこ		Chihamako
10906	ちっくちっくびー☆		Chick Chick Bee☆
10907	ちちりん		Chichirin
10908	ちちゅーごく		Chichuugoku
10909	ちさたき		Chisataki
10910	だれうま		Who's good at this?
10911	だるま/四肢欠損/四肢切断		Daruma/Limb loss/Amputation
10912	だばぁ		Dabaa
10913	だが男だ		But he's a man
10914	だがそれがいい		But that's good
10915	たんこぶ		Bump
10916	たわわチャレンジ		Bountiful challenge
10917	たわわな幼馴染		Bountiful childhood friend
10918	たわわなおっぱい	tit	Bountiful breasts
10919	たわわ		Bountiful
10920	たゆんげ		Bouncy
10921	たぷたぷ		Flabby
10922	たぶんバッチパパ		Probably Batch Papa
10923	たちばなももか		Tachibana Momoka
10924	ただのやらしいマリア		Just a Naughty Maria
10925	たこがため		Octopus Lock
10926	たおやかじゃないわね		Not very graceful, is it?
10927	たいせつなきみのために、ぼくにできるいちばんのこと		The best thing I can do for you, my precious one
10928	それは気のせいです		That's just your imagination
10929	その発想は無かった		I never thought of that
10930	そに子ちゃん10周年		Sonico-chan's 10th Anniversary
10931	そに子		Sonico
10932	そして次の瞬間!!		And the next moment!!
10933	そしてこのプロフ画である。		And then this profile picture.
10934	そうりゅう		Souryuu
10935	そ、そこー!		Y-You're right there!
10936	ぜひ揉んでみたいおっぱい	tit	I'd love to grope those breasts
10937	ぜかま尻	ass	Zekama Butt
10938	ぜかまし		Zekamashi
10939	せいふく		Uniform
10940	ずっぽり		Fully inserted
10941	ずっしり乳	tit	Heavy boobs
10942	すーぱーたま娘		Super Tama Musume
10943	すりすり		Rubbing
10944	すばら汁		Subarajiru
10945	すたっどばんぎゃっしゅ		Stud bangyash
10946	すじスク	swim expose	Crotch swimsuit
10947	すじまん		Sujiman
10948	すこティッシュ		Suko tissue
10949	すいかっぷ		Suikappu
10950	す―ぱーそに子		Super Sonico
10951	しーっ		Shhh
10952	しり	ass	Butt
10953	しょこらーと		Chocolat
10954	しゃがみション		Crouching
10955	しめじ		Shimeji
10956	しまむー		Shimamura
10957	しばられいむ	bond	Shibarareimu
10958	しばきながら罵詈雑言を浴びせてください		Please beat me and hurl insults at me
10959	しない		I won't
10960	しつけ		Discipline
10961	したいのにできない		I want to but can't
10962	しずりん		Shizurin
10963	しずか		Shizuka
10964	しぐぱい		Shigupai
10965	しかし犯される		But she is violated
10966	し〜むす!8		Shims! 8
10967	さや杏		Saya Anzu
10968	さとぱい		Satopai
10969	さとしさとり		Satoshi Satori
10970	さくらんぼ		Sakuranbo
10971	さくら		Sakura
10972	さくにゅう		Sakunyuu
10973	さかまた飼育日記		Sakamata Breeding Diary
10974	ご褒美		Reward
10975	ご依頼		Request
10976	ごらんの有様だよ!		Look at this mess!
10977	ごみ袋		Garbage Bag
10978	ごっちん		Gotchin
10979	ご、誤字はなおさないもん;w;		I'm not going to correct the typos; lol;
10980	こんるる		Konruru
10981	こんな家に住みたい		I want to live in a house like this
10982	こんなに飛ばないけど		It doesn't fly this far though
10983	これは良い「あーん」		This is a good "Aaah"
10984	これはいい初音		These are nice Hatsune
10985	これはいいおっぱい	tit	These are nice boobs
10986	これでラフ・・・だと・・・!?		Is this rough...!?
10987	これが現実		This is reality
10988	これからが本番		The real fun starts now
10989	こりこり祭り		Crunchy Festival
10990	こまえーき		Komaeki
10991	この世、全ての欲		All desires in this world
10992	このヘンタイ!		You pervert!
10993	このままながめてるのもいいか		Is it okay to just keep looking at them like this?
10994	このおっぱいで魔女は納得でしょ	tit	A witch is understandable with those breasts
10995	このおっぱいで仙女は無理でしょ	tit	A fairy is impossible with those breasts
10996	このおっぱいで37kgは無理でしょ	tit	37kg is impossible with those breasts
10997	このあと滅茶苦茶セックスした		We had crazy sex after this
10998	ことよろ		Kotoyoro
10999	こたつプレイ		Kotatsu Play
11000	こたつ		Kotatsu
11001	こすてろ		Cosplay
11002	ここに軍法会議を設置しよう		Let's set up a court-martial here
11003	ここに住みたい		I want to live here
11004	こがぱい		Kogapai
11005	こいちち		Koichichi
11006	こぁ		Koa
11007	げろを吐く	sca	Vomiting
11008	げろ	sca	Gero (Vomit)
11009	げっぷ		Burp
11010	けも耳		Kemomimi
11011	けもフレ風景画		Kemono Friends Landscape Painting
11012	けもフレ		Kemono Friends
11013	けもケット9.5		Kemoket 9.5
11014	けもの		Kemono
11015	けもにょ		Kemonyo
11016	けっこう仮面		Kekko Kamen
11017	けしからん乳	tit	Outrageous breasts
11018	けしからんもっとかいて下さい		Outrageous, draw more
11019	けしからんふともも		Outrageous thighs
11020	けしからん		Outrageous
11021	けいおん!!		K-On!!
11022	ぐーてんもーげん♡ぐーてんもーげん♡		Gura Person
11023	ぐるぐる目		Swirly Eyes
11024	ぐだ邪ン		Kuon
11025	ぐだネロ		Guda Jeanne
11026	ぐだセミ		Guda Nagi
11027	ぐだなぎ		Guda Nero
11028	ぐだぐだ邪馬台国		Gudaguda Yamatai
11029	くんずほぐれつ		Tangled and Entangled
11030	くろシス		Kurosis
11031	くぱあ		Kumuri-senpai
11032	くぱぁの日		Kupa
11033	くぱぁ?		Kupa Day
11034	くつろぐおっぱい	tit	Relaxing boobs
11035	くっころ		Kukkoro
11036	くせっ毛		Curly hair
11037	くおん		Kupa?
11038	くいこみ		Tight fit
11039	きんたまモザイク		Guda Semi
11040	きれいなスッパテンコー		Beautiful Nyu
11041	きれいなにゅう		Guillotine Restraint
11042	きらめくセレナーデ		Sparkling Serenade
11043	きょとんハテナ		Bewildered Question Mark
11044	きゅうくらりん		Kyukurarin
11045	がんばれ♥がんばれ♥		Go for it♥ Go for it♥
11046	かんぱに☆ガールズ		Kanpani☆Girls
11047	かんこうきゃく(トレーナー)	©	Tourist (Trainer)
11048	かわみょん		Kawamyon
11049	かわいい子		Cute Girl
11050	かまかまーと		Kamakamart
11051	かぼちゃの本気		Pumpkin's Seriousness
11052	かばんちゃん		Kaban-chan
11053	かつて魔法少女と悪は敵対していた。		Once upon a time, magical girls and evil were enemies.
11054	かっこかわいい		Cool and cute
11055	かげわか		Shadow
11056	かがみもちち		Kagami Mochichi
11057	かがみ		Mirror
11058	お風呂ポスター		Bath poster
11059	お金		Money
11060	お酒		Alcohol
11061	お薬		Medicine
11062	お竜		Oryu
11063	お札		Banknote
11064	お散歩		Walk
11065	お掃除クンニ	mouth	Cunnilingus cleaning
11066	お持ち帰り		Take home
11067	お巡りさんこっちです		Officer, over here
11068	お尻少し見えてる	ass	Butt slightly visible
11069	お尻ちん	ass dick	Butt penis
11070	お宝マーク		Treasure mark
11071	お嬢貧乳	tit	Young lady small breasts
11072	お姫乳	tit	Princess breasts
11073	お姫ちん	dick	Princess penis
11074	お姉様		Big sister
11075	お姉さんのおっぱい	tit	Big sister's boobs
11076	お前のような潜水艦がいるか		Is there any submarine like you?
11077	お前それ次やったらマジで〝これ〟だからな		If you do that again, it's seriously "this" for you
11078	お兄様ホイホイ		Big brother bait
11079	お仕置きシリーズ		Punishment series
11080	お仕事絵		Work illustration
11081	お仕事募集中		Looking for work
11082	お仕事		Work
11083	お互いに温めあいましょう		Let's warm each other up
11084	おパンツ		Panties
11085	おやこ		Parent and child
11086	おもらし寸前		Almost wetting herself
11087	おもらしっ娘		Wetting girl
11088	おもらし×放尿○	uro	Incontinence × Urination ○
11089	おもらし,お漏らし	uro	Wetting, peeing
11090	おみぃさん		Omii-san
11091	おまんこ丸出し	pussy	Full pussy exposed
11092	おまんこカーテン	pussy	Pussy curtain
11093	おまわりさんこの人です		Officer, this is the person!
11094	おまわりさんこっちです		Officer, over here!
11095	おまる		Omar
11096	おへそ窓		Belly button window
11097	おへそくぱぁ		Belly button spread open
11098	おぱーい	tit	Boobs
11099	おぱい	tit	Boobs
11100	おばさん		Auntie
11101	おのえねっと		Onoe net
11102	おねロリ	loli	Onee-Loli
11103	おねだり		Begging
11104	おねえさん		Big sister
11105	おにロリ	loli	Oni loli
11106	おっパルテナ	tit	Oppai Palutena
11107	おっパブ	tit	Oppai Pub
11108	おっぱまりさ		Oppa Marisa
11109	おっぱい魔女	tit	Boob witch
11110	おっぱい責め	tit	Boob torture
11111	おっぱい固め	tit	Boob hardening
11112	おっぱい丸出し	tit	Boobs completely exposed
11113	おっぱいロープウェイ	tit	Boob ropeway
11114	おっぱいマウスパッド	tit	Boob mousepad
11115	おっぱいプレート	tit	Boob plate
11116	おっぱいフック	tit	Boob hook
11117	おっぱいピカチュウ	tit	Boob Pikachu
11118	おっぱいサンシャイン	tit	Boob sunshine
11119	おっぱいグラブ	tit	Boob glove
11120	おっぱいカーテン	tit	Boob curtain
11121	おっぱいオバケ	tit	Boob ghost
11122	おっぱいアイマスク	tit	Boob eye mask
11123	おっぱいの中身	tit	What's inside boobs
11124	おっぱいこわい	tit	Scary boobs
11125	おっぱい/腹筋/飲み物	tit	Boobs/Abs/Drinks
11126	おっき		Big
11127	おちんぽミルク	dick milk	Penis milk
11128	おちんちん	dick	Penis
11129	おちくびごくもん	nip	Nipple torture
11130	おだんご		Dumpling
11131	おすわり		Sitting
11132	おしっこ漏らし競技ソロ	uro	Peeing incontinence competition solo
11133	おしっこの穴	uro	Pee hole
11134	おしがま		Oshigama
11135	おしおき		Punishment
11136	おさわりまんこのひとです	pussy	Touching pussy person
11137	おかあさん		Mom
11138	えーちち様		Echichi-sama
11139	えろケモ先生		Erotic furry teacher
11140	えろいほんツリーズ07		Erotic book trees 07
11141	えろいほんツリーズ03		Erotic book trees 03
11142	えりんげ		Eringe
11143	えりか		Erika
11144	うんりゅう		Unryuu
11145	うんちまみれ	sca	Covered in poop
11146	うんこ付き	sca	With poop
11147	うんこまみれ	sca	Covered in shit
11148	うわキツ		Wow, it's tough
11149	うるぱい		Urupai
11150	うど純		Udo Jun
11151	うつくしい		Beautiful
11152	うちの娘		My daughter
11153	うずまきクシナ		Uzumaki Kushina
11154	うさみみポーズ		Bunny ear pose
11155	うさだヒカル		Usada Hikaru
11156	うさぎちゃん		Little bunny
11157	うごイラ、		Moving Illustration
11158	うごくアズレン		Moving Azur Lane
11159	いろは(侍魂)	©	Iroha (Samurai Shodown)
11160	いろは		Iroha
11161	いぬみみ	fantasy	Dog ears
11162	いつも頬を赤らめているみうらっは		Miura, who always blushes
11163	いつもの水龍敬		The usual Mizuryu Kei
11164	いっぱい	tit	Ippai - abundant breasts
11165	いっそ塗り絵企画に		Why not make it a coloring book project?
11166	いちご100%		Strawberry 100%
11167	いたって普通のにゅう		Just an ordinary Nyu
11168	いただきっ!		I'll take it!
11169	いずれ最強の錬金術師?		The strongest alchemist of all time?
11170	いずみちゃん		Izumi-chan
11171	いすず		Isuzu
11172	いい肉乳	tit-	Good meat breasts / Plump breasts
11173	いい肉の日		Good Meat Day
11174	いい笑顔		Nice smile
11175	いいスジしてる		Nice muscles
11176	いいだしっぺの法則		The rule of the one who suggests it
11177	いいえ、ケフィアです。		No, it's kefir.
11178	いいえ、ケフィアです		No, it's kefir
11179	あんぱんの日		Anpan Day
11180	あんあんあんな♡		Ah ah ah ah ♡
11181	あわせてしょりしょり無処理しょり		Shrink together, unprocessed shrink
11182	あるある		Common Experiences
11183	あやらぶ絵巻		Ayarabu Picture Scroll
11184	あやもみ		Ayamomi
11185	あやね		Ayane
11186	あやかしランブル!		Ayakashi Rumble!
11187	あばら		Ribs
11188	あの花		Anohana
11189	あにゃまる探偵キルミンずぅ		Anyamaru Detective Kilminzu
11190	あと4人		4 more people
11191	あててんのよ		I've got it right
11192	あつ森	tm	Animal Crossing
11193	あそびにいくヨ!		Let's Go Play!
11194	あそう…け…?		Oh... so...?
11195	あずぱい(アイマス)	©	Azupai (Idolmaster)
11196	あずにゃん		Azunyan
11197	あざとい	mouth	Cunning
11198	あさかぜ学園おっぱい組	tit not_solo	Asakaze Academy Oppai Group
11199	あけましておめでとう		Happy New Year
11200	あけおめこ		Happy New Year!
11201	あくび		Yawn
11202	あおり		Aori
11203	ああっ女神さまっ		Ahhh My Goddess
11204	ああ、次はメガシンカだ･･･		Ah, next is Mega Evolution...
11205	ああ!窓に!窓に!		Ah! At the window! At the window!
11206	【同人再録】		[Doujinshi Reprint]
11207	【VS】魔女		[VS] Witch
11208	【R-18】グリモア伝		[R-18] Grimoire Legend
11209	★★		★ ★
11210	●REC		● REC
11211	⑨		⑨
11212	※小学生です		*Elementary school student
11213	※公式です		*Official
11214	※よいこはマネしないでね		*Good kids should not imitate this
11215	※しません		*Does not do
11216	※6歳です		*6 years old
11217	Оригинальный_персонаж	oc	Original_character
11218	π/		Breasts out / Cleavage
11219	zombies		zombies
11220	zerotwo		zerotwo
11221	zelda		zelda
11222	yupachu		yupachu
11223	yukiちゃん		Yuki-chan
11224	younggirl		younggirl
11225	yoruichishihouin		yoruichishihouin
11226	yoruichi		yoruichi
11227	yokai		yokai
11228	yoimiya		yoimiya
11229	yiyi		yiyi
11230	x-ray		x-ray
11231	wow		wow
11232	wife_slut		wife_slut
11233	widowmaker		widowmaker
11234	whitney		whitney
11235	whitehair		whitehair
11236	wetting	uro	wetting
11237	wet		wet
11238	wedding		wedding
11239	wapeach		wapeach
11240	wallpaper		wallpaper
11241	w		w
11242	vtber		vtber
11243	vshojo		vshojo
11244	voyeur		voyeur
11245	vomit	sca	vomit
11246	vocaloid_china	©	vocaloid_china
11247	vliver		vliver
11248	viper-f50		viper-f50
11249	vindictus		vindictus
11250	vampire		vampire
11251	v_flower		v_flower
11252	uzaki		uzaki
11253	usagi		usagi
11254	urophagia	uro mouth	urophagia
11255	uropha	uro mouth	uropha
11256	urination	uro	urination
11257	urethra		urethra
11258	ump45		ump45
11259	ullr		ullr
11260	tsukishiroyanagi		tsukishiroyanagi
11261	tracer		tracer
11262	touko		touko
11263	tomboy		tomboy
11264	toilet		toilet
11265	tickle		tickle
11266	thigh		thigh
11267	tenten_nipples	nip	tenten_nipples
11268	tears		tears
11269	teamrocket		teamrocket
11270	swordswallowingposition		swordswallowingposition
11271	swordmaiden		swordmaiden
11272	sweat		sweat
11273	supermario		supermario
11274	sunset_shimmer		sunset_shimmer
11275	sukja		sukja
11276	suicidesquadfanart		suicidesquadfanart
11277	suicidesquad		suicidesquad
11278	suggestive		suggestive
11279	studio		studio
11280	street		street
11281	stocking		stocking
11282	stella		stella
11283	stable	ai	stable
11284	squigly		squigly
11285	squeeze		squeeze
11286	sporty		sporty
11287	splatoon3		splatoon3
11288	spit	mouth	spit
11289	soulworker		soulworker
11290	soultide		soultide
11291	soulcalibur		soulcalibur
11292	soraka		soraka
11293	sonicthehedgehog		sonicthehedgehog
11294	sona		sona
11295	soles		soles
11296	socks		socks
11297	snuffy		snuffy
11298	smoking		smoking
11299	smile		smile
11300	slave		slave
11301	skeb依頼絵		Skeb commissioned illustration
11302	shylily		shylily
11303	shorthair		shorthair
11304	shiranui		shiranui
11305	shimapan		shimapan
11306	shihouin_yoruichi		shihouin_yoruichi
11307	shenhe		shenhe
11308	shanoa		shanoa
11309	shadowheart		shadowheart
11310	sf5		sf5
11311	sexygirl		sexygirl
11312	sexyart		sexyart
11313	sexpolice		sexpolice
11314	seieki		seieki
11315	seethrough		seethrough
11316	see-through		see-through
11317	sc60		sc60
11318	sam		sam
11319	sailormercury		sailormercury
11320	sailor		sailor
11321	rule34		rule34
11322	ruirui		ruirui
11323	roxannewolf		roxannewolf
11324	roxanne		roxanne
11325	rov		rov
11326	ring		ring
11327	revy		revy
11328	reversebunnysuit		reversebunnysuit
11329	retro		retro
11330	residentevil		residentevil
11331	rbq		rbq
11332	raycast		raycast
11333	raidian		raidian
11334	raccoon		raccoon
11335	pussyjuice	pussy	pussyjuice
11336	pussy	pussy	pussy
11337	purah		purah
11338	punk		punk
11339	psplive		psplive
11340	psg		psg
11341	prostitute		prostitute
11342	princesszelda		princesszelda
11343	pony		pony
11344	playhome		playhome
11345	play_home		play_home
11346	pixiv年賀状2010		pixiv New Year's Cards 2010
11347	pixivSnowEffect		pixivSnowEffect
11348	pixivGlow2024		pixivGlow2024
11349	pinup		pinup
11350	pinkie_pie		pinkie_pie
11351	pinkhair		pinkhair
11352	phone		phone
11353	petplay	pet	petplay
11354	pervert		pervert
11355	persona3		persona3
11356	persica		persica
11357	pawpose		pawpose
11358	panties		panties
11359	panit		panit
11360	painting		painting
11361	p3		p3
11362	overlord		overlord
11363	original_character	oc	original_character
11364	oral_sex	mouth	oral_sex
11365	onimai		onimai
11366	oni		oni
11367	onepunchman		onepunchman
11368	one_bar_prison		one_bar_prison
11369	olivier		olivier
11370	okayu		okayu
11371	occultism		occultism
11372	nun		nun
11373	nude		nude
11374	nozama		nozama
11375	nippletape	nip	nippletape
11376	nipplepiercing	nip pierc	nipplepiercing
11377	nintendoRP		nintendoRP
11378	niku便器ですよ。兄さん。	uro	It's a Niku toilet, bro.
11379	nierautomata		nierautomata
11380	neuro-sama		neuro-sama
11381	nerd_slut		nerd_slut
11382	nekomata		nekomata
11383	neko		neko
11384	native		native
11385	naruto		naruto
11386	nami		nami
11387	naked		naked
11388	nadia		nadia
11389	musclegirl		musclegirl
11390	mujin		mujin
11391	mothman		mothman
11392	mother_and_daughter		mother_and_daughter
11393	morrigan		morrigan
11394	moon		moon
11395	mona		mona
11396	miniskirt		miniskirt
11397	milking	milk	milking
11398	milk	milk	milk
11399	milf_project		milf_project
11400	miku		miku
11401	messyhair		messyhair
11402	meme		meme
11403	medusa		medusa
11404	mature		mature
11405	marina		marina
11406	marian		marian
11407	maplestory		maplestory
11408	manga		manga
11409	manface		manface
11410	makima		makima
11411	mai		mai
11412	lu輪姦	not_solo sex sm	Lu gang rape
11413	luna		luna
11414	lulu		lulu
11415	loen		loen
11416	lillie		lillie
11417	leonaheidern		leonaheidern
11418	leona		leona
11419	legs		legs
11420	legend		legend
11421	league_of_legends		league_of_legends
11422	latexnuns		latexnuns
11423	lass		lass
11424	lapwing		lapwing
11425	lappland		lappland
11426	lactation	milk	lactation
11427	kuromaru		kuromaru
11428	kujousara		kujousara
11429	kos-mos		kos-mos
11430	komishouko		komishouko
11431	komi-san		komi-san
11432	kingsraid		kingsraid
11433	kimono		kimono
11434	kimetsunoyaiba		kimetsunoyaiba
11435	kiana		kiana
11436	kefla		kefla
11437	kda		kda
11438	katarina		katarina
11439	karlach		karlach
11440	kajinman		kajinman
11441	kajin		kajin
11442	justia		justia
11443	jowyanderson		jowyanderson
11444	jolyne		jolyne
11445	jill		jill
11446	jack-o		jack-o
11447	itadaki		itadaki
11448	irodori版けものフレンズ	©	irodori version Kemono Friends
11449	invertednipple	nip	invertednipple
11450	inuitoko		inuitoko
11451	illust		illust
11452	iPad		iPad
11453	iDOLSURVIVAL		iDOLSURVIVAL
11454	i2v		i2v
11455	hyuugahinata		hyuugahinata
11456	hypnosis		hypnosis
11457	hunter		hunter
11458	hrak男性向け		hrak for men
11459	hotvr		hotvr
11460	horizonwalker		horizonwalker
11461	hooker		hooker
11462	holojustice		holojustice
11463	highheels		highheels
11464	hex_maniac		hex_maniac
11465	hex		hex
11466	hentai		hentai
11467	harevutai		harevutai
11468	hanfu		hanfu
11469	handjob	dick	handjob
11470	halloween		halloween
11471	hagane.f		hagane.f
11472	h		h
11473	gyaru		gyaru
11474	gundam		gundam
11475	guiltygear		guiltygear
11476	gril		gril
11477	grab		grab
11478	gothic		gothic
11479	gore		gore
11480	goldenshower	uro	goldenshower
11481	goddess		goddess
11482	goblinslayer		goblinslayer
11483	glasspress		glasspress
11484	ghost		ghost
11485	ggstrive		ggstrive
11486	genshinimpact		genshinimpact
11487	gbf		gbf
11488	garter		garter
11489	gangroad		gangroad
11490	gamemarket		gamemarket
11491	gamefreak		gamefreak
11492	gag		gag
11493	futa		futa
11494	fur		fur
11495	footfetish		footfetish
11496	flou		flou
11497	five_nights_at_freddy's		five_nights_at_freddy's
11498	figure		figure
11499	fighter		fighter
11500	ffvii		ffvii
11501	ff7r		ff7r
11502	fetish		fetish
11503	femboy		femboy
11504	femaleninja		femaleninja
11505	fellatio	mouth dick	fellatio
11506	fategrandorder		fategrandorder
11507	facial		facial
11508	f2p		f2p
11509	exhibitionism		exhibitionism
11510	exercise		exercise
11511	etheriarestart		etheriarestart
11512	etheria		etheria
11513	epicseven		epicseven
11514	epic7		epic7
11515	emily		emily
11516	elphelt		elphelt
11517	elegg		elegg
11518	dualtail		dualtail
11519	dragon		dragon
11520	doublepeace		doublepeace
11521	double_penetration	insert	double_penetration
11522	doomer		doomer
11523	doodle		doodle
11524	doll		doll
11525	doggystyle	sex	doggystyle
11526	diletta		diletta
11527	dildo		dildo
11528	dilation_belt		dilation_belt
11529	digital		digital
11530	diaper		diaper
11531	design		design
11532	demongirl		demongirl
11533	demon		demon
11534	demitri		demitri
11535	deepthroat	throat	deepthroat
11536	debonair		debonair
11537	dark_magician_girl		dark_magician_girl
11538	daphne_blake		daphne_blake
11539	danmachi		danmachi
11540	dalle3		dalle3
11541	d.va_(overwatch)	©	d.va_(overwatch)
11542	cynthia		cynthia
11543	cyberpunk2077		cyberpunk2077
11544	curry		curry
11545	cuming	cum	cuming
11546	cuckold		cuckold
11547	cryptids		cryptids
11548	crying		crying
11549	creampie		creampie
11550	cowboy		cowboy
11551	cow		cow
11552	corruption		corruption
11553	conceptart		conceptart
11554	commy		commy
11555	comicアンスリウム		Comic Anthurium
11556	comics		comics
11557	comic1☆4		comic1☆4
11558	comdost		comdost
11559	cocobandicoot		cocobandicoot
11560	closer		closer
11561	chun_li		chun_li
11562	chiwan		chiwan
11563	child		child
11564	chii		chii
11565	chastitybelt		chastitybelt
11566	chastity		chastity
11567	catfight		catfight
11568	castlevania		castlevania
11569	card		card
11570	capcom		capcom
11571	cammywhite		cammywhite
11572	cameltoe		cameltoe
11573	callillust		callillust
11574	callie		callie
11575	callidrip		callidrip
11576	cacus		cacus
11577	c91		c91
11578	c85		c85
11579	c84		c84
11580	c82		c82
11581	c78		c78
11582	butt	ass	butt
11583	buruaka		buruaka
11584	bunny_girl		bunny_girl
11585	bunny		bunny
11586	bubbline		bubbline
11587	browndust		browndust
11588	bowsette		bowsette
11589	booty		booty
11590	booette		booette
11591	bonndage		bonndage
11592	bodysuit		bodysuit
11593	boahancock		boahancock
11594	blush		blush
11595	bluesona		bluesona
11596	blonde		blonde
11597	blindfold		blindfold
11598	blender		blender
11599	blazblue		blazblue
11600	bitchsuit		bitchsuit
11601	biohazard		biohazard
11602	bibi		bibi
11603	bellybutton		bellybutton
11604	belly		belly
11605	belldandy		belldandy
11606	beheading		beheading
11607	beautifuldress		beautifuldress
11608	baseball		baseball
11609	ballgag		ballgag
11610	baldursgate		baldursgate
11611	avielynn		avielynn
11612	avie-lynn		avie-lynn
11613	armpit		armpit
11614	armbinder		armbinder
11615	ara		ara
11616	aphrodisiac		aphrodisiac
11617	aov		aov
11618	anythingv3		anythingv3
11619	anythingV3		anythingV3
11620	animeart		animeart
11621	angry		angry
11622	anarchy		anarchy
11623	amyrose		amyrose
11624	alternate_hair_color		alternate_hair_color
11625	allout		allout
11626	akenohimejima		akenohimejima
11627	akali		akali
11628	ai少女		ai girl
11629	aigirl		aigirl
11630	aiart	ai	aiart
11631	ahri		ahri
11632	ah!mygoddess		ah!mygoddess
11633	acerola		acerola
11634	abs		abs
11635	Z指定なのに性交できないこんな世の中じゃ(ノД`)		It's a world where you can't have sex even though it's rated Z (T_T)
11636	Zでも家庭用では乳首は出ないんだ…出ないんだよ!	nip	Even in Z-rated movies, nipples don't show...they don't show!
11637	Zxyori		Zxyori
11638	ZhuYuan		ZhuYuan
11639	Zbrush		Zbrush
11640	ZZZ		ZZZ
11641	Z11(アズールレーン)	©	Z11 (Azur Lane)
11642	Z1		Z1
11643	Z/X		Z/X
11644	Yuri	not_solo yuri	Yuri
11645	Yukikaze_Panettone_alter		Yukikaze_Panettone_alter
11646	Yujin		Yujin
11647	Youth		Youth
11648	YouTube		YouTube
11649	You		You
11650	Yoruichi		Yoruichi
11651	Yor		Yor
11652	Yoimiya		Yoimiya
11653	Yelan		Yelan
11654	Yanfei		Yanfei
11655	Yanagi		Yanagi
11656	YaeMiko		YaeMiko
11657	YES/NO枕		YES/NO枕
11658	YDIYA		YDIYA
11659	YAT安心!宇宙旅行		YAT peace of mind! Space travel
11660	X字拘束		X-shaped restraint
11661	Xhiemi		Xhiemi
11662	Xenosaga		Xenosaga
11663	Xayah		Xayah
11664	XY(アニポケ)	©	XY (Pokemon anime)
11665	XFrog		XFrog
11666	XBLAZE		XBLAZE
11667	X-02		X-02
11668	X-00ティアマト		X-00 Tiamat
11669	W手コキ	dick	Double Handjob
11670	Wプリンツ・オイゲン		Double Prinz Eugen
11671	Wファー		Double Fur
11672	Wアナル挿入	anus insert	Double Anal Insertion
11673	Wrestling		Wrestling
11674	WorldofWarcraft		WorldofWarcraft
11675	Wooden_Horse		Wooden_Horse
11676	Wolfychu		Wolfychu
11677	With		With
11678	WhiteTails		WhiteTails
11679	Welrod		Welrod
11680	Webjob	dick	Webjob
11681	WatsonAmelia		WatsonAmelia
11682	Warwick		Warwick
11683	Waitress		Waitress
11684	WTエロ		WT Erotic
11685	WOMAN		WOMAN
11686	WIZ		WIZ
11687	WIXOSS		WIXOSS
11688	WAXED		WAXED
11689	WA5		WA5
11690	WA2000(ドールズフロントライン)	©	WA2000 (Girls' Frontline)
11691	WA2000		WA2000
11692	W		W
11693	V字水着	swim expose	V-shaped swimsuit
11694	Vチューバー		VTuber
11695	Vサイン		V-sign
11696	Vulpisfoglia		Vulpisfoglia
11697	Vocaloid	©	Vocaloid
11698	Vivian		Vivian
11699	VirtualYouTuber		VirtualYouTuber
11700	VirtuaReal		VirtuaReal
11701	ViperGTS		ViperGTS
11702	Vidya		Vidya
11703	VestiaZeta		VestiaZeta
11704	VenusBlood		VenusBlood
11705	VelmaDinkley		VelmaDinkley
11706	Veibae		Veibae
11707	Vargr		Vargr
11708	ValentinesDay2020		ValentinesDay2020
11709	Valentine(スカルガールズ)	©	Valentine (Skullgirls)
11710	Valentine		Valentine
11711	VTuber可憐		VTuber Karen
11712	VShojo		VShojo
11713	VOICEVOX		VOICEVOX
11714	VIPER(PCゲーム)	©	VIPER (PC game)
11715	VEE		VEE
11716	VA-11_HALL-A		VA-11_HALL-A
11717	V4/A4		V4/A4
11718	V.G.		V.G.
11719	Urophagia	uro mouth	Urophagia
11720	Ubel		Ubel
11721	UW		UW
11722	UNIY		UNIY
11723	UMP45(ドールズフロントライン)	©	UMP45 (Girls' Frontline)
11724	U-47(アズールレーン)	©	U-47 (Azur Lane)
11725	Type.II		Type.II
11726	Twitterまとめ		Twitter Summary
11727	TwinBox学園		TwinBox Academy
11728	TsukatsukiRio		TsukatsukiRio
11729	Trigger		Trigger
11730	Trickcal		Trickcal
11731	Tracer		Tracer
11732	Touhou		Touhou
11733	Torture		Torture
11734	Torso		Torso
11735	Tongue	tongue	Tongue
11736	TinaIsami		TinaIsami
11737	Tiffy		Tiffy
11738	TifaLockhart	©	TifaLockhart
11739	ThornSin		ThornSin
11740	Tenh		Tenh
11741	Tekken		Tekken
11742	Tayelle		Tayelle
11743	Tanning		Tanning
11744	Tamatoys		Tamatoys
11745	Taki		Taki
11746	TakanashiKiara		TakanashiKiara
11747	TV		TV
11748	TSUGUNAI		TSUGUNAI
11749	TRPG		TRPG
11750	TOX2		TOX2
11751	TOWART		TOWART
11752	TOV		TOV
11753	TOKYO天魔		TOKYO Tenma
11754	TOKYOEXEGIRLS		TOKYOEXEGIRLS
11755	THE_資本主義		THE_Capitalism
11756	TEENTITANS		TEENTITANS
11757	TAIHO		TAIHO
11758	T-elos		T-elos
11759	T-3レプリコン		T-3 Replicon
11760	Sランクモンスターのベヒーモス		S-Rank Monster Behemoth
11761	Swimsuit	swim	Swimsuit
11762	SummerPockets		SummerPockets
11763	Succubus_Queen		Succubus_Queen
11764	Stockings		Stockings
11765	StellaSora		StellaSora
11766	Steamセールちゃん		Steam Sale-chan
11767	SteamSpringSale		SteamSpringSale
11768	Steam		Steam
11769	Starfire		Starfire
11770	Spider		Spider
11771	Sparkle		Sparkle
11772	SoulWorker		SoulWorker
11773	Snuffy		Snuffy
11774	SlaytheSpire		SlaytheSpire
11775	Skadi		Skadi
11776	Siren		Siren
11777	Sipher		Sipher
11778	SilverWolf		SilverWolf
11779	Shizuku		Shizuku
11780	Shinji_Ikari		Shinji_Ikari
11781	Shampoo		Shampoo
11782	Shadowverse		Shadowverse
11783	Selfcest		Selfcest
11784	SecretAgent〜騎士学園の忍びなるもの〜		Secret Agent ~The Ninja of the Knight Academy~
11785	Secazz		Secazz
11786	ScoobyDoo		ScoobyDoo
11787	Scat	sca	scat
11788	SamsungSam		SamsungSam
11789	SamekoSaba		SamekoSaba
11790	SakuradaHane		SakuradaHane
11791	Sabrith		Sabrith
11792	SUPERCOMICCITY25		SUPERCOMICCITY25
11793	STG		STG
11794	SSSS.DYNAZENON		SSSS.DYNAZENON
11795	SR-3MP		SR-3MP
11796	SPYxFAMILY		SPYxFAMILY
11797	SPH		SPH
11798	SONA		SONA
11799	SO5		SO5
11800	SKEB		SKEB
11801	SHOWBYROCK!!ましゅまいれっしゅ!!		SHOW BY ROCK!! Mashumairesh!!
11802	SHIROBAKO		SHIROBAKO
11803	SF		SF
11804	SEKIRO		SEKIRO
11805	SEED		SEED
11806	SDXL		SDXL
11807	SDGO		SDGO
11808	SD		SD
11809	S-スネーク		S-Snake
11810	S-Force乱破小夜丸		S-Force Ranpa Sayomaru
11811	Rｰ18		Rｰ18
11812	Rosenkreuzstilette		Rosenkreuzstilette
11813	Rosaria		Rosaria
11814	Rope		Rope
11815	Roma		Roma
11816	RockwaLadynoTashinamidesh		RockwaLadynoTashinamidesh
11817	Riasgremory		Riasgremory
11818	Reina		Reina
11819	Regina		Regina
11820	Redh		Redh
11821	Recluse		Recluse
11822	Raven		Raven
11823	Rapi		Rapi
11824	Ranma1/2		Ranma1/2
11825	Ranma		Ranma
11826	Rane		Rane
11827	RaidenMei		RaidenMei
11828	RagnarokOnline		RagnarokOnline
11829	Rabi-Ribi		Rabi-Ribi
11830	RabbitGarden		RabbitGarden
11831	RQ		RQ
11832	ROOMガール		ROOM Girl
11833	RO635		RO635
11834	RJいじめ		RJ bullying
11835	RIOTMUSIC		RIOTMUSIC
11836	R17.9		R17.9
11837	R.ミカ		R. Mika
11838	R.O.D		R.O.D
11839	R.Mika		R.Mika
11840	R-17		R-17
11841	Qpixiv2水着	swim	Qpixiv2 swimsuit
11842	QRコード		QR code
11843	QMA		QMA
11844	QBZ-97(ドールズフロントライン)	©	QBZ-97 (Dolls Frontline)
11845	QBZ-95		QBZ-95
11846	Q-Bee		Q-Bee
11847	Procreate		Procreate
11848	PrinzEugen		PrinzEugen
11849	PrincessConnect!Re:Dive		PrincessConnect!Re:Dive
11850	PriConne		PriConne
11851	Pramanix		Pramanix
11852	Police		Police
11853	Pokémon		Pokémon
11854	PokemonBW		PokemonBW
11855	Plump		Plump
11856	Pixai.Art	ai	Pixai.Art
11857	Phrolova		Phrolova
11858	Persona		Persona
11859	Perlica		Perlica
11860	Penny		Penny
11861	Parasoul		Parasoul
11862	Palutena		Palutena
11863	Palette		Palette
11864	Pacific_Rim		Pacific_Rim
11865	PSPo2i		PSPo2i
11866	PPP(けものフレンズ)	©	PPP (Kemono Friends)
11867	PPK(ドールズフロントライン)	©	PPK (Dolls Frontline)
11868	PPAP		PPAP
11869	POSER		POSER
11870	POOTERS		POOTERS
11871	PMNP		PMNP
11872	PLAYHOME		PLAYHOME
11873	PAさん		PAさん
11874	Olga		Olga
11875	OlchaS		OlchaS
11876	Obese		Obese
11877	OTs-12		OTs-12
11878	ORASハルカ		ORAS Haruka
11879	NottyTiffy		NottyTiffy
11880	Nipple	nip	Nipple
11881	Nikke		Nikke
11882	Nicole		Nicole
11883	Neopolitan		Neopolitan
11884	Neo-Porte		Neo-Porte
11885	Nekomimi		Nekomimi
11886	Nejire		Nejire
11887	Naruto		Naruto
11888	Nana		Nana
11889	Nachoneko		Nachoneko
11890	NY		NY
11891	NTRではない		Not NTR
11892	NSFW		NSFW
11893	NIJISANJI		NIJISANJI
11894	NEWGAME!		NEWGAME!
11895	NCISさんこっちです		NCIS, over here
11896	M字開脚/ストライプソックス/ぐぱぁ/子宮口		M-shaped leg spread/striped socks/spread legs/cervix
11897	M字		M-shape
11898	Märchen_Star		Märchen_Star
11899	Muscle		Muscle
11900	Mt.レディ		Mt. Lady
11901	Ms.Fortune		Ms.Fortune
11902	Mr.インクレディブル		Mr. Incredible
11903	Mother		Mother
11904	MoriCalliope		MoriCalliope
11905	Moona_Hoshinova		Moona_Hoshinova
11906	Mitumi_Shiba		Mitumi_Shiba
11907	MitsuruKirijo		MitsuruKirijo
11908	Mita		Mita
11909	Misato_Katsuragi		Misato_Katsuragi
11910	MillenniumCAT		MillenniumCAT
11911	Milk_Gun	milk	Milk_Gun
11912	Miku		Miku
11913	Mika		Mika
11914	Mihara		Mihara
11915	Midnight		Midnight
11916	MiSide		MiSide
11917	Mhu'Tiki		Mhu'Tiki
11918	Metamorphy		Metamorphy
11919	Mercury		Mercury
11920	Meikasama		Meikasama
11921	Megurine		Megurine
11922	Maya		Maya
11923	May		May
11924	Mavuika		Mavuika
11925	Mars		Mars
11926	Marnie		Marnie
11927	Marina		Marina
11928	Maishiranui		Maishiranui
11929	Mai_Shiranui		Mai_Shiranui
11930	Mahouka		Mahouka
11931	MahoSakuramori		MahoSakuramori
11932	Magiabese		Magiabese
11933	MX		MX
11934	MUGEN		MUGEN
11935	MONSTER		MONSTER
11936	MMDR18		MMDR18
11937	MLP		MLP
11938	MIKU		MIKU
11939	MID		MID
11940	MI6さんこっちです		MI6, over here
11941	MHW		MHW
11942	MF文庫J		MF Bunko J
11943	MERCY		MERCY
11944	MARVEL		MARVEL
11945	M249		M249
11946	Lynae		Lynae
11947	Lusamine		Lusamine
11948	Lupin_III		Lupin_III
11949	Lumine		Lumine
11950	LumiNyu		LumiNyu
11951	Luka		Luka
11952	Louis		Louis
11953	Loona		Loona
11954	Lolita	loli	Lolita
11955	LoV3		LoV3
11956	Lillie		Lillie
11957	Libeccio		Libeccio
11958	LeagueofLegends		LeagueofLegends
11959	LeagueOfLegends		LeagueOfLegends
11960	Latex		Latex
11961	Lapwing		Lapwing
11962	Lancer		Lancer
11963	LUX		LUX
11964	LPLE		LPLE
11965	LEGENDSアルセウス		LEGENDS Arceus
11966	LEGENDSZ-A		LEGENDSZ-A
11967	LCL		LCL
11968	LATEX		LATEX
11969	K点越えおっぱい	tit	Boobs beyond the K-point
11970	Kyou		Kyou
11971	Kuritorisu	clit	Kuritorisu
11972	Kokomi		Kokomi
11973	Kohaku		Kohaku
11974	KelliSiren		KelliSiren
11975	Karera		Karera
11976	Kal'tsit		Kal'tsit
11977	KaiSa		KaiSa
11978	KENZEN		KENZEN
11979	K/DA		K/DA
11980	Juvia		Juvia
11981	Juri		Juri
11982	JotTouch		JotTouch
11983	Jk		Jk
11984	Jinx		Jinx
11985	Jessie		Jessie
11986	JaneDoe		JaneDoe
11987	Jaina_Proudmoore		Jaina_Proudmoore
11988	JUNGLE		JUNGLE
11989	JK沙都子		JK Satoko
11990	JKリフレ		JK Reflexology
11991	JKめし!		JK Meshi!
11992	JD		JD
11993	JAV		JAV
11994	JAPANESE		JAPANESE
11995	I字放尿	uro	I-shaped urination
11996	I型の谷間		I-shaped cleavage
11997	Iバック		I-back
11998	Irelia		Irelia
11999	Iono(Pokemon)	©	Iono(Pokemon)
12000	InugamiKorone		InugamiKorone
12001	ISUKO		ISUKO
12002	IRyS		IRyS
12003	INAXがアップを始めました		INAX has started warming up
12004	IGNITION		IGNITION
12005	IDOLY_PRIDE		IDOLY_PRIDE
12006	IDOLM@STER		IDOLM@STER
12007	Hな水着	swim expose	Sexy swimsuit
12008	Hな下着		Sexy underwear
12009	Hysilens		Hysilens
12010	Honkaiimpact3rd		Honkaiimpact3rd
12011	HoneyWorks		HoneyWorks
12012	HololiveID		HololiveID
12013	Histoire-d'A		Histoire-d'A
12014	Hinata		Hinata
12015	HelluvaBoss		HelluvaBoss
12016	Helltaker		Helltaker
12017	HeavyCruiser		HeavyCruiser
12018	Hatsune		Hatsune
12019	HarleyQuinn		HarleyQuinn
12020	HappyNewYear2024		HappyNewYear2024
12021	HappyNewYear2022		HappyNewYear2022
12022	HappyHalloween		HappyHalloween
12023	Haman_Karn		Haman_Karn
12024	HalloweenParty2025		HalloweenParty2025
12025	HakuiKoyori		HakuiKoyori
12026	HakosBaelz		HakosBaelz
12027	HTH		HTH
12028	HS2		HS2
12029	HOTLIMIT		HOTLIMIT
12030	HONEYSELECT		HONEYSELECT
12031	H		H
12032	Gストリング		G-string
12033	Gwen(LoL)	©	Gwen(LoL)
12034	Gwen		Gwen
12035	GushingoverMagicalGirls		GushingoverMagicalGirls
12036	GuiltyGear		GuiltyGear
12037	GravityFalls		GravityFalls
12038	Goldenglow		Goldenglow
12039	GoldenShower	uro	GoldenShower
12040	God		God
12041	Go!プリンセスプリキュア		Go! Princess Precure
12042	Go!プリプリ		Go! PriPri
12043	Genshinimpact		Genshinimpact
12044	GawrGura		GawrGura
12045	Garrote		Garrote
12046	GQuuuuuuX		GQuuuuuuX
12047	GOTH		GOTH
12048	GODEATER		GODEATER
12049	GLF		GLF
12050	GJ部		GJ部
12051	GIF		GIF
12052	GGXrd		GGXrd
12053	GG		GG
12054	GATE		GATE
12055	GAINGAUGE		GAINGAUGE
12056	G41(ドールズフロントライン)	©	G41 ( Dolls Frontline)
12057	G15		G15
12058	F子		F-ko
12059	Fちゃん		F-chan
12060	Fujiko_Mine		Fujiko_Mine
12061	Fox		Fox
12062	Formidable		Formidable
12063	Forger		Forger
12064	Footjob	foot dick	Footjob
12065	Fleurdelys		Fleurdelys
12066	FineFaunart		FineFaunart
12067	FinalFantasy		FinalFantasy
12068	Figure		Figure
12069	Fgo		Fgo
12070	Fern		Fern
12071	Feet		Feet
12072	Fate×スーツ		Fate x Suit
12073	FateGO		FateGO
12074	Fate/unlimitedcodes		Fate/unlimitedcodes
12075	Fate/Zero		Fate/Zero
12076	Fate/GrandOrderArcade		Fate/GrandOrderArcade
12077	Fate/EXTELLA		Fate/EXTELLA
12078	FUWAMOCO	©	FUWAMOCO
12079	FORTUNE_ARTERIAL		FORTUNE_ARTERIAL
12080	FNAF		FNAF
12081	FLOWER_KNIGHT_GIRL		FLOWER_KNIGHT_GIRL
12082	FGOイラコン4		FGO Illustration Contest 4
12083	FGOイラコン3		FGO Illustration Contest 3
12084	FFXV		FFXV
12085	FFX		FFX
12086	FFVII		FFVII
12087	FF7リバース		FF7 Rebirth
12088	FF7remake		FF7remake
12089	FF15		FF15
12090	FANZA		FANZA
12091	FANBOX		FANBOX
12092	Eye		Eye
12093	Ewica		Ewica
12094	EvilRose		EvilRose
12095	Emma_Hardy		Emma_Hardy
12096	ElvenForestMaker		ElvenForestMaker
12097	EllenJoe		EllenJoe
12098	Elin		Elin
12099	ElectricChair		ElectricChair
12100	Edelgard		Edelgard
12101	Echidna		Echidna
12102	E_Myo		E_Myo
12103	EXCEED		EXCEED
12104	EUDETENUS		EUDETENUS
12105	Dva		Dva
12106	DrunkOak		DrunkOak
12107	Dragonquest		Dragonquest
12108	DragonNest		DragonNest
12109	Dr.STONE		Dr.STONE
12110	Dom/Sub		Dom/Sub
12111	DogDays,	tm	DogDays,
12112	Dilation_belt/一穴二本/大量挿入/ガバマン	sm insert	Dilation_belt/One Hole, Two Strings/Massive Insertion/Gabaman
12113	Dilation_belt		Dilation_belt
12114	Digimon		Digimon
12115	Dies_irae		Dies_irae
12116	Dewi		Dewi
12117	DestinyChild		DestinyChild
12118	Derpy_Hooves		Derpy_Hooves
12119	Degenbrecher		Degenbrecher
12120	Darkness		Darkness
12121	Dandadan		Dandadan
12122	Dance		Dance
12123	DW		DW
12124	DRAGONBALL		DRAGONBALL
12125	DQX		DQX
12126	DQ9		DQ9
12127	DQ5		DQ5
12128	DQ2		DQ2
12129	DOGDAYS	tm	DOGDAYS
12130	DIZZY		DIZZY
12131	DESTINY		DESTINY
12132	DAZStudio		DAZStudio
12133	DAZ		DAZ
12134	DARKSOULS3		DARKSOULS3
12135	DARKSOULS		DARKSOULS
12136	DAP		DAP
12137	DAL		DAL
12138	DAF		DAF
12139	D:キラーワイフ		D: Killer Wife
12140	D:KillerWife		D:KillerWife
12141	D.VA		D.VA
12142	D(勝利の女神:NIKKE)	©	D (Goddess of Victory: NIKKE)
12143	Cストリング		C-String
12144	Cynthia		Cynthia
12145	Cyberpunk2077		Cyberpunk2077
12146	Cyberpunk		Cyberpunk
12147	Cumvomit	cum sca	Cumvomit
12148	Cradle		Cradle
12149	CrackleCradle		CrackleCradle
12150	Cow		Cow
12151	Comicアンスリウム		Comic Anthurium
12152	ComicMILF		ComicMILF
12153	Club		Club
12154	Cliffheart		Cliffheart
12155	ClaireRedfield		ClaireRedfield
12156	Citrus		Citrus
12157	Citlali		Citlali
12158	Cinderella		Cinderella
12159	Chizuru		Chizuru
12160	ChinatsuKashino		ChinatsuKashino
12161	Chel		Chel
12162	Character		Character
12163	Cerberus		Cerberus
12164	Catwoman		Catwoman
12165	CategoryM		CategoryM
12166	Cat's		Cat's
12167	Cantarella		Cantarella
12168	Cabbit		Cabbit
12169	CV:種田梨沙		CV: Taneda Risa
12170	CV:ゆかな		CV: Yukana
12171	COMITIA124		COMITIA124
12172	COMITIA122		COMITIA122
12173	COMITIA120		COMITIA120
12174	COMITIA106		COMITIA106
12175	COMITIA		COMITIA
12176	COMICリュウ		COMIC Ryu
12177	COMIC1☆8		COMIC1☆8
12178	COMIC1☆13		COMIC1☆13
12179	COMIC1☆11		COMIC1☆11
12180	CHUNITHM		CHUNITHM
12181	CHAOS;HEAD		CHAOS;HEAD
12182	CCさくら		CC Sakura
12183	C90(3日目)	event	C90 (Day 3)
12184	C79		C79
12185	C77		C77
12186	C100		C100
12187	Brownhair		Brownhair
12188	Browndust2		Browndust2
12189	Bremerton		Bremerton
12190	Bowser		Bowser
12191	Booette		Booette
12192	Boobs	tit	Boobs
12193	BlueBox		BlueBox
12194	Blowjob	mouth dick	Blowjob
12195	BlazBlue		BlazBlue
12196	Blades		Blades
12197	Bernadetta		Bernadetta
12198	BanGDream!		BanGDream!
12199	Baiken		Baiken
12200	BUNNYSUIT		BUNNYSUIT
12201	BOX戦闘少女		BOX Battle Girl
12202	BORUTO		BORUTO
12203	BNHA		BNHA
12204	BNA		BNA
12205	BLAZBLUE		BLAZBLUE
12206	BLACKLAGOON		BLACKLAGOON
12207	BKエクソシスト		BK Exorcist
12208	BC自由学園		BC Freedom Academy
12209	BBホテップ		BB Hotep
12210	BBペレ		BB Pele
12211	BBW		BBW
12212	BBB		BBB
12213	BBA		BBA
12214	Aランクパーティを離脱した俺は元教え子たちと迷宮深部を目指す		I Left the A-Rank Party and Now I'm Heading to the Depths of the Labyrinth with My Former Students
12215	Aztec		Aztec
12216	AyaToujou		AyaToujou
12217	AveMujica		AveMujica
12218	Ashe		Ashe
12219	Arona		Arona
12220	ArcTheLad		ArcTheLad
12221	AnnaYamada		AnnaYamada
12222	Anime		Anime
12223	Angelina		Angelina
12224	Angela_Ziegler		Angela_Ziegler
12225	Android21		Android21
12226	Alter		Alter
12227	AliceThymefield	©	AliceThymefield
12228	Alice	©	Alice
12229	Alabama		Alabama
12230	AkinoWisteria		AkinoWisteria
12231	Akino		Akino
12232	Akali		Akali
12233	Aibo		Aibo
12234	After		After
12235	AdventChildren		AdventChildren
12236	Acheron		Acheron
12237	AbyssOrangeMix		AbyssOrangeMix
12238	AV		AV
12239	ASUKA		ASUKA
12240	ARKNIGHTS		ARKNIGHTS
12241	ANUBIS		ANUBIS
12242	ANGEL倶楽部		ANGEL倶楽部
12243	ANAL	anus	ANAL
12244	ANA		ANA
12245	AK-12(ドールズフロントライン)	©	AK-12 (Girls' Frontline)
12246	AK-12		AK-12
12247	AI着色	ai	AI Coloring
12248	AI生成作品	ai	AI-Generated Work
12249	AIR		AIR
12250	AIBO		AIBO
12251	AI-girl		AI-girl
12252	AI-Syoujyo		AI-Syoujyo
12253	AI(加筆)	ai	AI (Additional Editing)
12254	AG-1ネレイド		AG-1 Nereid
12255	AF		AF
12256	AA-12(ドールズフロントライン)	©	AA-12 (Girls' Frontline)
12257	A2		A2
12258	>>アンケ_ﾄﾞｺﾞｫ	content	>>Poll_Smash
12259	97式		Type 97
12260	95式		Type 95
12261	8号(Splatoon)	©	Number 8 (Splatoon)
12262	765		765
12263	6P		6P
12264	69		69
12265	5頭身		5 heads tall
12266	5本腕		5 arms
12267	5月26日はこころの日		May 26th is Kokoro Day
12268	500円橙		500 yen orange
12269	3穴バイブ攻め		3-hole vibrator attack
12270	3段階		3 stages
12271	3歳		3 years old
12272	3p		3p
12273	2穴責め		2-hole attack
12274	2穴破壊		2-hole destruction
12275	2次元風俗学園		2-dimensional brothel academy
12276	2月2日はレムとラムの誕生日		February 2nd is Rem and Ram's birthday
12277	2対1は卑怯だろ		2 against 1 is unfair, isn't it?
12278	2Pカラー		2P color
12279	2025年		2025
12280	2022年		2022
12281	2015		2015
12282	2014年賀状		2014 New Year's card
12283	2013		2013
12284	2.5次元		2.5 dimensions
12285	2.5D		2.5D
12286	1枚で何この破壊力・・・		What is this destructive power from just one sheet? ...
12287	1日1シッコ	uro	One pee a day
12288	1ノリコ=7時間		1 Noriko = 7 hours
12289	1girl		1 girl
12290	1920x1080		1920x1080
12291	18+		18+
12292	17岁美少女(真)		17-year-old beautiful girl (real)
12293	14歳		14 years old
12294	10月27日はふみふみの誕生祭		October 27th is Fumifumi's birthday celebration
12295	10年進化録		10-year evolution record
12296	109号シティ		City No. 109
12297	108回じゃヌけない煩悩		108 times isn't enough to satisfy my desires
12298	100冊買うから乳首見せてください	nip	I'll buy 100 copies, so please show me your nipples
12299	100億$$$の歌姫ファルファラ		Farfara, the 10 billion dollar diva
12300	100カノ		100 girlfriends
12301	00		00
12302	.nsp		.nsp
12303	.		.
12304	-○-○-○-		-○-○-○-
12305	*無名(甲鉄城のカバネリ)	©	*Nameless (Kabaneri of the Iron Fortress)
12306	*コウテイペギン(けものフレンズ)	©	*Emperor Penguin (Kemono Friends)
12307	(・ω・)		(・ω・)
12308	(Pokémon)	tm	(Pokémon)
12309	(:´д`)		(:´д`)
12310	(*´ω`*)		(*´ω`*)