ID	TAG	CATEGORY
1	R-18	r18
2	オリジナル	oc
3	おっぱい	tit-
4	巨乳	tit-
5	乳首ピアス	nip pierc
6	拘束	bond
7	女の子	content-
8	おしっこ	uro
9	ぶっかけ	cum
10	極上の乳	tit-
11	R-18G	guro
12	飲尿	uro mouth
13	尻神様	ass-
14	浴尿	uro
15	母乳	tit milk
16	肉便器	uro
17	ピアス	pierc
18	艦これ	tm
19	爆乳	tit-
20	極上の女体	body-
21	陰毛	pussy
22	首輪	sm- pet
23	漫画	content
24	魅惑の谷間	tit
25	うごイラ	anim
26	緊縛	bond
27	褐色	black
28	調教	sm
29	中出し	cum
30	ぱんつ	underwear
31	ロリ	loli
32	アズールレーン	tm
33	AIイラスト	ai
34	ポケモン	tm
35	ブルーアーカイブ	tm
36	おもらし	uro
37	バーチャルYouTuber	©
38	スカトロ	sca
39	露出	expose
40	百合	not_solo yuri
41	乳首責め	nip
42	放尿	uro
43	アナル	anus
44	魅惑のふともも	thigh-
45	原神	tm
46	東方	tm
47	パイズリ	tit dick
48	フェラ	mouth dick
49	エロ衣装	expose
50	輪姦	dick
51	むちむち	chubby-
52	拷問	sm
53	Fate/GrandOrder	tm
54	くぱぁ	pussy
55	ホロライブ	tm
56	猿轡	mouth sm
57	東方Project	tm
58	揉みしだきたい乳	tit-
59	アナログ	not_ai
60	身体に落書き	bodymark-
61	レイプ	sm
62	リョナ	ryona
63	アイマス	tm
64	艦隊これくしょん	tm
65	Fate/GO	tm
66	裸足	foot-
67	水着	swim
68	奴隷	sm
69	制服	costume
70	アヘ顔	face
71	アイドルマスターシンデレラガールズ	tm
72	全裸	body- expose
73	淫紋	bodymark
74	目がハート	bodypart
75	腋	armpit
76	ポケモン人間絵	©
77	FGO	tm
78	猫耳	fantasy
79	メイド	costume
80	ふたなり	tit dick expose
81	AI	ai
82	オナニー	mast
83	サキュバス	fantasy
84	顔射	cum
85	コピック	not_ai
86	触手	beast
87	長手袋	wear-
88	おへそ	belly-
89	GenshinImpact	tm
90	クリピアス	clit pierc
91	金髪	hair-
92	敗北	sm
93	VTuber	©
94	搾乳	milk
95	催眠	sm-
96	ロリ巨乳	loli tit
97	ボンデージ	bond
98	ボールギャグ	mouth sm
99	溢れ精液	cum
100	女子高生	id
101	SM	sm
102	エロ蹲踞	expose thight pussy
103	アークナイツ	tm
104	NTR	type-
105	明日方舟	tm
106	お尻	ass-
107	濡れ透け	expose
108	ケモノ	fantasy
109	眼鏡	glasses
110	拡張	expose pussy
111	ブルアカ	tm
112	グラブル	tm
113	騎乗位	sex
114	ツインテール	hair-
115	塗糞	sca
116	BlueArchive	tm
117	失禁	uro
118	メスケモ	fantasy
119	AI生成	ai
120	性奴隷	sm
121	ボテ腹	belly-
122	裸	body- expose
123	美少女	content-
124	美少女戦士セーラームーン	tm
125	乳首	nip-
126	セーラームーン	tm
127	洗脳	sm
128	野外露出	expose
129	獣耳	fantasy
130	乳揉み	tit
131	StableDiffusion	ai
132	タトゥー	bodymark
133	グランブルーファンタジー	tm
134	黒髪	hair-
135	バニーガール	costume
136	潮吹き	wet
137	日焼け跡	black
138	使用済みコンドーム	condom
139	エルフ	fantasy
140	NovelAI	ai
141	鞭打ち	sm
142	腹筋	belly-
143	下乳	tit
144	にじさんじ	tm
145	食糞	sca
146	动图	anim
147	ペットプレイ	pet
148	目隠し	sm
149	痴女	type
150	悪堕ち	sm
151	ビッチ	type
152	シスター	costume
153	ふともも	thigh-
154	透け乳首	nip
155	背後から胸揉み	tit
156	レズ	not_solo yuri
157	フェラチオ	mouth dick
158	すじ	expose
159	3D	not_ai
160	羞恥	sm
161	女体美	body-
162	監禁	sm
163	乱交	not_solo dick sex
164	ギャル	type
165	異物挿入	insert
166	ケモミミ	fantasy
167	hololive	tm
168	狐耳	fantasy
169	手コキ	dick
170	マイクロビキニ	swim expose
171	イラマチオ	throat dick insert
172	精液	cum
173	鼻フック	sm
174	挟まれたい谷間	tit
175	尻	ass-
176	JK	id
177	少女	id
178	便女	uro
179	お漏らし	uro
180	筋肉娘	type
181	立ちション	uro
182	ヒロピン	sm
183	うちの子	oc
184	BDSM	sm
185	脱糞	sca
186	機械姦	gear
187	バイブ	toy
188	横乳	tit
189	ビキニ	swim
190	落書き	not_ai
191	事後	setting
192	褐色肌	black
193	無様エロ	expose
194	足裏	foot-
195	スパンキング	sm
196	3DCG	not_ai
197	汗	wet
198	ゼンレスゾーンゼロ	tm
199	着衣巨乳	tit
200	マニキュア	bodypart-
201	ディルド	toy
202	メスガキ	loli
203	ザーメン	cum
204	セーラー服	costume
205	異種姦	fantasy sex
206	小便	uro
207	口内射精	cum mouth
208	パンツ	underwear
209	CLIPSTUDIOPAINT	content
210	胸ポチ	nip
211	スリングショット	swim expose
212	輪チラ	nip
213	勝利の女神:NIKKE	tm
214	アイドルマスターシャイニーカラーズ	tm
215	ぴっちりスーツ	underwear expose
216	おねショタ	type
217	性器ピアス	pussy pierc
218	乳合わせ	tit dick
219	pokemon	tm
220	貧乳	flat-
221	レオタード	underwear
222	うんこ	sca
223	服越し母乳	tit milk
224	エロ処刑	ryona
225	裸足裏	foot-
226	碧蓝航线	tm
227	極上の貧乳	flat-
228	チンカス	cum
229	furry	fantasy
230	黒タイツ	underwear-
231	四肢切断	guro
232	乳吸い	tit
233	ローション	oil
234	アナル尻尾	anus pet toy
235	鬼畜	sm
236	開脚放尿	uro
237	愛液	wet
238	崩壊スターレイル	tm
239	創作	oc
240	セックス	sex
241	アナルビーズ	anus toy
242	まんぐり返し	pussy
243	おトイレ間に合わなかった系女子	uro
244	girl	content-
245	熟女	type
246	子宮脱	pussy ryona
247	乳房破壊	tit ryona
248	トイレ	uro toilet
249	スク水	swim
250	遊戯王	tm
251	腋毛	armpit-
252	白髪	hair-
253	手マン	insert
254	乳責め	tit
255	ハニーセレクト	tm
256	FF	tm
257	常識改変	setting+
258	ポケットモンスター	tm
259	チンコ包囲網	not_solo dick
260	NIKKE	tm
261	膣内放尿	pussy uro
262	両手に茎	not_solo dick
263	三角木馬	sm gear
264	ブルマ	id
265	ハロウィン	setting
266	アイドルマスター	tm
267	聖水	uro
268	積極お漏らし	uro
269	崩坏星穹铁道	tm
270	寝取られ	type-
271	口枷	mouth sm
272	凌辱	sm
273	人妻	type
274	乳暖簾	tit dick
275	はいてない	expose-
276	Arknights	tm
277	黒スト	underwear-
278	陵辱	sm
279	男の娘	type
280	下着	underwear
281	へそピアス	pierc
282	逆バニー	costume
283	獣姦	beast
284	悪魔っ娘	fantasy
285	仕事絵	content
286	二穴	insert
287	ナース	costume
288	ストリートファイター	tm
289	黒髪ロング	hair-
290	舌出し	tongue
291	服ビリ	expose-
292	射精	cum
293	変身ヒロイン	id
294	メイ(トレーナー)	©
295	パンチラ	expose-
296	ストッキング	underwear-
297	コルセットピアス	pierc
298	ILLUSION	tm
299	黒ギャル	type
300	巨乳輪	nip
301	小スカ	sca
302	宣伝	content
303	娘乳	flat milk
304	妊婦	type
305	公衆便所	toilet
306	僕のヒーローアカデミア	tm
307	ビンビンにおっ勃てたエロ乳首	nip
308	ヒトイヌ	pet sm
309	ニーソ	underwear
310	ニプレス	nip expose
311	クリ責め	clit
312	オリキャラ	oc
313	開脚	open
314	足コキ	foot dick
315	舌ピアス	tongue pierc
316	縛り	bond
317	白長手袋	wear-
318	牛柄ビキニ	swim expose
319	後背位	sex
320	Tバック	underwear expose
321	貞操帯	sm gear
322	神羅万象	tm
323	噴乳	tit milk
324	前から見えるお尻	ass
325	プリンセスコネクト!Re:Dive	tm
326	ニプルファック	nip insert
327	テカテカ	oil
328	ゼンゼロ	tm
329	ぽっかりアナル	anus
330	おまんこ	pussy
331	電気責め	sm gear
332	舐め回したい穴	anus tongue
333	腹ボコ	pussy toy sm
334	ポニーガール	pet sm
335	フィギュア	art_style
336	くらすめいと	id
337	あばれる乳	tit
338	bondage	bond
339	VOCALOID	tm
340	B★RS	tm
341	巨根	dick
342	太もも	thigh-
343	八重神子	©
344	ローター	toy
345	ポニーテール	hair-
346	M字開脚	open
347	針責め	pierc
348	牛娘	fantasy
349	松村馬之助	©
350	快楽堕ち	lust
351	尿	uro
352	大量射精	cum
353	不知火舞	©
354	パンスト	underwear
355	ガーターベルト	underwear
356	League_of_Legends	tm
357	陥没乳首	nip
358	野外	setting expose
359	绝区零	tm
360	狐娘	fantasy
361	断面図	expose
362	女の子の立ちション	uro
363	便器	uro
364	乳神様	tit-
365	メガネ	glasses
366	ピンク髪	hair-
367	サイハイブーツ	wear-
368	ZenlessZoneZero	tm
369	魔法少女	id
370	魅惑の顔	face
371	魅惑の乳	tit-
372	餓狼伝説	tm
373	銀髪	hair-
374	足指	foot-
375	胸合わせ	tit
376	濡れ	wet
377	巫女	costume
378	尿道	uro expose
379	初音ミク	©
380	修道女	costume
381	パイパン	pussy
382	セーラーマーキュリー	©
383	ショートパンツ	wear-
384	クンニ	mouth
385	くノ一	costume
386	WutheringWaves	tm
387	鸣潮	tm
388	高品質パンツ	underwear
389	看板娘	id
390	尿道責め	sm gear
391	八雲藍	©
392	乳首吊り	nip bond
393	ヴァンパイア	fantasy
394	ワンピース	tm
395	ロリビッチ	loli type
396	ティファ・ロックハート	©
397	セーラージュピター	©
398	けものフレンズ	tm
399	ai	ai
400	HoneySelect	tm
401	AzurLane	tm
402	鞭	sm gear
403	裸ニーソ	expose-
404	裸エプロン	expose-
405	着衣脱糞	sca
406	眼鏡っ娘	glasses
407	強制絶頂	sm
408	崩壊:スターレイル	tm
409	勃起乳首	nip
410	ラブライブ!	tm
411	マシュ・キリエライト	©
412	ボディスーツ	expose underwear
413	オカルトマニア	©
414	よその子	oc
415	谷間	tit-
416	汗だく	wet
417	水野亜美	©
418	変態	type
419	人間便器	uro
420	乳内放尿	tit dick uro
421	乳	tit-
422	プリズマ☆イリヤ	tm
423	ヌード	expose
424	ソックス足裏	foot
425	クリトリス	clit
426	キス	not_solo
427	ねじ込みたい尻	anus-
428	おしっこ我慢	uro
429	DOA	tm
430	鼠蹊部	thigh
431	鬼滅の刃	tm
432	雷電将軍	©
433	閃乱カグラ	tm
434	調月リオ	©
435	有刺鉄線	sm gear
436	小便器	uro
437	女オナニー	mast
438	モンスター娘	fantasy
439	ファンタジー	setting
440	ビッチ化	lust
441	チャイナドレス	costume
442	コンドーム	condom
443	エヴァ	tm
444	アナルセックス	anus insert
445	このすば	tm
446	いじめ	sm
447	FF14	tm
448	透け	expose
449	浣腸	sca
450	性器破壊	ryona
451	女性を乳首責め	nip
452	天雨アコ	©
453	体操服	costume
454	仰臥	body
455	三つ編み	hair-
456	フィギュア風	art_style
457	トップレス	tit-
458	セーラーマーズ	©
459	シースルー	expose
460	サイハイソックス	underwear
461	ガバマン	pussy
462	ずらし挿入	insert
463	Skeb	content
464	SAO	tm
465	首絞め	sm
466	精液ボテ	cum
467	申鶴	©
468	日焼け	black
469	対魔忍	tm
470	宇崎ちゃんは遊びたい!	tm
471	妹	id
472	嘔吐	sca
473	串刺し	ryona gear
474	一之瀬アスナ	©
475	ボディハーネス	sm
476	ブラックマジシャンガール	©
477	ギルティギア	tm
478	KOF	tm
479	開口マスク	mouth sm
480	痴漢	not_solo sm
481	火野レイ	©
482	手袋	wear-
483	悪魔	fantasy
484	全身タイツ	expose underwear
485	傷跡	bodymark-
486	乳出し	tit expose
487	ラバー	costume
488	ハイヒール	wear-
489	ドラクエ	tm
490	チクニー	nip mast
491	ダブルピース	hand-
492	ショタ	type
493	コスプレ	costume
494	クリスマス	setting
495	キャットファイト	not_solo
496	エロ	content
497	イラスト	content
498	アナル拡張	anus
499	アナルプラグ	anus sm- toy
500	アズレン	tm
501	この素晴らしい世界に祝福を!	tm
502	おしり	ass
503	Vtuber	id
504	Ugoira	anim
505	Fate	tm
506	葬送のフリーレン	tm
507	色紙	art_style
508	艦ぱい	© tit-
509	腹パン	sm
510	股縄	bond pussy
511	精液風呂	cum
512	競泳水着	costume
513	発情	lust
514	猫娘	fantasy
515	猫又おかゆ	©
516	欠損	ryona
517	木野まこと	©
518	提督LOVE	©
519	悪魔娘	fantasy
520	ラテックス	sm expose underwear
521	メイド服	costume
522	ボーイッシュ	type
523	ホットパンツ	wear-
524	プリコネ	tm
525	ブレマートン(アズールレーン)	©
526	ハイレグ	swim
527	トウコ(トレーナー)	©
528	チアガール	costume
529	ちっぱい	flat-
530	かわいい	art_style
531	pee	uro
532	overwatch	tm
533	DQ	tm
534	Breasts	tit-
535	髪コキ	hair dick
536	食ザー	cum
537	食い込み	ass expose
538	限界放尿	uro
539	調教済み	sm
540	見せ槍	dick
541	着衣放尿	uro
542	猟奇マゾ	guro
543	版権	tm-
544	授乳	tit milk
545	捆绑	bond
546	手描きイラスト	not_ai
547	快楽天ビースト	tm
548	レイプ目	face-
549	メカ娘	fantasy
550	ムチムチ	chubby-
551	フェルン	©
552	ドMホイホイ	sm
553	トロ顔	face
554	ティファ	©
555	ダンまち	tm
556	セルフ乳揉み	tit mast
557	エロ下着	underwear expose
558	エッチ	content
559	アナルフック	anus sm gear
560	けもみみ	fantasy
561	うる星やつら	tm
562	pixiv今日のお題	content
563	ToLOVEる	tm
564	魔法少女にあこがれて	tm
565	魔女	id
566	髪掴み	sm hair
567	針	gear
568	自撮り	body-
569	搾乳機	tit milk gear
570	微スカ	pov
571	巨乳化	tit
572	宇崎花	©
573	僕は友達が少ない	tm
574	体に落書き	bodymark-
575	ヴァンパイアシリーズ	tm
576	ラバースーツ	sm expose underwear
577	ヤフオク	content
578	モンハン	tm
579	ポケモンSV	tm
580	ノーブラ	expose-
581	ドット絵	art_style
582	ソードアート・オンライン	tm
583	セーラーヴィーナス	©
584	スーパーマリオ	tm
585	アームバインダー	bond
586	scat	sca
587	ONEPIECE	tm
588	OC	oc
589	NovelAIDiffusion	ai
590	BMG	©
591	裏乳	tit back
592	舌	tongue
593	美脚	thigh
594	竜娘	fantasy
595	着衣	wear-
596	汁	pussy
597	抜け陰毛	sm
598	崩坏3rd	tm
599	尻尾	fantasy
600	少女前線	tm
601	対魔忍アサギ	©
602	妊娠	bodypart
603	博衣こより	©
604	刺青	bodymark
605	乳カーテン	tit expose
606	乳だけ出してる	tit expose
607	ローアングル	pov
608	フェラ素振り	tongue
609	ファイナルファンタジー	tm
610	ニーソックス	underwear
611	スクール水着	swim
612	クリリード	clit pierc sm
613	ガールズ&パンツァー	tm
614	ウェディングドレス	costume
615	アラド戦記	tm
616	ごっくん	cum
617	commission	content
618	boobs	tit-
619	R-15	content
620	FF7	tm
621	BLEACH	tm
622	鷺沢文香	©
623	長瀞さん	©
624	童貞を殺すセーター	costume
625	汚いおっさん	type-
626	正の字	bodymark-
627	月野うさぎ	©
628	晒し者	expose
629	拷問館	gear
630	愛宕	©
631	原创	oc
632	即夜戦	setting-
633	千年戦争アイギス	tm
634	側面全裸	tit expose
635	便器舐め	tongue
636	乳打撃	tit
637	ランドセル	id
638	ポケモン剣盾	tm
639	ボンテージ	bond gear
640	ネコミミ	fantasy
641	セーラー対魔忍	tm
642	グロ	guro
643	アへ顔	face
644	sexy	body-
645	large_breasts	tit-
646	cute	body-
647	ahegao	face
648	Re:ゼロから始める異世界生活	tm
649	R18	content
650	OL	costume-
651	LOL	tm
652	青肌	fantasy
653	開口器	mouth sm
654	鎖	bond gear
655	腋見せのポーズ	armpit
656	白タイツ	underwear-
657	甘雨(原神)	©
658	犬走椛	©
659	焼印	bodymark
660	泣き顔	face-
661	東風谷早苗	©
662	巨尻	ass-
663	妖姿媚態	lust-
664	城ヶ崎美嘉	©
665	地雷系	type
666	乳揺れ	tit
667	リブ生地	wear-
668	ラムちゃん	©
669	ラム	©
670	ラストオリジン	tm
671	ヨル・フォージャー	©
672	ボンバーガール	tm
673	ボディペイント	bodymark expose
674	ビットギャグ	mouth sm
675	パイフェラ	tit mouth dick
676	バック	anus-
677	ニラマレ	face-
678	セルフ浴尿	uro
679	まったく、駆逐艦は最高だぜ!!	©
680	ねこみみ	fantasy
681	たくしあげ	expose-
682	お腹	belly-
683	loli	loli
684	fanart	tm-
685	SPY×FAMILY	tm
686	FE	tm
687	C84	event
688	Ahri	©
689	90年代風	art_style
690	鼻輪	pierc
691	野ション	uro
692	踊り子	costume
693	英雄联盟	tm
694	花嫁	id
695	精飲	cum
696	立ちバック	sex
697	破瓜	sex
698	着衣パイズリ	tit dick
699	着衣セックス	sex
700	白丝	underwear
701	申鹤	©
702	温泉	setting expose
703	早瀬ユウカ	©
704	撫で回したいお腹	belly-
705	授乳手コキ	tit milk dick
706	抱き枕カバー	content
707	手ブラ	tit
708	愛野美奈子	©
709	少女と小便器	uro
710	小学生	id
711	口内放尿	uro mouth
712	人外娘	fantasy
713	乳房切断	tit guro
714	マングソ	sca
715	プロジェクトセカイ	tm
716	バンドリ	tm
717	ドラゴンクエスト	tm
718	ダンジョンに出会いを求めるのは間違っているだろうか	tm
719	セーラープルート	©
720	スパッツ	wear-
721	ストレングス	©
722	スケベボディ	lust-
723	シロナ	©
724	ゲロ	sca
725	グロマン	pussy
726	キャミィ	©
727	カテーテル	pussy gear sm
728	アヘ顔ダブルピース	face
729	アナル舐め	anus tongue
730	アナルくぱぁ	anus expose
731	アスカ	©
732	だがしかし	tm
733	お姉さん	type
734	zzzero	tm
735	skeb	content
736	originalcharacter	oc
737	arknights	tm
738	VOICEROID	tm
739	Shenhe	©
740	M女	type
741	C95	event
742	C91	event
743	C83	event
744	BBC	dick
745	80年代風	art_style
746	鹿島	©
747	鳴潮	tm
748	顔面騎乗	sm
749	赤面	face-
750	舌射	cum tongue
751	羽川ハスミ	©
752	羞恥プレイ	sm expose
753	繋がれピアス	nip clit pierc
754	種付けプレス	sex
755	白銀ノエル	©
756	犬耳	fantasy
757	浜風	©
758	死体	guro
759	抱き枕	content
760	愛のあるセックス	sex
761	恥辱	sm expose
762	巨クリ	clit
763	女の子に急所攻撃	ryona
764	大鳳(アズールレーン)	©
765	同人	content
766	勃起クリトリス	clit
767	今泉影狼	©
768	乳首イキ	nip
769	ロンググローブ	wear-
770	レズキス	not_solo yuri
771	ルーズソックス	underwear-
772	リゼロ	tm
773	リコリス・リコイル	tm
774	ランジェリー	underwear
775	モリガン	©
776	ポケモンXY	tm
777	ボディピアス	pierc
778	ファイアーエムブレム	tm
779	ハーレム	not_solo
780	ハーネス	sm gear
781	ドールズフロントライン	tm
782	トレンカ	underwear-
783	ディープキス	tongue
784	セーラーサターン	©
785	コンドーム腰蓑	condom
786	ケモ耳	fantasy
787	キョンシー	fantasy
788	エヴァンゲリオン	tm
789	エンジェル倶楽部	tm
790	エルフ耳	fantasy
791	アイドルマスターミリオンライブ!	tm
792	うんち	sca
793	HonkaiStarRail	tm
794	C87	event
795	C86	event
796	AIart	ai
797	鬼娘	fantasy
798	髪ブラ	tit
799	馬姦	beast
800	長乳	tit
801	遊戯王OCG	tm
802	足	foot-
803	褐色娘	black
804	肉感少女	lust-
805	聖園ミカ	©
806	美乳	tit-
807	精液便所	cum
808	笑顔	face-
809	看護婦	costume
810	白上フブキ	©
811	流血	ryona
812	正常位	sex
813	春麗	©
814	撫で回したい尻	ass-
815	手描き	not_ai
816	愛宕(アズールレーン)	©
817	性職者	id
818	常闇トワ	©
819	宝鐘マリン	©
820	女囚	costume
821	女体化	content
822	女	content-
823	四肢拘束	bond
824	喜多川海夢	©
825	単行本	content
826	包茎	dick
827	剥けチン	dick
828	処女	type
829	八重歯	face
830	佐々城柑奈	©
831	仰け反り絶頂	sex
832	乳首に名札	nip
833	乳内射精	cum tit
834	モリガン・アーンスランド	©
835	ポールダンス	gear
836	プロセカ	tm
837	プリコネR	tm
838	プリキュア	tm
839	ブーツ	wear-
840	フォーミダブル(アズールレーン)	©
841	ビキニアーマー	costume
842	バイブINパンツ	toy
843	ハイスクールD×D	tm
844	ナンジャモ	©
845	タイツ	underwear-
846	ゼルダの伝説	tm
847	セクシー	body-
848	キューティーハニー	tm
849	ガルパン	tm
850	アナル中出し	anus cum
851	アイギス	©
852	よだれ	mouth
853	へそ	belly-
854	たかぎさん	©
855	さなぱい	tit ©
856	けしからん谷間	tit
857	お風呂	toilet
858	piercing	pierc
859	nsfw	content
860	WanVideo	ai
861	Iray	art_style
862	C89	event
863	AZKi	©
864	髪射	cum
865	金髪碧眼	hair-
866	遠坂凛	©
867	透けへそ	expose-
868	踏みつけ	sm
869	调教	sm
870	美女	content-
871	網タイツ	underwear
872	破れストッキング	expose-
873	眼帯	glasses-
874	盛るペコ	© lust
875	白瀬咲耶	©
876	甘雨	©
877	瑞鶴	©
878	獣人	fantasy beast
879	染みパン	uro underwear
880	擬人化	fantasy
881	搾精	cum
882	掌受け	cum
883	恐怖失禁	uro
884	幼女	loli
885	崩壊3rd	tm
886	学園アイドルマスター	tm
887	女性上位	sex
888	女子校生	id
889	四楓院夜一	©
890	原創	oc
891	勃起ズル剥け	dick
892	加賀	©
893	刻晴	©
894	八雲紫	©
895	俺の妹がこんなに可愛いわけがない	tm
896	例のセーター	costume
897	人外	fantasy beast
898	乳鷲掴み	tit
899	ロリ爆乳	loli tit type
900	レム(リゼロ)	©
901	ライザリン・シュタウト	©
902	ライザのアトリエ	tm
903	ヤンデレ	type
904	ホタル(スターレイル)	©
905	ヘスティア	©
906	プラグスーツ	expose underwear
907	ファイナルファンタジー7	tm
908	ハート目	face-
909	ノーパン	expose
910	ニコ・デマラ	©
911	ナルメア	©
912	チューブ連結	sm gear
913	セルフパイ舐め	tit tongue
914	セリフ付き	content
915	スマイルプリキュア	tm
916	スプリットタン	tongue
917	ジーンズ	wear-
918	イリヤスフィール・フォン・アインツベルン	©
919	イジらないで、長瀞さん	tm
920	アナルパール	anus sm- toy
921	まんこ	pussy
922	ふつくしい	art_style
923	にあ☆みぃ	©
924	つぶれおっぱい	tit
925	elsword	tm
926	Wフェラ	mouth dick
927	Splatoon	tm
928	I字バランス	open
929	C82	event
930	3Dカスタム少女	tm
931	魔法少女まどか☆マギカ	tm
932	長乳首	nip
933	錦木千束	©
934	達磨	guro
935	逆レイプ	sm sex
936	逆さ吊り	bond
937	辱め	sm expose
938	超乳	tit-
939	角楯カリン	©
940	血	ryona
941	自慰	mast
942	肉体破壊	ryona
943	聖白蓮	©
944	緑髪	hair-
945	綾波レイ	©
946	絶頂	sex
947	紐パン	underwear
948	筋肉	body-
949	着衣くぱぁ	pussy
950	玉藻の前	©
951	源頼光(Fate)	©
952	涙目	face-
953	桐ヶ谷直葉	©
954	放置プレイ	sm expose
955	捜査官	costume
956	战舰少女	tm
957	御姐	type
958	尊厳破壊	sm
959	子宮口	sm expose
960	媚薬	lust
961	女王様	id
962	女性	content-
963	垂れ乳	tit
964	古风	setting
965	冴えない彼女の育てかた	tm
966	先生(ブルーアーカイブ)	©
967	乳环	nip pierc
968	モンスターハンター	tm
969	メッシー	wet
970	マスク	face gear-
971	ボコォ	ryona
972	ペット	pet sm
973	ヘテロ	not_solo
974	ヘッドボードアングル	pov
975	パンスト越しのパンツ	expose-
976	ハルカ(トレーナー)	©
977	ネクパイ	tit
978	トリック・オア・トリートメント	©
979	チェンソーマン	tm
980	セクハラ	sm
981	スズラン(アークナイツ)	©
982	ショートカット	hair-
983	ザーメンジョッキ	cum gear
984	ザーゲロ	cum sca
985	キスハメ	sex
986	カスミ	©
987	エロ水着	swim expose
988	エルソード	tm
989	エジプト	costume
990	らんま1/2	tm
991	らくがき	not_ai
992	ふんどし	underwear-
993	ぬるぬる	wet
994	ずらし放尿	uro
995	すーぱーそに子	©
996	こね回したい乳首	nip
997	bigboobs	tit-
998	Sexyビーチ	tm
999	BanG_Dream!	tm
1000	鹿島(艦隊これくしょん)	©
1001	魔法少女ゆーしゃちゃん	©
1002	高雄	©
1003	電車	setting expose
1004	陸八魔アル	©
1005	足枷	foot gear
1006	表紙	content
1007	背後から乳揉み	tit
1008	純愛	sex
1009	着物	costume
1010	白猫プロジェクト	tm
1011	片足パンツ	expose-
1012	橘ありす	©
1013	極上の尻	ass-
1014	椛	©
1015	格ゲー	tm
1016	斬首	guro
1017	推しの子	tm
1018	拘束衣	gear
1019	巡音ルカ	©
1020	学校	setting
1021	天使	fantasy
1022	大艦巨乳主義	tit ©
1023	大神ミオ	©
1024	夢見りあむ	©
1025	売春	setting
1026	垂れ愛液	pussy
1027	土下座	sm
1028	唾液	mouth
1029	受精	expose cum
1030	十六夜咲夜	©
1031	剥ぎ取りたいブラ	underwear expose
1032	切断	guro
1033	光沢	oil
1034	健屋花那	©
1035	体操着	costume
1036	五等分の花嫁	tm
1037	主観視点	pov
1038	ロングヘアー	hair-
1039	ルリナ	©
1040	ミルコ(僕のヒーローアカデミア)	©
1041	マリィ(トレーナー)	©
1042	マゾ	sm
1043	マギ	tm
1044	マオ(トレーナー)	©
1045	ポケ姦	© beast
1046	ブレマートン	©
1047	ピーチ姫	©
1048	ハメ撮り視点	pov
1049	ノースリーブ	costume
1050	ネモ(トレーナー)	©
1051	デレマス	tm
1052	テープくぱぁ	pussy
1053	ツーサイドアップ	hair-
1054	ツインテ	hair-
1055	タンクトップ	costume
1056	スカサハ	©
1057	ジャンヌ・ダルク	©
1058	ジャンヌ・オルタ	©
1059	シャニマス	tm
1060	ゴブリン	fantasy beast
1061	ガバアナル	anus
1062	ガキ巨乳	loli tit
1063	カスミ(トレーナー)	©
1064	オシッコ	uro
1065	エロフ	fantasy
1066	エアリス・ゲインズブール	©
1067	アリス(勝利の女神:NIKKE)	©
1068	アトリエシリーズ	tm
1069	アイドル	id
1070	その着せ替え人形は恋をする	tm
1071	がに股	open
1072	かぐや様は告らせたい	tm
1073	おっさんホイホイ	content
1074	curvy	lust-
1075	MyGO!!!!!	tm
1076	JS	id
1077	Genshin	tm
1078	DNF	tm
1079	BOOTH	content
1080	3P	not_solo sex
1081	首吊り	
1082	電車内	
1083	電マ	
1084	逆アナル	anus
1085	近親相姦	
1086	谷間に布寄せ	
1087	謹賀新年	
1088	謎の白い液体	
1089	誘惑	
1090	触手服	
1091	裸リボン	
1092	裸コート	
1093	臭いフェチ	
1094	縛	bond
1095	神里綾華	©
1096	眼鏡巨乳	tit
1097	猫耳娘	
1098	狼娘	
1099	犬	beast
1100	無洗浄	
1101	湊あくあ	©
1102	水星の魔女	
1103	母娘	
1104	新世紀エヴァンゲリオン	tm
1105	拡張済み	
1106	戦艦少女	
1107	我慢失禁	uro
1108	少女前线	
1109	射命丸文	
1110	完全拘束	
1111	娼婦	
1112	女教師	
1113	女子プロレス	
1114	大量脱糞	sca
1115	大空スバル	
1116	城ヶ崎莉嘉	©
1117	地味子	
1118	和服	
1119	台湾	
1120	半ケツ	ass
1121	動圖	
1122	剛毛	
1123	出血	
1124	公衆便女	
1125	俺妹	
1126	伊落マリー	
1127	人間牧場	
1128	二穴責め	
1129	事前	
1130	乳首オナニー	nip mast
1131	乳袋	milk
1132	乳枷	milk
1133	乳房吊り	tit
1134	レズバトル	not_solo yuri
1135	ラブプラス	
1136	ミコッテ	
1137	プール	
1138	ヒロアカ	
1139	パフィーニップル	nip
1140	バニー	
1141	ナイル(どうぶつの森)	©
1142	ドM	
1143	ダークエルフ	
1144	ダンベル何キロ持てる?	
1145	ダクネス	©
1146	タイツ越しのパンツ	
1147	セーラーネプチューン	©
1148	セーラーウラヌス	©
1149	セルフ飲尿	uro
1150	スプラトゥーン	tm
1151	サイトウ	©
1152	コミケ	event
1153	ケツ毛	anus-
1154	クリック推奨	
1155	ガクビク	
1156	オーバーロード	
1157	オリジナルキャラクター	oc
1158	オナバレ	
1159	エウルア	©
1160	インナーカラー	
1161	アルカナハート	tm
1162	アバ茶	uro
1163	アナスタシア	©
1164	アジアの巨乳.com	tit
1165	ぽっちゃり	
1166	とある	
1167	けいおん!	
1168	お仕置き	
1169	おむつ	
1170	【生贄の花嫁】ノルニス	
1171	sailormoon	©
1172	ryona	ryona
1173	VAM	
1174	PixAI	ai
1175	NieR:Automata	
1176	MyHeroAcademia	tm
1177	LastOrigin	
1178	HololiveEN	tm
1179	DQ3	tm
1180	DAZ-Studio	
1181	C90	event
1182	C88	event
1183	C85	event
1184	C81	event
1185	3d	
1186	라스트오리진	
1187	黒猫	
1188	高雄(アズールレーン)	©
1189	高木さん	©
1190	馬乗りパイズリ	tit dick
1191	食蜂操祈	
1192	風呂	
1193	青姦	
1194	雷电将军	
1195	隠姦	
1196	金髪ロング	
1197	野外放尿	uro
1198	逆乳	tit
1199	貝合わせ	
1200	豊川祥子	
1201	表紙絵	
1202	萝莉	loli
1203	草薙寧々	©
1204	腹肉	
1205	腕押さえ輪姦	not_solo sex
1206	胡蝶しのぶ	©
1207	肉オナホ	sm sex
1208	聖剣伝説3	
1209	羽川翼	
1210	紐ビキニ	swim expose
1211	穿刺	
1212	空崎ヒナ	©
1213	碧蓝档案	
1214	砂狼シロコ	
1215	目隠し竿	
1216	百合キス	not_solo yuri
1217	甲鉄城のカバネリ	
1218	猫	
1219	片目隠れ	
1220	片乳	tit
1221	照れ顔	
1222	洗濯バサミ	
1223	武蔵	©
1224	極太ディルド	
1225	柏崎星奈	©
1226	枝垂ほたる	
1227	東方project	
1228	杏山カズサ	©
1229	服越しピアス	pierc
1230	放置	
1231	援交	
1232	排泄	
1233	捕虜	
1234	拘束具	
1235	手袋コキ	dick
1236	手枷	
1237	忍者	
1238	後藤ひとり	
1239	彼女、お借りします	
1240	巨乳美女	tit-
1241	屈辱	
1242	安全ピン名札の乳首ピアス	nip pierc
1243	姉なるもの	
1244	女戦士	
1245	女児服	
1246	太眉	
1247	土萠ほたる	
1248	四つん這い	
1249	咥えゴム	
1250	即堕ち2コマシリーズ	
1251	冥王せつな	©
1252	信濃(アズールレーン)	©
1253	便所	toilet
1254	乳風	milk
1255	乳狼	milk
1256	乳吊り	tit
1257	乗せ乳	milk
1258	三穴	
1259	ロケットおっぱい	tit
1260	レナモン	©
1261	メイ	©
1262	マジアベーゼ	©
1263	ポケ獣人	
1264	ボクシング	
1265	ペコリーヌ	
1266	ベルファスト(アズールレーン)	©
1267	ヘスティア(ダンまち)	©
1268	プロレス	
1269	プリンツ・オイゲン	©
1270	ブラック・マジシャン・ガール	©
1271	フェチ	
1272	ピースサイン	
1273	ヒロインピンチ	
1274	ヒカリ(トレーナー)	©
1275	パーカー	
1276	バーバラ(原神)	©
1277	バレンタイン	
1278	ハートニプレス	
1279	ニプルピアス	nip pierc
1280	ナース服	
1281	ナイチンゲール(Fate)	©
1282	ドSホイホイ	
1283	デジモン	
1284	チャイナ服	
1285	ダンス	
1286	ダンガンロンパ	
1287	ゼノギアス	
1288	ズリ事後	
1289	スーパーハイレグ	
1290	スパイファミリー	tm
1291	ジャンヌ・ダルク(Fate)	©
1292	シャワー	
1293	サンタコス	
1294	コミッション	
1295	ゲーム	
1296	ケルシー(アークナイツ)	©
1297	カプコン	tm
1298	エロライブ	
1299	エデンズリッターグレンツェ	
1300	イキ顔	
1301	イイダ	
1302	アリス	©
1303	アスナ(SAO)	©
1304	ぼっち・ざ・ろっく!	tm
1305	へそ出し	
1306	はいてないしつけてない	
1307	ねこランジェリー	
1308	などと供述しており	
1309	とある科学の超電磁砲	
1310	ちんちんのポーズ	
1311	しゃがみ	
1312	けいおん	
1313	おっさん	
1314	♀Д♀	
1315	latex	
1316	cum	cum
1317	SSSS.GRIDMAN	
1318	Overwatch	tm
1319	MILF	
1320	INDEXACG	
1321	Fate/staynight	tm
1322	Fate/EXTRA	tm
1323	FINALFANTASY	tm
1324	Daz	
1325	DID	
1326	C94	event
1327	Ave_Mujica	
1328	AI-generated	ai
1329	黑丝	
1330	麗富学園	
1331	魅惑の女体	
1332	露出狂	
1333	雪花ラミィ	
1334	長瀞早瀬	©
1335	銃	
1336	連縛	bond
1337	透け服	
1338	足フェチ	
1339	赤髪	
1340	谷間ホール	
1341	見せない構図	
1342	蛍(原神)	©
1343	葉隠透	©
1344	胸囲の格差社会	
1345	胸チラ	
1346	背中	back-
1347	肛門	anus
1348	美遊・エーデルフェルト	©
1349	緊縛労働	bond
1350	続編希望	
1351	笑顔強制	
1352	秋山澪	©
1353	碧眼	bodypart
1354	看護師	
1355	白スク	
1356	異世界迷宮でハーレムを	
1357	産卵	
1358	生まれたままの姿(産まれたままの姿)全裸(ヌード)	
1359	甘露寺蜜璃	
1360	獣娘	
1361	潮	
1362	渋谷凛	©
1363	淫魔	
1364	淫乱	
1365	海	
1366	沙花叉クロヱ	©
1367	沖田総司	©
1368	汚パンツ	
1369	死姦	
1370	欧派	
1371	桜	©
1372	柊うてな	©
1373	東方肉便器	uro
1374	東方緊縛画	bond
1375	有原優奈	©
1376	星川サラ	©
1377	新田美波	©
1378	新刊	
1379	指を突っ込みたいへそ	
1380	我々の業界ではご馳走です	
1381	戌神ころね	
1382	惣流・アスカ・ラングレー	©
1383	式波・アスカ・ラングレー	©
1384	島村卯月	©
1385	尿袋	uro
1386	小悪魔	
1387	家畜	
1388	宮本武蔵(Fate)	©
1389	妖精	
1390	女騎士	
1391	女僧侶	
1392	奇乳	tit
1393	天海春香	©
1394	夏コミ	
1395	夏	
1396	壁尻	ass
1397	四肢欠損	
1398	告知	
1399	吊り	
1400	可愛い	
1401	古見さんは、コミュ症です。	©
1402	及川雫	©
1403	半脱ぎ	
1404	化物語	tm
1405	処刑	
1406	内臓	
1407	体格差	
1408	井河アサギ	
1409	乳首ピアスチェーン	nip pierc
1410	乳輪	nip
1411	串刺しセックス	
1412	丝袜	
1413	三白眼	
1414	三月なのか	
1415	レースクイーン	
1416	レム	©
1417	レトロゲーム	
1418	レインコート	
1419	ラブライブ!虹ヶ咲学園スクールアイドル同好会	
1420	ラブライブ!サンシャイン!!	
1421	ヨルハ二号B型	
1422	モリマン	
1423	メスの顔	
1424	マビノギ英雄伝	
1425	ポケモントレーナー	©
1426	ボディストッキング	
1427	ボア・ハンコック	©
1428	ホームレス	
1429	ホロライブEN	tm
1430	ブラジャー	underwear-
1431	フルネルソン	
1432	フェリシア	
1433	パイロットスーツ	
1434	バーニス・ホワイト	©
1435	ハミ毛	
1436	ネバネバ	
1437	ニップレス	nip
1438	ドラゴンズクラウン	tm
1439	デッドオアアライブ	tm
1440	ディープスロート	throat
1441	セントルイス(アズールレーン)	©
1442	セクシーポーズ	
1443	ストライクウィッチーズ	
1444	シトラリ	
1445	サンタ	
1446	サングラス	
1447	サトシ	
1448	ゴムから精飲	cum
1449	ゴブリンスレイヤー	tm
1450	クロエ・フォン・アインツベルン	©
1451	クッパ姫	©
1452	ギャグ	
1453	キャプション芸	
1454	キツネ耳	
1455	ガンダム	tm
1456	ガニ股	
1457	カウガール	
1458	オナフェラ	dick
1459	オッパイ	tit
1460	オイル	
1461	エレン・ジョー	
1462	エレシュキガル	
1463	エジプト娘	
1464	ウマ娘プリティーダービー	
1465	イリヤスフィール(プリズマ☆イリヤ)	©
1466	アーミヤ(アークナイツ)	©
1467	アルトリア・ペンドラゴン(ランサー)	©
1468	アスナ	©
1469	アイカツ!	
1470	わからせ	
1471	ゆーしゃちゃん	
1472	もみぱい	
1473	まんすじ	
1474	なにこれかわいい	
1475	どうぶつの森	tm
1476	つるまんさいこう	
1477	だるま	
1478	たくし上げ	
1479	くのいち	
1480	お掃除フェラ	mouth dick
1481	【SSS】	
1482	yaemiko	©
1483	raidenshogun	
1484	pixivSakuraEffect	content
1485	original	oc
1486	gagged	
1487	bigbreasts	tit-
1488	bdsm	sm
1489	XAXO	
1490	R18G	guro
1491	R-17.9	content
1492	NARUTO	
1493	FFXIV	tm
1494	CG集	
1495	C93	event
1496	C80	event
1497	BB(Fate)	©
1498	2B	
1499	鼻水	
1500	黒獣	
1501	鳳えむ	
1502	魅惑の股間	
1503	魂魄妖夢	
1504	高垣楓	
1505	風見幽香	©
1506	音声作品	
1507	電撃	
1508	雷电芽衣	
1509	酒呑童子(Fate)	©
1510	足袋	
1511	貫通	insert
1512	講座	
1513	角娘	
1514	西行寺幽々子	
1515	薬物	
1516	薬漬け	
1517	苗床	
1518	膨乳	tit
1519	腋コキ	armpit dick
1520	脫糞	sca
1521	脇毛	armpit
1522	胸破れ	
1523	聖剣伝説	
1524	縞パン	
1525	絢瀬絵里	
1526	絆創膏	
1527	素股	
1528	糸引き	
1529	精液封入	cum
1530	精液ぶっかけ	cum
1531	磔	
1532	着ザー	
1533	真希波・マリ・イラストリアス	
1534	白猫	
1535	白坂小梅	©
1536	生塩ノア	
1537	生えかけ	
1538	珊瑚宮心海	
1539	玉責め	
1540	玉藻の前(Fate)	©
1541	物語シリーズ	
1542	涙	
1543	水原千鶴	©
1544	機動戦士ガンダム水星の魔女	
1545	極上の腹	
1546	極上の妹	
1547	梅喧	©
1548	桜セイバー	
1549	東方グラマラス	
1550	来生泪	
1551	昔の水着	swim
1552	教室	
1553	敗北ヒロイン	
1554	撫で回したい太もも	
1555	排泄管理	
1556	挟射	
1557	手錠	
1558	戦うヒロイン	
1559	我々の業界ではご褒美です	
1560	憲兵さんこっちです	
1561	恥丘	
1562	性交	
1563	快楽天	
1564	後輩	
1565	強化人類アムネロ	
1566	幽香	©
1567	年賀状	
1568	巨大娘	
1569	尿ジョッキ	uro
1570	尻コキ	ass dick
1571	尤诺	
1572	尘白禁区	
1573	小便風呂	uro
1574	寝取らせ	
1575	宝多六花	©
1576	宇津見エリセ(ランサー)	©
1577	孕ませ	
1578	婚纱	
1579	天津風	
1580	天ヶ瀬むゆ	©
1581	大人のおもちゃ	
1582	夏色まつり	
1583	垂らし事後	
1584	咲-Saki-	©
1585	和輪姦	not_solo sex
1586	和式トイレ	
1587	吐血	
1588	吊り乳	tit
1589	古見硝子	
1590	刑部姫(Fate)	©
1591	全裸土下座	
1592	兎田ぺこら	©
1593	兄妹	
1594	優結	
1595	便器化	uro
1596	任天堂	
1597	人魚	
1598	人格排泄	
1599	井ノ上たきな	©
1600	乳首ズリ	nip
1601	乳首つねり	nip
1602	乳踏み	tit
1603	乳房	tit-
1604	乳寄せ	tit milk
1605	乳ワイパー	tit
1606	下脱ぎ	
1607	ヴァレサ	
1608	ローゼンメイデン	
1609	ロスモンティス(アークナイツ)	©
1610	レズレイプ	not_solo yuri sm
1611	レズビアン	not_solo yuri
1612	リーリエ(ポケモン)	©
1613	リゼ・ヘルエスタ	©
1614	リコ(アニポケ)	©
1615	リクエスト	
1616	ラプラス・ダークネス	
1617	ラブ握り	
1618	ラグナロクオンライン	tm
1619	ユーノ	©
1620	ヤマト(ONEPIECE)	©
1621	メイドビキニ	swim
1622	メイキング	
1623	ミスティーハニー	
1624	ママ	
1625	マッサージ	
1626	マシュマロおっぱい	tit
1627	マオ	
1628	ポケモンBW	tm
1629	ボーカロイド	tm
1630	ボロ絵	
1631	ボコ顔	
1632	ホルターネック	
1633	ホシノ・ルリ	©
1634	ブレイブルー	tm
1635	ブリーチ	tm
1636	ブイズ	
1637	フランドール・スカーレット	
1638	フェリシア(ヴァンパイア)	©
1639	ビーチ	
1640	ヒカリ	©
1641	パンティ&ストッキングwithガーターベルト	tm
1642	パンツ下ろし	
1643	パチュリー	
1644	バニースーツ	
1645	バステト	©
1646	ハルカ	©
1647	ハニーセレクト2	tm
1648	ハイレグレオタード	
1649	ニードルプレイ	
1650	ニーアオートマタ	
1651	ニップルリング	nip pierc
1652	ナミ	©
1653	ナデシコ	
1654	ナツメ(ポケモン)	©
1655	ナツメ	
1656	ナイル	©
1657	ナイスバディ	
1658	ドーナドーナ	
1659	トラ柄	
1660	トイレボール	
1661	テキサス(アークナイツ)	©
1662	ティアーズオブザキングダム	
1663	チョーカー	
1664	チャムチャム	
1665	チェーン	
1666	ダンダダン	
1667	ダヌア	
1668	タマモキャット	
1669	セレナ(トレーナー)	©
1670	セセリア・ドート	©
1671	セイバー	
1672	スパロボ	
1673	スノウブレイク:禁域降臨	
1674	シージ(アークナイツ)	©
1675	シリアス(アズールレーン)	©
1676	ショートヘア	
1677	サンプル	
1678	サンタ娘	
1679	コードギアス	
1680	コミックバベル	
1681	キルラキル	tm
1682	キャス狐	
1683	ガンダムビルドダイバーズ	tm
1684	ガラス越し	
1685	カフカ(スターレイル)	©
1686	オフショルダー	
1687	オッドアイ	
1688	エジプト神話	
1689	ウマ娘	
1690	ウエディングドレス	
1691	イヅナ	©
1692	アンカレッジ(アズールレーン)	©
1693	アリス・タイムフィールド	©
1694	アニス(勝利の女神:NIKKE)	©
1695	アナルの造詣が深い	anus dick
1696	アクア(このすば)	©
1697	べろちゅー	
1698	ふたけっと	
1699	ふた×男	
1700	ひょっとこフェラ	mouth dick
1701	はがない	
1702	ねばねば	
1703	ところてん	
1704	ときのそら	
1705	とある魔術の禁書目録	
1706	ちん嗅ぎ	
1707	ちちしりふともも	
1708	たてセタ	©
1709	しっぽ	
1710	このおっぱいで聖女は無理でしょ	tit
1711	ぐぱぁ	
1712	きわどい	
1713	お姫様	
1714	おっぱいがいっぱい	tit
1715	うなじ	
1716	vtuber	
1717	tits	tit
1718	tifa	©
1719	tattoos	
1720	tattoo	
1721	senka	
1722	poser	
1723	piss	uro
1724	hexmaniac	©
1725	gifアニメ	anim
1726	fgo	tm
1727	catgirl	
1728	c83	event
1729	c80	event
1730	Tifa	©
1731	TSF	
1732	Succubus	
1733	SEX	
1734	RO	tm
1735	NieR	
1736	M字騎乗位	
1737	MMD	
1738	Iuno	
1739	IS	
1740	HoneySelect2	tm
1741	Grok	
1742	Ganyu	
1743	Furry	
1744	Fanart	
1745	CG	
1746	C96	event
1747	BB(水着)	swim ©
1748	데스티니차일드	
1749	黒糸	
1750	黒人	black-
1751	黒パンツ	
1752	黑白	
1753	魔都精兵のスレイブ	
1754	鬼	
1755	高坂桐乃	©
1756	首枷	
1757	饮尿	uro
1758	風景	
1759	顔面チンポ置き	
1760	鞭痕	
1761	露出プレイ	expose
1762	铃兰	
1763	鎧	
1764	銀髪ロング	
1765	鉄血のオルフェンズ	
1766	鈴鹿御前(Fate)	©
1767	鈴原るる	©
1768	針刺し	
1769	金色の闇	
1770	野糞	sca
1771	野外緊縛	bond
1772	酷刑	
1773	部族	
1774	邪神_karasu_	
1775	連続絶頂	
1776	透け水着	swim expose
1777	透けブラ	
1778	輪フェラ	mouth dick
1779	軍服	
1780	足裏汚れ	
1781	足舐め	tongue
1782	超ロングヘア	
1783	赞妮	
1784	負けヒロインが多すぎる!	
1785	谷間のゆり	
1786	裸體	
1787	裸セーラー	
1788	裸オーバーオール	
1789	裸アクセサリー	
1790	蛇	
1791	虎柄ビキニ	swim
1792	藤原千花	
1793	茨木華扇	
1794	自由セックス	
1795	膨腹	
1796	腹筋/おっぱい	tit
1797	脱肛	anus ryona-
1798	脱ぎかけ	
1799	脇	
1800	肩を組んで乳揉み	tit
1801	股間	
1802	肛塞	anus
1803	肉体改造	
1804	肉	
1805	红豆	
1806	纏流子	©
1807	縛乳	tit
1808	結月ゆかり	©
1809	結城明日奈	©
1810	結城友奈は勇者である	
1811	紫咲シオン	©
1812	紗倉ひびき	©
1813	精液まみれ	cum
1814	稀神サグメ	
1815	神里绫华	
1816	破れタイツ	
1817	睡姦	
1818	着衣溢精	cum
1819	着エロ	
1820	百鬼あやめ	
1821	白面金剛九尾イヅナ	
1822	白手袋	
1823	痴艦	
1824	町野猛武男	©
1825	男娘	
1826	男女仲良くおしっこ	uro
1827	獅白ぼたん	
1828	猫又	©
1829	狼耳	
1830	犬姦	beast sex
1831	牙	
1832	爱莉希雅	©
1833	熱々トレーニング	
1834	無理矢理	
1835	潮(艦隊これくしょん)	©
1836	源頼光	©
1837	温泉浣腸	
1838	深海棲艦化	
1839	深海棲艦	
1840	淫魔化	
1841	淫妖蟲	
1842	海王みちる	
1843	流萤	
1844	注射	
1845	波動ねじれ	
1846	河城にとり	
1847	沖田総司(Fate)	©
1848	殺生院キアラ	
1849	死後泌乳	ryona milk
1850	横臥	
1851	椎名真昼	
1852	東方黄金水	
1853	東北きりたん	
1854	本気汁	
1855	本家	
1856	時雨	©
1857	星見雅	©
1858	星街すいせい	
1859	散歩	
1860	揉みしだきたい玉	
1861	推进之王	
1862	手マンオナニー	mast
1863	扇ぱい	tit
1864	戦隊ヒロイン	
1865	戦国武将姫MURAMASA	
1866	戌亥とこ	
1867	性処理	
1868	後ろ手縛り	
1869	強姦	
1870	巴マミ	
1871	尿道ファック	sm insert
1872	尻に文字	ass
1873	小林さんちのメイドラゴン	
1874	小便マーキング	uro
1875	寅年	
1876	容器放尿	uro
1877	学生証	
1878	学生服	
1879	姉妹百合	not_solo yuri
1880	妖艶的女体	body-
1881	女装	
1882	女神官	
1883	女性主観視点	
1884	女孩子	
1885	女剣士	
1886	女らんま	©
1887	天宮こころ	©
1888	大人化	
1889	土方(ドリフ)×沖田(Fate)	©
1890	四条貴音	©
1891	和泉愛依	
1892	和壊	
1893	台詞付き	
1894	可爱	
1895	古手川唯	©
1896	博麗霊夢	
1897	南半球	
1898	千夜	
1899	化粧	
1900	勇美カエデ	©
1901	加藤恵	©
1902	剥ぎ取りたいパンツ	
1903	前押さえ	
1904	分析员	
1905	凯尔希	
1906	全頭マスク	
1907	全裸群像	not_solo 
1908	俺の股間から五穀豊穣ライスシャワー	
1909	修女	
1910	侍女	
1911	例大祭	
1912	佐城雪美	
1913	仲良くおしっこ	uro
1914	仰向けイラマ	
1915	亡命牌	
1916	井河さくら	©
1917	乳首舐め	nip tongue
1918	乳首チラ	nip
1919	乳头	nip
1920	中国风	
1921	一之瀬アスナ(バニーガール)	©
1922	ロリババア	
1923	レッスルエンジェルス	
1924	リアス・グレモリー	©
1925	ユエル(グラブル)	©
1926	モナ(原神)	©
1927	メンヘラ	
1928	メガニケ	
1929	メカクレ	
1930	ミニスカート	
1931	マン肉	
1932	マニアック	
1933	マスカーニャ(ポケモン)	©
1934	マジアアズール	©
1935	マキマ	
1936	ポケモンSM	tm
1937	ポケモンBW2	tm
1938	ボトラー	
1939	ボディチェーン	
1940	ホシノ・フミナ	©
1941	ペルソナ5	
1942	ペニバン	
1943	ペニスにピス	uro dick
1944	プルクラ・フェリーニ	
1945	プルア	
1946	プリンツ・オイゲン(アズールレーン)	©
1947	プリバティ(勝利の女神:NIKKE)	©
1948	プリケツ	
1949	フリーレン	
1950	フリル	
1951	フェアリーテイル	
1952	ファンアート	
1953	ピース	
1954	ピーカブー	
1955	ピンクは淫乱	
1956	ビール	
1957	ビッチ姫	
1958	ヒーロー科女子	
1959	パンツコキ	dick
1960	パンツの中に手	
1961	パイモン	©
1962	ハートくり抜き	
1963	ハヤテのごとく!	
1964	ニーハイ	
1965	ニトロプラス	
1966	ドレス	
1967	ドラクエ3	tm
1968	デレステ	
1969	ディオナ(原神)	©
1970	テストスーツ	
1971	チャリオット	©
1972	チェン(アークナイツ)	©
1973	ダージリン	©
1974	ダイドー(アズールレーン)	©
1975	タツマキ	©
1976	ゼルダ姫	©
1977	ゼノブレイド2	
1978	セクシーランジェリー	
1979	セクシーウェディングドレス	
1980	セカンドライフ	
1981	スマプリ	
1982	スパイダー騎乗位	
1983	スターレイル	
1984	スカサハ(Fate)	©
1985	ジン(原神)	©
1986	ジャヒー様	
1987	シャルラッハロート	
1988	ザーメンゲップ	cum
1989	ザ・キング・オブ・ファイターズ	tm
1990	サムライスピリッツ	
1991	サムスピ	
1992	コンカフェ	
1993	コミックホットミルク	
1994	コミックアンリアル	
1995	コウテイペンギン(けものフレンズ)	©
1996	ゲゲゲの鬼太郎	
1997	グローリーホール	
1998	クローザーズ	
1999	クロリス・ガーデン	
2000	クラリス(グラブル)	©
2001	クスコ	
2002	ギャグボール	
2003	キンスレ	
2004	キングスレイド	
2005	キラキラ	
2006	キャッツ・アイ	
2007	ガーターストッキング	
2008	ガンダムビルドファイターズ	tm
2009	カスミ(アニポケ)	©
2010	オープンブラ	
2011	オープンショーツ	
2012	オーバーウォッチ	tm
2013	オーク	
2014	エロマンガ先生	
2015	エミリア	
2016	エナジードレイン	
2017	エッッ	
2018	エイヤフィヤトラ(アークナイツ)	©
2019	ウェヌスのえくぼ	
2020	ウェイトレス	
2021	イラストリアス(アズールレーン)	©
2022	イシュタル(Fate)	©
2023	イシュタル	©
2024	アークナイツ:エンドフィールド	©
2025	アルメイダ(グラブル)	©
2026	アリス・マーガトロイド	©
2027	アニメ	
2028	アナルフィスト	anus insert
2029	アナルピアス	anus pierc
2030	アナルパール水着	swim anus toy
2031	アナルチラ	anus expose
2032	アウラ	©
2033	アイギス絵師	
2034	めぐみん	©
2035	むちむちボディ	
2036	まどか☆マギカ	
2037	まちカドまぞく	
2038	ほぼ裸	
2039	ぺたん座り	
2040	ひじぱい	tit
2041	ちびうさ	©
2042	すっぽんぽん	
2043	ご注文はうさぎですか?	
2044	これ絶対入ってるよね	
2045	くんかくんか	
2046	くすぐり	
2047	きつね耳	
2048	きつね	
2049	かすみ	©
2050	お隣の天使様にいつの間にか駄目人間にされていた件	
2051	お嬢様	
2052	お団子ヘアー	
2053	おっぱちゅりー	
2054	※中学生です	
2055	torture	
2056	thicc	
2057	pixivHalloweenEffect	content
2058	ntr	
2059	nikke	©
2060	futanari	
2061	ff7	tm
2062	cyborg	
2063	blowjob	mouth dick
2064	axsens	
2065	anthro	
2066	W(アークナイツ)	©
2067	Vindictus	
2068	U149	
2069	QOS	
2070	PCエンジン	
2071	Original	oc
2072	Oppai	tit
2073	Nekomia	
2074	Mabinogi:Heroes	
2075	JC	
2076	ENF	
2077	C92	event
2078	C78	event
2079	BW2	
2080	BME	
2081	18号	©
2082	ﾁｷﾁｷ	
2083	커미션	
2084	소녀전선	
2085	龙梅梅	
2086	龍娘	
2087	黒髪ショート	hair-
2088	黒歌	
2089	黒ビキニ	swim
2090	黒ナース	
2091	麗日お茶子	©
2092	鷹宮リオン	©
2093	魔物娘茶会	
2094	魅魔	
2095	魅惑のおっぱい	tit
2096	高跟	
2097	首绞	
2098	食戟のソーマ	
2099	食尿	uro mouth
2100	飛霄	
2101	風真いろは	©
2102	風俗	
2103	顔に落書き	
2104	響け!ユーフォニアム	
2105	靴下	
2106	青髪	hair-
2107	霞(DOA)	©
2108	霊烏路空	
2109	雷電将軍(原神)	©
2110	雲璃	
2111	雪ノ下雪乃	©
2112	陸奥	©
2113	開口具	
2114	鉄拳	
2115	酒呑童子	©
2116	遊佐こずえ	©
2117	連れション	
2118	逆フェラ	mouth dick
2119	足控	
2120	赤目	
2121	赤城みりあ	©
2122	赤城	
2123	豊聡耳神子	
2124	诱惑	
2125	誘拐	
2126	触手責め	
2127	視線	
2128	見えない構図	
2129	裸体	
2130	裸ランドセル	
2131	裸ブーツ	
2132	蟲姦	
2133	蝋燭	
2134	虐待	
2135	虎縞ビキニ	swim
2136	虎	
2137	蓮美(Hasumi)	
2138	葉隠透(素顔)	©
2139	萌える!事典	
2140	菱縄縛り	
2141	艦これマイクロビキニ部	© swim expose
2142	船上のバニーチェイサー	
2143	舰娘	
2144	膣内射精	pussy cum
2145	腔内放尿	uro pussy
2146	腋舐め	tongue
2147	腋チラ	armpit-
2148	脚線美	
2149	胸揉み	tit
2150	胸がぱんぱかぱーん	
2151	胸	
2152	胡蝶カナエ	©
2153	背後から手マン	
2154	肋骨	
2155	肉球グローブ	
2156	聖女	
2157	聖(性)服シリーズ	
2158	習作	
2159	綿月依姫	
2160	綾瀬桃	©
2161	綱手	
2162	綑綁	
2163	絵かゆ	
2164	結城晴	©
2165	紲星あかり	©
2166	紧缚	
2167	素足	foot-
2168	純狐	
2169	紅豆(ゼンゼロ)	©
2170	笛美男	
2171	竈門禰豆子	
2172	神崎蘭子	©
2173	磯風	©
2174	砂沙美	
2175	着ぐるみ	
2176	眼帯ビキニ	swim
2177	相互手マン	
2178	目にハート	
2179	百合夫婦	not_solo yuri
2180	百合園セイア	
2181	白パンツ	
2182	白ストッキング	
2183	癒月ちょこ	
2184	痰	
2185	甘城ブリリアントパーク	
2186	琴吹紬	©
2187	猫耳パーカー	
2188	狐耳巫女	
2189	牧場の乳	milk
2190	牛コス	
2191	爆乳化	tit-
2192	無知シチュ	
2193	無様	
2194	火焔猫燐	
2195	澤村・スペンサー・英梨々	
2196	漂う犯罪臭	
2197	淫纹	
2198	海辺	
2199	浴衣	
2200	浦和ハナコ	©
2201	流血注意	
2202	江ノ島盾子	
2203	汁に泡	
2204	水銀燈	
2205	水責め	
2206	水城ゆきかぜ	©
2207	母性は原初のエロス	
2208	残暑見舞い	
2209	檻	
2210	檜山姫子	©
2211	樫野(アズールレーン)	©
2212	極太	
2213	校服	
2214	松本乱菊	
2215	松屋美咲	©
2216	東郷美森	©
2217	束縛	bond
2218	札ブラ	
2219	未確認で進行形	
2220	朝顔ハナエ	
2221	時雨(艦隊これくしょん)	©
2222	時々ボソッとロシア語でデレる隣のアーリャさん	
2223	春日野さくら	©
2224	日向ヒナタ	©
2225	斑鳩(閃乱カグラ)	©
2226	摩耶	©
2227	插画	
2228	指でグイッ	
2229	戦慄のタツマキ	
2230	戦乙女	
2231	愛宕(艦隊これくしょん)	©
2232	恶堕	
2233	性転換	
2234	性教育	
2235	德克萨斯	
2236	形くっきりクリトリス	clit
2237	強制露出	
2238	強制労働	
2239	引き回し	
2240	幽霊	
2241	幼馴染	
2242	年賀絵	
2243	巫女服	
2244	島風	
2245	尿道拡張	
2246	小宮果穂	©
2247	小便器ちゃん	uro
2248	射精管理	cum
2249	射乳	cum tit
2250	封獣ぬえ	
2251	対魔忍ユキカゼ	
2252	寝取り	
2253	寝そべり	
2254	宵宮	
2255	安全ピン	
2256	宇津見エリセ	
2257	宇崎月	©
2258	宇崎ちゃん	tm
2259	学生	
2260	学園もの	
2261	子供同士	
2262	嫌悪	
2263	嫌な顔	
2264	姫崎莉波	©
2265	姫カット	
2266	姉妹	
2267	妖魔娼館	
2268	妖魔	
2269	妖艶	body-
2270	奴隷市場	
2271	女捜査官	
2272	女戦闘員	
2273	女悪魔	
2274	女性キャラ	
2275	女子中学生	
2276	女勇者	
2277	女の子終了	
2278	奉仕	
2279	失楽天	
2280	天音かなた	©
2281	天王はるか	©
2282	大腿	
2283	大股開き	
2284	大宗たゆゆ	
2285	大好真々子	©
2286	大和撫子	
2287	大和(艦隊これくしょん)	©
2288	大人向け	
2289	夜見れな	
2290	夜ヶ岳嵐	©
2291	多腕	
2292	夕立(アズールレーン)	©
2293	夕立	
2294	地下牢	
2295	囚人	
2296	喪女	
2297	唾飲ませ	mouth
2298	唾液ブリッジ	mouth
2299	同人誌	
2300	吊りスカート	
2301	史上最強の弟子ケンイチ	
2302	双子	
2303	即落ち2コマシリーズ	
2304	单手套	
2305	十時愛梨	
2306	十六夜ノノミ	©
2307	十三機兵防衛圏	
2308	前貼り	
2309	前川みく	©
2310	刻晴(原神)	©
2311	出産	
2312	公開	
2313	公衆トイレ	toilet
2314	八意永琳	
2315	八奈見杏菜	©
2316	兎山ルミ	©
2317	優木せつ菜	©
2318	傷	
2319	俘虜	
2320	伏姫マーヤ	
2321	五更瑠璃	©
2322	乳首舐め手コキ	nip tongue
2323	乳首串刺し	nip
2324	乳首サスペンダー	nip
2325	乳首クリップ	nip pierc
2326	乳钉	
2327	乳環	nip
2328	乳汁	milk
2329	乳上げ	tit
2330	乳ぼくろ	milk
2331	丸山彩	©
2332	中野三玖	©
2333	中出	
2334	中二病でも恋がしたい!	
2335	下痢	
2336	下ろしチャック	
2337	万圣节	
2338	七天の覇者	
2339	一穴二本	
2340	一ノ瀬志希	
2341	レオチラ	
2342	ルアン・メェイ	
2343	リース	
2344	リンドリ	
2345	リング☆ドリーム	
2346	リリス	©
2347	リボン	
2348	リコリコ	
2349	ラブクリップ	clit pierc
2350	ラップランド(アークナイツ)	©
2351	ユニコーン(アズールレーン)	©
2352	ユウナ	©
2353	モンハン擬人化	
2354	モバマス	
2355	モノクロ	
2356	メカ少女	
2357	メイド影狼ちゃん	
2358	メイドミルク	costume milk
2359	ミルク	milk
2360	ミミロップ	
2361	マーキング	
2362	マリー・ローズ	©
2363	マリィ(Diesirae)	©
2364	マスコットキャラクター	
2365	マケイン	©
2366	ボディコン	
2367	ボタン(ポケモン)	©
2368	ホムラ(ゼノブレイド2)	©
2369	ペルソナ	
2370	ベビードール	
2371	ブローニャ・ランド	
2372	ブレザー	
2373	フワワ・アビスガード	
2374	フラワーナイトガール	
2375	フェティッシュ	
2376	フィストファック	pussy insert
2377	フィスト	insert
2378	ファイアーエムブレム風花雪月	tm
2379	ファイアーエムブレム覚醒	tm
2380	ヒカリ(ゼノブレイド2)	©
2381	パンティ	
2382	パチュリー・ノーレッジ	
2383	パズドラ	tm
2384	パイオツ・オイゲン	
2385	バーコード	
2386	バイオハザード	
2387	ハミ乳	tit
2388	ハイアングル	
2389	ノーパン前垂れ	
2390	ネロ・クラウディウス(Fate)	©
2391	ニンフィア	
2392	ニェン(アークナイツ)	©
2393	ナンジャモ(トレーナー)	©
2394	ナルト	
2395	ナツメに定評のある作者	
2396	ドリームクラブ	
2397	ドラゴンボール	tm
2398	ドラコケンタウロス	
2399	ドキドキ!プリキュア	
2400	ドSビッチアヤちゃん	
2401	トウコ	
2402	デンジャラス・ビースト	
2403	ディシア	
2404	テニスウェア	
2405	ツンデレ	
2406	ダイナミックパンチラ	
2407	ソーサレス	©
2408	ソフィア(グラブル)	©
2409	ソウルワーカー	
2410	ソウルキャリバー	
2411	セルフ胸タッチ	tit
2412	セミリアル	
2413	ズリキチ	
2414	スーツ	
2415	スマブラ	
2416	スパイ教室	
2417	スケスケ	
2418	スカート	
2419	スカジ(アークナイツ)	©
2420	スイートプリキュア	
2421	スイレン(トレーナー)	©
2422	ジータ	
2423	ジャヒー様はくじけない!	
2424	ジト目	
2425	ジェシー(FF7)	©
2426	シーメール	
2427	シンデレラ(勝利の女神:NIKKE)	©
2428	サンタガール	
2429	サイドテール	
2430	サイトウ(トレーナー)	©
2431	サイズフェチ	
2432	ゴッドイーター	
2433	ゴスロリ	
2434	コルセット	
2435	コヤンスカヤ	
2436	ケモ交尾	
2437	クーデリア・藍那・バーンスタイン	©
2438	クロスオーバー	
2439	クイーンズブレイド	tm
2440	ギルドの受付嬢ですが	
2441	キャロット	
2442	キャミソール	
2443	キメセク	
2444	ガーターリング	
2445	ガンダムビルドファイターズトライ	tm
2446	エーフィ	
2447	エンジェウーモン	©
2448	エレシュキガル(Fate)	©
2449	エミリア(リゼロ)	©
2450	エプロン	
2451	エニット	
2452	エアリス	©
2453	ウサ子さん	©
2454	インプラカブル(アズールレーン)	©
2455	イマラチオ	throat
2456	イケメン女子	
2457	アンチラ	
2458	アレクサンドリナ・セバスチャン	©
2459	アルメイダ	©
2460	アルトリア・ペンドラゴン	©
2461	アリス・ギア・アイギス	©
2462	アメスク	
2463	アニラ	
2464	アニぱい	tit
2465	アナルバイブ	anus toy
2466	アナスタシア(シンデレラガールズ)	©
2467	アトラ・ミクスタ	
2468	アスカ・ラングレー	©
2469	アクダマドライブ	
2470	アカネ(ポケモン)	©
2471	アイシャドウ	
2472	よそのこ	
2473	ゆんゆん(このすば)	©
2474	ゆかぱい	
2475	やはり俺の青春ラブコメはまちがっている。	
2476	ほのか(DOA)	©
2477	ほのか	©
2478	ぷにまん	
2479	ぶれぶる	
2480	ぶちアングル	
2481	ふんどし娘	
2482	ひっかけ立ちション	
2483	ぱんちら	
2484	ぱっくり背中	
2485	はだけ	foot-
2486	ちんキス	
2487	せんずり	
2488	しゃがみパンチラ	
2489	さくらみこ	©
2490	けしからんおっぱい	tit
2491	かわいそうはかわいい	
2492	からかい上手の高木さん	©
2493	かっぱい	
2494	お腹ナデナデ	
2495	お品書き	
2496	おねしょ	uro
2497	おしっこぶっかけ	uro cum
2498	おしっこがまん	uro
2499	おさげ	
2500	おかっぱ	
2501	うさみみ	
2502	うさぎ	
2503	うがい	
2504	あけおめ	
2505	あきつ丸	
2506	shibari	bond
2507	sex	
2508	ranma	©
2509	patreon	
2510	pantypoop	sca
2511	pantyhose	
2512	milf	
2513	lolicon	loli
2514	kokomi	
2515	iDOLM@STER	
2516	humiliation	
2517	huge_breasts	tit
2518	highschooldxd	
2519	guro	guro
2520	gif	
2521	fate	tm
2522	destinychild	
2523	closers	
2524	chisa	
2525	chainsawman	
2526	cat	
2527	bikini	swim
2528	amputee	
2529	V字開脚	
2530	VRChat	
2531	ToLOVEるダークネス	
2532	Sona	
2533	Rkgk	content
2534	Panty&StockingwithGarterbelt	tm
2535	PVC	
2536	PSO2	tm
2537	PSO	tm
2538	POV	
2539	NINJA	
2540	Hololive	tm
2541	G3F	
2542	Fate/Apocrypha	tm
2543	FF6	tm
2544	FE覚醒	tm
2545	Elysia	
2546	Elsword	
2547	D|S	
2548	DQ11	tm
2549	DQ10	tm
2550	DEADORALIVE	tm
2551	D.Va	
2552	COMIC1☆10	
2553	COMIC1	
2554	CMNF	
2555	CM3D2	
2556	C97	event
2557	C103	event
2558	Blender	
2559	BWC	
2560	BUKKAKE	
2561	BB	©
2562	Arlecchino	
2563	Ai	ai
2564	AI修正	ai
2565	AI-assisted	ai
2566	4P	
2567	2番艦はスケベボディ	
2568	창작	oc
2569	우고이라	
2570	오예신나는데	
2571	리그오브레전드	
2572	롤	
2573	던파	
2574	거유	
2575	龍驤	©
2576	龍田	
2577	鼻血	
2578	黒姫士アイアンドレス	
2579	鷹富士茄子	
2580	鷲掴み	
2581	魔砲使い黒姫	
2582	魔法科高校の劣等生	
2583	魔女の旅々	
2584	魅惑的大腿	
2585	魅惑の太もも	
2586	鬼神童子ZENKI	
2587	高潮	
2588	高木命	©
2589	高木さん(からかい上手の高木さん)	©
2590	高巻杏	
2591	驪駒早鬼	
2592	騎乗	
2593	馬乗り	
2594	馬ディルド	
2595	香風智乃	
2596	飲精	cum
2597	食べ物	
2598	食い込み直し	
2599	顔射待ち	cum
2600	顔を埋めたい尻	ass
2601	頬ズリ	
2602	鞭打	
2603	靴舐め	tongue
2604	露出癖	
2605	霧雨魔理沙	
2606	霞ヶ丘詩羽	©
2607	電(艦隊これくしょん)	©
2608	雪泉	
2609	雨女	
2610	雨	
2611	陸上部	
2612	阿蕾奇诺	
2613	阮梅	
2614	閲覧注意	
2615	長離	
2616	鎖貫通	sm insert
2617	鍵山雛	
2618	銀髪碧眼	
2619	鉛筆	
2620	鈴鹿御前〔サンタ〕	©
2621	鈴仙・優曇華院・イナバ	
2622	金髪ツインテール	
2623	金剛	
2624	量産C型	
2625	配信	
2626	逸見エリカ	
2627	連行	
2628	連結錠	
2629	透明水着	swim expose
2630	透明感	
2631	透明	
2632	近江彼方	
2633	蹲踞	
2634	踊りこころ	
2635	赤髪ロング	
2636	赛飞儿	
2637	贫乳	tit-
2638	賢者向け	
2639	貧乳から出る母乳	flat milk
2640	貞操観念ゼロ	
2641	誘ってやがる	
2642	認識阻害	
2643	触手姦	
2644	見返り美人	
2645	見返り	
2646	見えそうで見えない	
2647	西城樹里	
2648	西住みほ	
2649	西住まほ	©
2650	褐色白髪	
2651	複根	
2652	裸包帯	
2653	裸マント	
2654	裸パーカー	
2655	衣装チェンジ	
2656	蜜蜂の館	
2657	虚構推理	
2658	虚拟主播	
2659	虎娘	
2660	蔚蓝档案	
2661	蒸れ	
2662	葛飾北斎	©
2663	荧	
2664	若葉睦	
2665	花魁	
2666	花火(スターレイル)	©
2667	艶ぼくろ	
2668	色白	
2669	艦々バニー	
2670	舌射待ち	tongue cum
2671	舌なめずり	tongue
2672	膝の上に座る	
2673	腿	
2674	腹パンチ	
2675	脳姦	
2676	脱いだ服	
2677	能代	©
2678	胸部	
2679	胸見せ	tit
2680	胶衣	
2681	胡桃(原神)	©
2682	背面駅弁	
2683	背面座位	back-
2684	背	back-
2685	股間アップ	
2686	股神様	
2687	股のぞき	
2688	肛門性器臭いフェチ	anus sca-
2689	肉奴隷	
2690	聖乳	milk
2691	羽衣狐	
2692	羽川ハスミ(体操服)	©
2693	義城蜜魅	©
2694	美巨乳	tit
2695	美人	
2696	美しい	
2697	羊	
2698	练习	
2699	縦セタ	
2700	縞ビキニ	swim
2701	縞ニーソ	
2702	紫髪	
2703	紅花崗の淚	
2704	紅美鈴	
2705	精子タンク空っぽ	cum
2706	童田明治	©
2707	竜華キサキ	©
2708	竜胆尊	
2709	立ちオナニー	mast
2710	空井サキ	©
2711	空(原神)	©
2712	穴あきコンドーム	
2713	種噴き	
2714	種付け	
2715	秦こころ	
2716	秋宮沙也香	
2717	神楽	
2718	神月かりん	©
2719	神撃のバハムート	
2720	短髪	
2721	着衣オナニー	mast
2722	着替え	
2723	着せ恋	
2724	看板娘【白羽るみ】	
2725	盗撮	
2726	的場梨沙	©
2727	白雪巴	©
2728	白濁液	
2729	白ビキニ	swim
2730	白スト	
2731	白スク水	swim
2732	痣	
2733	疑似排泄	
2734	異種和姦	
2735	異界探偵ミソギ	
2736	男性受け	
2737	男子トイレ	toilet
2738	男子おっぱい	tit
2739	田舎	
2740	甘ブリ	
2741	瓦雷莎	©
2742	瑞鶴(艦隊これくしょん)	©
2743	玉揉み	
2744	獸耳	fantasy
2745	獣耳ロリ調教記	loli
2746	猫口	mouth
2747	狼と香辛料	
2748	狩人ベラ	
2749	狐坂ワカモ	
2750	狐っ娘	
2751	狐	
2752	犯してもいいのよ	
2753	爆根	
2754	爆尻	ass-
2755	燃料漏れ	
2756	煙草	
2757	無職転生	
2758	無彩限のファントム・ワールド	
2759	無名(甲鉄城のカバネリ)	©
2760	無名	
2761	火影忍者	
2762	瀬川泉	©
2763	潮吹	
2764	潮っぱい	tit
2765	渡辺曜	©
2766	混合	
2767	涼月すい	
2768	涼宮ハルヒの憂鬱	
2769	海冥獣姫スキュレイ	
2770	浮き乳首	nip
2771	浜風(艦隊これくしょん)	©
2772	流れ乳	milk
2773	泥岩	
2774	泣きぼくろ	
2775	永久拘束	
2776	氷菓	
2777	水神小夜	©
2778	水着尿	uro swim
2779	水中	
2780	水も滴るいい女	
2781	歩く18禁	
2782	武蔵(艦隊これくしょん)	©
2783	武器娘	
2784	欲望の迷い子リリス	
2785	櫻木真乃	©
2786	櫻井桃華	©
2787	機械	
2788	機動戦艦ナデシコ	
2789	樋口円香	
2790	榛名	©
2791	極上の竿	
2792	楊貴妃(Fate)	©
2793	検尿	uro
2794	格闘少女	
2795	柔道	
2796	東方星蓮船	
2797	杜野凛世	©
2798	朝チュン	©
2799	服を着たポケモン	©
2800	服の中で乳揉み	tit
2801	有村麻央	©
2802	月曜日のたわわ	
2803	月姫	
2804	星野アイ	©
2805	星乃一歌	©
2806	早乙女ベリー	
2807	新垣あやせ	©
2808	断頭台のアウラ	
2809	斥罪	
2810	敵女	
2811	改造	
2812	描いてもいいのよ	
2813	採尿	uro
2814	排便	sca
2815	授業中おもらし	uro
2816	挿入ジェスチャー	
2817	挿入	
2818	拷问	
2819	拭かない	
2820	拉普兰德	
2821	手でハート	
2822	戦闘員、派遣します!	
2823	戦姫絶唱シンフォギア	
2824	愛撫	
2825	愛して!ほむん	
2826	悪魔の乳首	nip
2827	恩雅	
2828	性玩具	
2829	快楽責め	
2830	忍冬	
2831	心海	
2832	御坂美琴	©
2833	後ろ姿	back-
2834	後ろの存在感	
2835	役小明	©
2836	強制	
2837	床ション	
2838	年賀	
2839	帰忘の流離人	
2840	差分	
2841	巨大ヒロイン	
2842	巨大クリトリス	clit
2843	巨乳首	nip
2844	巨乳/爆乳	tit-
2845	工口	
2846	川神舞	
2847	崩坏3	
2848	山田杏奈	©
2849	尿道カテーテル	
2850	尾張(アズールレーン)	©
2851	尻フェチ	ass
2852	小鳥遊ホシノ	©
2853	小野塚小町	©
2854	小新井りあす	
2855	宵宫	©
2856	安産型	
2857	安城鳴子	
2858	宇宙戦艦ヤマト2199	
2859	宇佐見菫子	©
2860	子宫脱	
2861	姫島朱乃	©
2862	姉ヶ崎寧々	©
2863	如月千早	©
2864	女忍者	
2865	女子大生	
2866	女子ボクシング	
2867	女子	
2868	女天狗	
2869	失神	
2870	天馬咲希	©
2871	天童アリス	©
2872	大鳳	
2873	大量精液	cum
2874	大和	©
2875	夜蘭	
2876	夕立(艦隊これくしょん)	©
2877	夏芽みのり	©
2878	夏樹みくる	©
2879	変身解除	
2880	変身シーン	
2881	変態仮面	
2882	壬生菊千代	
2883	壬生終名	
2884	城戸沙織	
2885	地獄先生ぬ～べ～	
2886	土方歳三(ドリフターズ)	©
2887	四季映姫・ヤマザナドゥ	
2888	喷尿	uro mouth
2889	喫煙	
2890	喉ボコ	throat
2891	咲夜	©
2892	咥え使用済みゴム	
2893	咥えながら舌出し	tongue
2894	和泉紗霧	©
2895	和泉元エイミ	
2896	向井拓海	©
2897	名探偵コナン	
2898	古明地こいし	
2899	双頭ディルド	
2900	厕所	
2901	卡提希娅	
2902	博麗神社例大祭	
2903	南ことり	©
2904	卓上の乳	tit
2905	半裸	
2906	半ズボン	
2907	千手綱手	
2908	千咲(鳴潮)	©
2909	千反田える	
2910	北米版	
2911	包茎クリトリス	clit
2912	匂いフェチ	
2913	勇儀	©
2914	勃起	
2915	助っ人参上!!	
2916	創作男女	
2917	剣奴レイシャ	
2918	剣の乙女	
2919	前髪テール	
2920	前張り	
2921	刑部姫	
2922	切り傷	
2923	処女喪失	
2924	凍京NECRO	
2925	凌遲	
2926	冬コミ	
2927	八意の乳	tit
2928	全学園彼女	
2929	入浴	
2930	先斗寧	
2931	催眠なんてかからない!!!	
2932	倉持めると	
2933	例大祭13	
2934	例大祭10	
2935	何してもいいのよ	
2936	伏臥	
2937	伊良知世	
2938	伊吹翼	
2939	伊勢	
2940	伊19	
2941	仲良く立ちション	
2942	仙子	
2943	今汐	
2944	人間灰皿	
2945	人権放棄	
2946	人前おしっこ	uro
2947	人ってただの筒じゃないですか	
2948	交尾結合	
2949	五十鈴	©
2950	云璃	not_solo yuri
2951	二次元女体化してやったー	
2952	二の腕	
2953	亀頭責め	
2954	亀頭舐め	tongue
2955	亀甲縛り	
2956	乳首引っ張り	nip
2957	乳首コンドーム	nip
2958	乳首カリカリ	nip
2959	乳輪チラ	nip
2960	乳狐	fantasy milk
2961	乳房豊かなポーカーフェイス	tit
2962	乳巫女	costume milk
2963	乳交	tit
2964	乳お燐ズ	
2965	久田イズナ	©
2966	丸呑み	
2967	串刺しファック	ryona insert
2968	中野二乃	
2969	中谷育	©
2970	中学生	
2971	不潔	
2972	三角型	
2973	三月七	
2974	一条莉々華	©
2975	一回～円	
2976	ヴァニラウェア	
2977	ワルピーチ	©
2978	ワカモ(ブルーアーカイブ)	©
2979	ワイルドアームズ	
2980	ローライズ	
2981	ロート精液	cum
2982	ローゼン	©
2983	ロングヘア―	
2984	ロリコン	loli
2985	ロリおね	
2986	ロビン	©
2987	ロケット貧乳	tit
2988	ロケット団	
2989	レーベル(勝利の女神:NIKKE)	©
2990	レゼ	
2991	レズドム	
2992	レオタードアンダーパンツ	
2993	レインボー・ミカ	©
2994	レイチェル	
2995	ルリナ(トレーナー)	©
2996	ルザミーネ	
2997	リーフィア	
2998	リーファ	
2999	リコちゃん	©
3000	リィン(アークナイツ)	©
3001	ララ	
3002	ラム(リゼロ)	©
3003	ラビットホール	
3004	ラビアピアス	pussy pierc
3005	ラッキースケベ	
3006	ラクガキ	
3007	ラオーラ・パンテーラ	
3008	ライダースーツ	
3009	ライザ	
3010	ユフィ・キサラギ	©
3011	モンスト	
3012	モンスターストライク	
3013	モンスター	
3014	メトロイド	
3015	メス犬	beast
3016	メガネっ娘	
3017	メガテン	
3018	メイナ	
3019	メイドさん	
3020	メイぱい	
3021	ミレーユ	©
3022	ミイラ	
3023	マーシャルチャンピオン	
3024	マント	
3025	マンコ	pussy
3026	マリア・カデンツァヴナ・イヴ	
3027	ママショタ	
3028	マビノギ	
3029	マドロック(アークナイツ)	©
3030	マジカルプリンセス	
3031	マコト=ナナヤ	©
3032	マコト	©
3033	マギサ	©
3034	マイリトルポニー	tm
3035	マイクロミニスカート	
3036	ポニテ	
3037	ポケ擬	
3038	ポケスペ	©
3039	ボルチモア(アズールレーン)	©
3040	ボトムレス	open-
3041	ボディーピアス	pierc
3042	ボカロ	©
3043	ホロ	
3044	ペンギー(グラブル)	©
3045	ペリーヌ・クロステルマン	
3046	ペリカ(エンドフィールド)	©
3047	ペニスギャグ	dick
3048	ペニス	dick
3049	ペド	
3050	ペディキュア	
3051	ベト子	
3052	ベゼアズ	
3053	ベアトリクス	©
3054	ヘッドホン	
3055	プリンス・オブ・ウェールズ	
3056	プリティーシリーズ	
3057	プラナ(ブルーアーカイブ)	©
3058	プラチナ(アークナイツ)	©
3059	ブリッド(勝利の女神:NIKKE)	©
3060	ブラダマンテ	
3061	ブラウンダスト2	tm
3062	ブラ	underwear
3063	フタナリ	
3064	フェイスベール	
3065	フィアメッタ(アークナイツ)	©
3066	ファンタジスタドール	
3067	ファッション	
3068	ファイナルファンタジーVII	tm
3069	ファイナルファンタジー14	tm
3070	ピンク髪ロング	
3071	ピンクパンツ	
3072	ビアンカ	©
3073	パンヤ	
3074	パンク	
3075	パワー(チェンソーマン)	©
3076	パプル	
3077	パパ活	
3078	パイン(ボンバーガール)	©
3079	パイモン(マギ)	©
3080	バーバラ	©
3081	バーサーかわいい	
3082	バイブINパンツに定評のある柚宮MoNo	
3083	ハートキャッチプリキュア	
3084	ハン・ジュリ	
3085	ハゲ頭	
3086	ハイセンス	
3087	ニーナ	©
3088	ニトクリス(Fate)	©
3089	ニコ・ロビン	©
3090	ナヒーダ	
3091	ドリル責め	
3092	ドリクラ	
3093	ドラフ	
3094	ドキプリ	
3095	トレス素材	
3096	トリニティセブン	
3097	デスティニーチャイルド	
3098	デカ尻	ass-
3099	デカクリ	clit
3100	デイジー姫	©
3101	テンタクルズ	
3102	テニス	
3103	ティーンのヤルキ!	
3104	チルノ	
3105	ダーリン・イン・ザ・フランキス	
3106	ダブルギャグ	
3107	タバコ	
3108	タイリクオオカミ(けものフレンズ)	©
3109	ゾン100	
3110	ソープランド	
3111	ソープ	
3112	ソロモン72柱	
3113	ソフィア	©
3114	ソニック	©
3115	ゼロツー	
3116	ゼルダ	©
3117	ゼノブレイド3	
3118	ゼクスファクター	
3119	セルフフェラ	mouth dick
3120	セリス	
3121	セラムン	©
3122	スレイヤーズ	
3123	スリングショット水着	swim expose
3124	スポーツブラ	
3125	スプラトゥーン2	tm
3126	スピカ	
3127	スターオーシャン	
3128	ススーロ(アークナイツ)	©
3129	スカルガールズ	
3130	スイレンママ	
3131	ジュビア・ロクサー	
3132	ジャージ	
3133	ジャベリン(アズールレーン)	©
3134	シー(アークナイツ)	©
3135	シンフォギア	
3136	シンデレラガールズ	
3137	シロコ*テラー	©
3138	ショタ提督	
3139	シャープペンシル	
3140	シャープペン	
3141	シスター服	
3142	シオリ・ノヴェラ	
3143	ザーメンマスク	cum
3144	ザーメンブリッジ	cum
3145	ザンニー	
3146	サークル10周年記念本	
3147	サンディ・バッシュ	
3148	サラ(GBD)	©
3149	サフェル	
3150	サスペンダー	
3151	コンドーム髪留め	
3152	コロンビーナ(原神)	©
3153	コミックマーケット96	event
3154	コスプレイヤー	
3155	コウテイペンギン	
3156	コウテイオッパイ	tit
3157	ケーブルニット	
3158	ケモナー	
3159	グレンツェ	
3160	グレイシア	
3161	グラーフ・ツェッペリン(アズールレーン)	©
3162	クールビューティー	
3163	クレオパトラ(アズールレーン)	©
3164	クレイ(勝利の女神:NIKKE)	©
3165	クリスマス限定みんなの彼女	
3166	クリスタル(スターフォックス)	©
3167	クリスタル	
3168	クラリス	©
3169	クラウド	
3170	ギャル化	
3171	キルタイムコミュニケーション	
3172	キリン装備	
3173	キュアブラック	
3174	キュアハート	
3175	キャル(プリコネ)	©
3176	キャル	©
3177	キャミィ・ホワイト	©
3178	キスマーク	
3179	キサキ(ブルーアーカイブ)	©
3180	ガスマスク	
3181	ガイノイド	
3182	カーマ	
3183	カードキャプターさくら	©
3184	カメラさんもうちょっと下	
3185	カプレカ	
3186	カジノ	
3187	カイニス(Fate)	©
3188	オープンフィンガーグローブ	
3189	オークション	
3190	オリジナル作品	oc
3191	オマンコ	pussy
3192	オイルマッサージ	
3193	エログロ	guro
3194	エリシア(崩壊3rd)	©
3195	エフイーター(アークナイツ)	©
3196	エクセル・サーガ	
3197	エクエストリアガールズ	
3198	ウルトラヒロイン	
3199	ウタゲ(アークナイツ)	©
3200	イヴリン・シェヴァリエ	©
3201	インフィニット・ストラトス	
3202	イリュージョン	
3203	イカ腹	
3204	アーマーブレイク	
3205	アンドロイド	©
3206	アロナ(ブルーアーカイブ)	©
3207	アルトリア・オルタ(ランサー)	©
3208	アリーナ	
3209	アリナ・クローバー	©
3210	アリスソフト	
3211	アリシア	©
3212	アリサ・ミハイロヴナ・九条	
3213	アリサ・イリーニチナ・アミエーラ	©
3214	アメコミ	
3215	アマガミ	
3216	アビゲイル・ウィリアムズ(Fate)	©
3217	アニポケ	tm
3218	アナル舐めパイズリ	anus tongue tit
3219	アナニー	anus mast
3220	アスタロット	
3221	アサシン	
3222	アキ・ローゼンタール	©
3223	アイシャ	
3224	アイカツスターズ!	
3225	わんだふるぷりきゅあ!	
3226	わっふるわっふる	
3227	らんま1/	
3228	らんしゃま	
3229	らき☆すた	
3230	もんむす・くえすと!	
3231	めがね	
3232	みょんちち	
3233	まぼろしパンティ	
3234	まほあこ	
3235	まさかの本人	
3236	ぺこらママ	
3237	ぷよぷよ	tm
3238	ふたゆり	not_solo yuri
3239	ふた×女	
3240	びしょ濡れ	
3241	ひぐらしのなく頃に	
3242	ひかがみ	
3243	はえてない	
3244	のじゃロリババア狐さま	
3245	のじゃロリ	
3246	ねこむすめ道草日記	
3247	ぬらりひょんの孫	
3248	ぬえ	
3249	つけてない	
3250	だいしゅきホールド	
3251	たまも	
3252	そばかす	
3253	しりならべ	©
3254	さらし	expose
3255	けつね	ass-
3256	けしか藍	
3257	ぐだ子	
3258	お題箱	
3259	お菊さんが好き過ぎる人	
3260	お菊さん	
3261	お嬢様組曲	
3262	お兄ちゃんはおしまい	
3263	お乳さん	tit-
3264	おもちゃ	
3265	おむつ替え	
3266	おっぱいスカート	tit
3267	おっぱいキス	tit
3268	おじさん	
3269	おしゃぶり	
3270	おしっこ染み	uro
3271	おしっこパーティー	uro
3272	おいでませ!!自由風俗幻想郷2泊3日の旅	
3273	うちのこ	
3274	うさ耳	
3275	いばら姫(SPY×FAMILY)	©
3276	あの日見た花の名前を僕達はまだ知らない。	
3277	【ソロモンbitch】	
3278	【others】	
3279	yu-gi-oh!	
3280	yelan	
3281	yae_miko	©
3282	tongue	tongue
3283	thighs	
3284	tentacles	
3285	stuck	
3286	splatoon2	tm
3287	spanking	
3288	skullgirls	tm
3289	sailormoonredraw	
3290	rape	
3291	raiden_shogun	
3292	r18	
3293	princess	
3294	pixivRain2024	
3295	peeing	uro
3296	omorashi	uro
3297	nintendo	tm
3298	my_little_pony	tm
3299	muscle	
3300	mlp	
3301	lol	
3302	keqing	©
3303	jk	
3304	jessie	©
3305	jackochallenge	
3306	incest	
3307	illusion	
3308	hugebreasts	tit
3309	holoX	
3310	gaping	
3311	ganyu	©
3312	game	
3313	finalfantasy7	tm
3314	female	
3315	fantasy	
3316	enya	
3317	elf	
3318	drinking	
3319	cleavage	
3320	c86	event
3321	c81	event
3322	c79	event
3323	browndust2	tm
3324	bestiality	
3325	beatmaniaIIDX	tm
3326	bbc	
3327	anime	
3328	aerith	©
3329	Yバック	
3330	X-EROS	
3331	Wパイズリ	tit dick
3332	Varium	
3333	Varesa	
3334	Unleashed	
3335	Tフロント	
3336	TrickOrTreat2024	
3337	TS	
3338	Siege	
3339	Shylily	©
3340	SNK	tm
3341	SHOWBYROCK!!	
3342	SFM	
3343	RaidenShogun	
3344	Public	
3345	ProjectSekai	tm
3346	Poser	
3347	Pokemon	tm
3348	Pixelart	
3349	Patreon	
3350	P5	tm
3351	Overlord	
3352	Octane	
3353	NicoleDemara	©
3354	Nessa	©
3355	Melterna	
3356	Mei	©
3357	ME!ME!ME!	tm
3358	Label	
3359	Kuroka	
3360	KDA	tm
3361	Hilda	©
3362	HELLSING	tm
3363	GroupSex	not_solo sex
3364	Girl	
3365	Genesis3	
3366	GL	
3367	GF(仮)	
3368	G8F	
3369	Futanari	
3370	Fate/EXTRA-CCC	tm
3371	FF7R	tm
3372	Es	
3373	Equestria_Girls	tm
3374	EQG	tm
3375	Diesirae	
3376	DB	tm
3377	Commission	
3378	ChaosZeroNightmare	
3379	CeresFauna	
3380	COM3D2	
3381	CLOSERS	
3382	CFNM	
3383	CFNF	
3384	C105	event
3385	C102	event
3386	C101	event
3387	Bunnygirl	
3388	Boxing	
3389	BW	
3390	BSS	
3391	BASTARD!!	tm
3392	Ankha	©
3393	Android18	©
3394	Anal	anus insert
3395	Adjutant	©
3396	AI少女	
3397	AI-Generated	ai
3398	3dcg	not_ai
3399	ｵﾘｷｬﾗ	
3400	함몰유두	
3401	클로저스	
3402	카오스제로나이트메어	
3403	스카이림	
3404	데차	
3405	대현자만세	
3406	가슴	
3407	龍崎薫	©
3408	鼻ピアス	pierc
3409	鼻ザー	
3410	黒髪超ロング	hair-
3411	黒髪ポニーテール	hair-
3412	黒田那佳	©
3413	黒姫	
3414	黒咲芽亜	
3415	黒乳首	nip-
3416	黒下着	underwear
3417	黒ワンピ	
3418	黒マスク	
3419	黒タイツお漏らし	uro
3420	黒ストッキング	
3421	黒は女性を美しく見せる	
3422	黄金便	
3423	鹿目まどか	
3424	鹿田ココノツ	
3425	鷹守ハルカ	©
3426	鳳翔	
3427	鲨鱼妹	
3428	魔法少女リリカルなのは	
3429	魔法剣士アネモネ	
3430	魔法のスターマジカルエミ	
3431	魔女狩り	
3432	魔女っ子	
3433	魔兽世界	
3434	魅果	
3435	魅杏	
3436	鬼谷八荒	
3437	鬼方カヨコ	©
3438	鬼っぱい	tit
3439	駿河問い	
3440	駅弁	
3441	馬嫁	
3442	馬チンポ	
3443	馬	
3444	香澄夜空	©
3445	飲み物	
3446	飛行場姫	
3447	風野灯織	©
3448	風紀を乱す風紀委員	
3449	風倉モエ	
3450	顔隠し	
3451	顔責め	
3452	顔を埋めたい股間	
3453	顔に唾	mouth
3454	頭部破壊	
3455	音無小鳥	©
3456	鞭跡	
3457	静凛	
3458	青髪ロング	hair-
3459	露天風呂	
3460	露出菫子ちゃん	expose
3461	露出娘	expose
3462	霧矢あおい	©
3463	霍尔海雅	
3464	電気椅子	
3465	雷電影	
3466	雲雀(閃乱カグラ)	©
3467	雲雀	©
3468	雪風	
3469	雌犬	
3470	雌奴隷	
3471	隼鷹	
3472	隻狼	
3473	随喜自在第三外法快楽天	
3474	陽炎	
3475	陸震妖姫アラクネ	
3476	陸奥(艦隊これくしょん)	©
3477	陰キャ	
3478	陈千语	
3479	陈	
3480	阿良々木火憐	©
3481	阿米娅	
3482	間桐桜	©
3483	開拓者(スターレイル)	©
3484	閉じ込め	
3485	长离	
3486	镜流	
3487	鏡音リン	©
3488	鏑木ろこ	
3489	銜尾蛇	
3490	銀髪赤眼	
3491	鈴鹿御前(サンタ)	©
3492	鈴谷(アズールレーン)	©
3493	鈴谷	
3494	釣り針	
3495	金髪美女	
3496	金装のヴェルメイユ	
3497	金狮	
3498	野良猫	
3499	野球部	
3500	野球帽	
3501	野々原柚花のヒミツのハイシン	©
3502	野々原柚花	©
3503	酔っ払い	
3504	酒場	
3505	部分子宮脱	
3506	邵神韵	
3507	邪神ちゃんドロップキック	
3508	遺作	
3509	違う、そうじゃない	
3510	運動会	
3511	進撃の巨人	tm
3512	進化版童貞を殺すセーター	
3513	速水奏	©
3514	通常攻撃が全体攻撃で二回攻撃のお母さんは好きですか?	
3515	這いよれ!ニャル子さん	
3516	透視	
3517	逆流茶会	
3518	逆さ撮り	
3519	逆NTR	
3520	輪モロ	
3521	輝夜月	
3522	軟便	sca
3523	身体測定	
3524	足組み	
3525	足抱え	
3526	趣スケベマン	
3527	超速変形ジャイロゼッター	
3528	赤羽葉子	©
3529	赤毛	
3530	赤井はあと	
3531	赤ビキニ	swim
3532	赤ちゃんプレイ	
3533	赤ずきんちゃん	
3534	貫鎖	pierc
3535	貞子	©
3536	谷間ネクタイ	
3537	诱惑,捆绑,身体涂鸦,玩具	
3538	調月リオ(ラバースーツ)	©
3539	誕生日	
3540	診察	
3541	触装天使セリカ	
3542	触手マスク	
3543	角オナ	
3544	親子丼	
3545	親子	
3546	見抜き	
3547	見せハイレグパンツ	
3548	見せつけ	
3549	西連寺春菜	©
3550	褐色ロリ	loli
3551	褐色サキュバスさん	
3552	褌作戦	
3553	褌	
3554	複乳	tit
3555	裾上げタイツ脱ぎ	
3556	裸靴下	
3557	裸ワイシャツ	
3558	裸レインコート	
3559	裸スクールリボン	
3560	装甲悪鬼村正	
3561	血の繋がった夫婦	
3562	蟹股ポージング	
3563	蟲惑魔	
3564	融国	
3565	蛇姦	
3566	虹ヶ咲学園スクールアイドル同好会	
3567	虫責め	
3568	虎耳	
3569	虎城美耶子	©
3570	藤田ことね	©
3571	藤崎由愛	©
3572	藤寿々美	©
3573	藤原妹紅	
3574	藤丸立香	©
3575	藍原柚子	©
3576	薬物中毒	
3577	薬師寺さあや	©
3578	薬	
3579	蔵土縁紗夢	
3580	華満らん	
3581	菊地真	©
3582	菈烏瑪	
3583	菈乌玛	
3584	莫娜	
3585	茶髪ロング	
3586	茶髪	
3587	茨華仙	
3588	茨木童子(Fate)	©
3589	茉莉安	©
3590	英雄聯盟	
3591	苦労人魔王オスクロル	
3592	若林智香	
3593	花里みのり	©
3594	花菱はるか	©
3595	花海咲季	
3596	花子さん	©
3597	舌は性器	tongue
3598	臭い	
3599	自尊心粉砕	
3600	臀部	ass
3601	膝裏コキ	dick
3602	腹筋は性器	
3603	腹ボテ	
3604	腕掴みバック	
3605	腋見せ衣装	armpit costume
3606	腋汗	armpit
3607	腋巫女	armpit costume
3608	腋射	armpit
3609	脱子宮	
3610	脱いだらすごい	
3611	脚フェチ	
3612	脇見せ	
3613	脅迫	
3614	能代(アズールレーン)	©
3615	胸に手	
3616	背面騎乗位	
3617	背面合掌縛り	
3618	背景	
3619	肩紐ずらし	
3620	肩甲骨	
3621	股間責め	
3622	股布ずらし	
3623	肛交	anus insert
3624	肉鎧	
3625	肉祭	
3626	肉球手袋	
3627	肉ビキニ	swim
3628	聖闘士星矢	
3629	聖職者	
3630	聖夜艦娘	
3631	耳舐め	tongue
3632	翔鶴(アズールレーン)	©
3633	翔鶴	
3634	羽毛笔	
3635	義肢	
3636	美鈴	©
3637	美獣イザベラ	
3638	美樹さやか	©
3639	羊娘	
3640	绘画	
3641	约尔·布莱尔	
3642	縦パイズリ	tit dick
3643	縄	
3644	緑髪ロング	
3645	緑肌	
3646	緑川なお	©
3647	緊縛プレイ	bond
3648	綿月豊姫	
3649	綾瀬もも	©
3650	綺々羅々ヴィヴィ	
3651	綱渡り	
3652	続きを全裸待機	
3653	絶頂失禁	uro
3654	絶景	
3655	絶対領域	
3656	絞首刑	
3657	結城さくな	©
3658	経産婦	
3659	紳士向け	
3660	紳士のアロマテラピー	
3661	細川美樹	©
3662	紫式部(Fate)	©
3663	素足履き	foot-
3664	純狐ママ	
3665	精灵	
3666	粘着拘束	
3667	箱崎星梨花	©
3668	箱入り娘	
3669	筑摩	
3670	竿握り	
3671	立体視	
3672	空木	
3673	秋里夢女子	©
3674	秋津洲	
3675	福利	
3676	神無月葵	©
3677	神楽ちづる	©
3678	神戸屋	
3679	神崎アオイ	©
3680	神代類	
3681	祈り	
3682	磯風(艦隊これくしょん)	©
3683	硬乳	tit
3684	砾	
3685	破れた服	
3686	砂漠の戦士アサル	
3687	砂浜	
3688	石神のぞみ	
3689	石抱き	
3690	矢澤にこ	©
3691	着衣ぶっかけ	
3692	眼镜	
3693	真崎杏子	©
3694	真夏の行進曲	
3695	真咲・ガイヤール	©
3696	真中のん	©
3697	相田マナ	©
3698	目のクマ	
3699	監禁調教	
3700	百合手マン	not_solo yuri
3701	白黒ジャンヌ	
3702	白鷺千聖	©
3703	白魔道士	
3704	白髮	
3705	白金	
3706	白蛇のナーガ	
3707	白目	
3708	白水着	swim
3709	白发	
3710	白レン	
3711	白ニーソ	
3712	発情期	
3713	病みかわ	
3714	異人種間	
3715	男女女男	
3716	电刑	
3717	由良かなで	©
3718	田中摩美々	©
3719	生首	
3720	生靴下	
3721	生体ユニット	
3722	瑞鶴(アズールレーン)	©
3723	琼明神女录	
3724	琴	
3725	珊瑚宫心海	
3726	珂莱塔	
3727	玛薇卡	
3728	玉置亜子	
3729	玉枝様	©
3730	玉付き	
3731	獣人化	fantasy beast
3732	猫飯店	
3733	猫耳フード	
3734	猫耳バニー	
3735	猫星めてお	
3736	猫屋敷まゆ	
3737	猫宮又奈	©
3738	猟奇	
3739	狐のお嫁ちゃん	
3740	狂気	
3741	状態変化	
3742	犬飼こむぎ	©
3743	犬飼いろは	fantasy
3744	犬食い	beast
3745	犬山まな	©
3746	犬子さん	
3747	犬娘	fantasy
3748	犬プレイ	pet
3749	犬ション	
3750	物品化	
3751	爽やか	
3752	爱丽丝	
3753	爆乳美女	tit-
3754	熱血高校ドッジボール部CDサッカー編	
3755	無題	
3756	無限のフロンティア	
3757	無能なナナ	
3758	烈将ベリル	
3759	火あぶり	
3760	瀧鈴音	
3761	濡れ髪	
3762	澪	©
3763	澄闪	
3764	漏斗	
3765	溺器	
3766	源さくら	
3767	湊友希那	©
3768	温泉灌肠	
3769	渡鸦	
3770	混浴	
3771	淫液の湖	
3772	淫乱服	
3773	涼宮ハルヒ	©
3774	海水浴	
3775	海妹四葉	
3776	浦風	
3777	浦和ハナコ(水着)	swim ©
3778	浅黄ムツキ	©
3779	浅倉透	©
3780	洩矢諏訪子	©
3781	津島善子	©
3782	注乳	tit milk
3783	泣く	
3784	泣き虫	
3785	沖田総司(オルタ)	
3786	江風	
3787	汚れ	
3788	汁大量	
3789	汁だく	
3790	永琳	
3791	氷川日菜	©
3792	水羽ミモリ	©
3793	水着艦娘	© swim
3794	水着獅子王	swim
3795	水浴び	
3796	民族タトゥー	
3797	毛利蘭	
3798	母親	
3799	母性的女体	
3800	母子相姦	
3801	母乳が出そうな乳	tit milk
3802	殭屍	
3803	残念な美人	
3804	死滅のセクメト	
3805	歯型	
3806	歩き事後	
3807	正座	
3808	正妻空母	
3809	機動戦士GundamGQuuuuuuX	
3810	模写	
3811	樋口楓	
3812	榨乳	milk
3813	極太脱糞	sca
3814	極上の肉	
3815	極上の巨乳	tit
3816	椅子拘束	
3817	椅子	
3818	森村千尋	©
3819	梱包少女	
3820	梁星	©
3821	桑上カホ	©
3822	桐谷遥	©
3823	桃髪翠眼	
3824	桃園ミキ	©
3825	校园	
3826	柳生(閃乱カグラ)	©
3827	柊ナナ	©
3828	柊かがみ	©
3829	林雨霞	
3830	松葉崩し	
3831	松田亜利沙	©
3832	松浦果南	©
3833	松原花音	©
3834	東雲牧江	
3835	東條希	
3836	東方革装束	
3837	東方紐水衣	© swim
3838	東方悪堕ち	
3839	東方御脚拝	
3840	東北ずん子	
3841	束缚	
3842	未来	
3843	木馬	
3844	木之本桜	©
3845	朝比奈桃子	©
3846	朝比奈みくる	©
3847	服従のポーズ	
3848	服従	
3849	服の下に水着	swim
3850	月岡恋鐘	
3851	月夜のお姉さん狼	
3852	月城柳	
3853	月ノ美兎	
3854	晒し台	
3855	晒し	expose
3856	春野サクラ	©
3857	春菜	©
3858	星空育代	©
3859	星熊勇儀	©
3860	星宮いちご	
3861	星井美希	©
3862	星(スターレイル)	©
3863	明日方舟终末地	
3864	早坂愛	
3865	日野あかね	©
3866	旗袍	
3867	新見薫	©
3868	新条アカネ	©
3869	新年	
3870	新刊見本	
3871	新刊情報	
3872	斜め後ろハイアングル	
3873	斑鳩	©
3874	文野環	©
3875	敷かれたい尻	ass
3876	教会	
3877	敗北おもらし	uro
3878	政務官アンナ	
3879	放置play	
3880	撮影	
3881	援助交際	
3882	揉む	
3883	揉みしだきたい尻	ass
3884	捆綁	
3885	挿入直前	expose
3886	挟まれたい谷間/魅惑の谷間	
3887	挟まれたい太もも	
3888	挑発	
3889	指マン	
3890	拮抗するアンケート	
3891	拭いてない	
3892	拉致	
3893	扶桑	
3894	才羽モモイ	©
3895	手形	
3896	手办	
3897	手パンツ	
3898	手コキッス	mouth dick
3899	扇風機	
3900	戦闘員化	
3901	戦艦タ級	
3902	戦場ヶ原ひたぎ	
3903	我那覇響	©
3904	成年向き	
3905	憑依	
3906	悠久の車輪	
3907	怯え	
3908	性奴隶	
3909	性処理係	
3910	志田佳奈	©
3911	微乳	tit
3912	復讐のいじめ展	
3913	影絵	
3914	強制飲尿	uro mouth
3915	幽々子	
3916	幻獣姫	
3917	干支娘	
3918	帽子おさえ	
3919	布越し	
3920	布洛妮娅	
3921	市原仁奈	©
3922	巨根ショタ	
3923	巨乳少女は触手に勝てない	tit
3924	巨乳スカトロ	tit sca
3925	州光	
3926	島田愛里寿	©
3927	山奈ミラ	©
3928	山城恋	©
3929	山城	©
3930	展示	
3931	尿道オナニー	expose mast
3932	尾張	©
3933	尾岸マナ	©
3934	尻突き上げ	ass
3935	尻ワイパー	ass
3936	少女誘惑中	
3937	少女☆歌劇レヴュースタァライト	
3938	小鳥遊六花	©
3939	小早川紗枝	©
3940	小川ひかる	
3941	小原鞠莉	©
3942	小便ぶっかけ	uro cum
3943	射命丸	
3944	封神演義	
3945	対魔忍ムラサキ	
3946	対魔忍パロ	
3947	対魔忍サクラ	
3948	対面立位	
3949	寸止め	
3950	寫真	
3951	寝技	
3952	寄生	
3953	宮本武蔵(水着)	swim ©
3954	宮本武蔵	©
3955	宮本フレデリカ	
3956	実験	
3957	安洁莉娜	
3958	安心の白	
3959	安克雷奇	
3960	守望先锋	
3961	宇沢レイサ	©
3962	學生	
3963	子宮姦	
3964	子宮ピアス	pierc
3965	子宮	
3966	子作り	
3967	婦警	
3968	婊子	
3969	威尔士亲王	
3970	姫森ルーナ	©
3971	姉崎まもり	©
3972	姉妹夫婦	
3973	姉妹丼	
3974	妹とご主人さま。	
3975	妖精弓手	
3976	妖狐	
3977	妖しく光る眼	
3978	奴隸	
3979	奴隷競売シリーズ	
3980	奴隷犬	fantasy sm
3981	奴隶	
3982	女調理	
3983	女装ショタ	
3984	女縄	
3985	女攻め	
3986	女性視点	
3987	女性器	
3988	女性協力者	
3989	女性優位	
3990	女幹部	
3991	女天狗(DOA)	©
3992	女体	
3993	女ザコ	
3994	女の子ドリンクバー	
3995	女の子のおちんちん	dick
3996	奈羅花	
3997	太股	
3998	太ももコキ	thigh dick
3999	天龍	
4000	天甜	
4001	天気の子	
4002	天城(アズールレーン)	©
4003	天使の笑顔	
4004	天乃リリサ	©
4005	天上院明日香	©
4006	大鯨	
4007	大戦隊ゴーグルファイブ	
4008	大平原の小さな胸	
4009	大場なな	©
4010	夢魔	
4011	夜這い	
4012	夜兰	
4013	夜ノ森小紅	
4014	夕陽リリ	
4015	夕立改二	
4016	壱百満天原サロメ	
4017	壁紙	
4018	壁乳	milk
4019	境界線上のホライゾン	
4020	塗ってもいいのよ	
4021	堵嘴	
4022	城ヶ崎姉妹	
4023	城ケ崎莉嘉	©
4024	城ケ崎美嘉	©
4025	埋め込み	
4026	垂乳	tit
4027	坎特蕾拉	
4028	场景	
4029	地雷系女子	
4030	地下城与勇士	
4031	圧倒的胸囲	
4032	土萌ほたる	©
4033	園田智代子	©
4034	国漫	
4035	国木田さくら	©
4036	固定バイブ	
4037	四宮かぐや	
4038	四季映姫	
4039	噴乳に定評のあるサチト氏	tit
4040	器具	
4041	噛み跡	
4042	喫茶狐狸狐狸	
4043	商業イラスト	
4044	咲	©
4045	咥え髪留め	mouth
4046	和風	
4047	和実ゆい	©
4048	和姦	
4049	和メイド	
4050	吸い付く膣	pussy
4051	君影唯	©
4052	吊革少女	
4053	吉弔八千慧	©
4054	史尔特尔	
4055	只野ヨシモブ	©
4056	古賀小春	©
4057	古見さん	©
4058	古明地さとり	
4059	口内発射	cum mouth
4060	口内	mouth
4061	口交	mouth
4062	叢雲	
4063	双马尾	
4064	双海真美	©
4065	双海亜美	©
4066	原村和	©
4067	卵管	
4068	卵巣	
4069	即堕	
4070	即入渠	
4071	卡芙卡	©
4072	半透明バニー	
4073	千斗いすず	
4074	千代田桃	©
4075	十王星南	
4076	十波麻耶	©
4077	十字架	
4078	十六夜ノノミ(水着)	swim ©
4079	十二神将(グラブル)	©
4080	北条響	©
4081	包帯	
4082	動画	
4083	動物の仔	
4084	動物から学ぶポーズマニアックス	
4085	創作百合	
4086	剥ぎ取りそうなパンツ	
4087	剣闘士	
4088	剣崎真琴	©
4089	剣の乙女(ゴブリンスレイヤー)	©
4090	剣	
4091	剛烈剣マヒル	
4092	前面はだけ	
4093	剃毛	
4094	刺玫	
4095	刺殺	
4096	列克星敦	
4097	分娩台	
4098	刀	
4099	処女膜	
4100	写真	
4101	再利用	
4102	内射	
4103	六根清浄	
4104	公開チクニー	
4105	八重歯っ娘	
4106	八百万百	
4107	八津紫	
4108	八宮めぐる	©
4109	八坂神奈子	©
4110	入れ替わり	
4111	兜合わせ	
4112	兔女郎	
4113	儒烏風亭らでん	
4114	僕の心のヤバイやつ	
4115	僕だけの爆乳オナメイド	tit
4116	僕がトイレさ	uro+
4117	傷物語	
4118	催眠オナニー	sm mast
4119	偽装拘束	
4120	偽物語	
4121	健康診断	
4122	停雲	
4123	偏るアンケート	
4124	俺ガイル	
4125	便所掃除	uro toilet
4126	依頼絵	
4127	例大祭9	
4128	例大祭12	
4129	例の紐	
4130	作者失踪シリーズ	
4131	体内放尿	uro pussy
4132	体内拘束	
4133	佐竹美奈子	©
4134	佐倉杏子	©
4135	佐々木千枝	©
4136	佐々城	
4137	优菈	
4138	伊26(アズールレーン)	©
4139	任天堂娘	
4140	令嬢	
4141	付け耳	
4142	人間家具	
4143	人間♂×ポケモン♀	©
4144	人造人間18号	©
4145	人狼	
4146	人体改造	
4147	亜麻音	©
4148	五十鈴(艦隊これくしょん)	©
4149	二穴責めしたい構図	
4150	二次創作にオリジナルタグ	oc
4151	二次創作	
4152	二年後	
4153	乳首連結	nip
4154	乳首責め騎乗位	nip
4155	乳首拡張	nip
4156	乳首当てゲーム	nip
4157	乳首合わせ	nip
4158	乳首リード	nip
4159	乳首ピアス/クリピアス	clit nip pierc
4160	乳首チェーン	nip
4161	乳頭	nip
4162	乳輪ピアス	nip pierc
4163	乳絞り	tit milk
4164	乳潰し	milk
4165	乳柱	tit
4166	乳摇	milk
4167	乳搾り	milk
4168	乳挟み	tit
4169	九条裟羅	
4170	九尾の狐	
4171	乙倉悠貴	©
4172	主従逆転	sm
4173	丹花イブキ	©
4174	中野五月	
4175	中だし	
4176	両乳吸い	tit
4177	丝柯克	
4178	不知火フレア	
4179	不知火	
4180	不思議の国のアリス	
4181	下腹部定規	
4182	下着姿	
4183	下倉メグ	
4184	下セカ	
4185	上目遣い	
4186	上条ゆり	
4187	上ズレ	
4188	三浦あずさ	©
4189	三村かな子	©
4190	三日月閑	
4191	三好夏凛	©
4192	三世村正	
4193	七瀬千緒	©
4194	七瀬サキ	©
4195	七瀬すず菜	©
4196	七海	©
4197	七津星	
4198	七尾百合子	
4199	一般人(アクダマドライブ)	©
4200	ヴェルマ・ディンクレー	
4201	ヴェプリー	
4202	ヴィーラ	
4203	ヴィクトリアス(アズールレーン)	©
4204	ヴィエラ	
4205	ヴァーミル(アークナイツ)	©
4206	ヴァンパイアセイヴァー	
4207	ヴァルカン	
4208	ヱヴァンゲリヲン新劇場版	tm
4209	ヱヴァンゲリヲン	tm
4210	ワンワンとニャーの日	
4211	ワンパンマン	tm
4212	ロングスカート	
4213	ロリ巨乳伝	tit loli
4214	ロリニティ	
4215	ロゼッタ	©
4216	ロクサーヌ(異世界迷宮でハーレムを)	©
4217	ロクサーヌ	©
4218	レン	©
4219	レミリア・スカーレット	©
4220	レベッカ(エッジランナーズ)	©
4221	レッグバインダー	
4222	レズセックス	not_solo yuri sex
4223	レスリング	
4224	レザー	
4225	レオナ・ハイデルン	©
4226	レイプ魔	
4227	レイプランド	
4228	ルージュ	©
4229	ル・マラン(アズールレーン)	©
4230	ルプスレギナ・ベータ	
4231	ルカリオ	
4232	ルカシリーズ	
4233	ルカぱい	
4234	リーリア(SiNiSistar)	©
4235	リーフ(トレーナー)	©
4236	リン・ユーシャ(アークナイツ)	©
4237	リン(ゼンゼロ)	©
4238	リン	
4239	リリカルなのは	
4240	リリィ(スパイ教室)	©
4241	リリアン	©
4242	リモコンバイブ	
4243	リブソックス	
4244	リノア	©
4245	リネット(原神)	©
4246	リセの蟲惑魔	
4247	リサ(原神)	©
4248	リグル総攻め	
4249	リグル・ナイトバグ	
4250	ラムレム	©
4251	ラムレザル=ヴァレンタイン	©
4252	ラミ	©
4253	ラブリーマイエンジェルあやせたん	©
4254	ラブライブ	
4255	ラフィン・コフィン	©
4256	ラフ	content
4257	ラピ(勝利の女神:NIKKE)	©
4258	ラッキーホール	
4259	ラグナロク	
4260	ラウマ	
4261	ライダー(Fate/staynight)	©
4262	ライダー	©
4263	ヨーコ・リットナー	©
4264	ヨーコ	©
4265	ヨーグルト	
4266	ヨルさんの営み	
4267	ヨル(チェンソーマン)	©
4268	ヨハネ	
4269	ユルマン	
4270	ユリ=アスマ	not_solo yuri
4271	ユリ	
4272	ユフィ	©
4273	ユニフォーム	
4274	ユキカゼ・パネトーネ	
4275	ユウキ	©
4276	ユイ(プリコネ)	©
4277	ヤンこれ	
4278	ヤリマン	
4279	ヤマト	©
4280	ヤバイですね!	
4281	ヤシロ・モモカ	
4282	ヤイア	
4283	モーモーミルク	milk
4284	モン娘	
4285	モニカ・ヴァイスヴィント	©
4286	モココ・アビスガード	©
4287	メルタナ	
4288	メス堕ち	
4289	メカ	
4290	メイドインワリオ	
4291	メイトコ	
4292	メイデン(勝利の女神:NIKKE)	©
4293	メイク	
4294	メイっぱい	tit
4295	メアリー(勝利の女神:NIKKE)	©
4296	ムーナ・ホシノヴァ	©
4297	ムサシ	©
4298	ミルコ	©
4299	ミルクサーバー	milk
4300	ミュラスの村	
4301	ミハラ(勝利の女神:NIKKE)	©
4302	ミニスカ	
4303	ミヅキ(トレーナー)	©
4304	ミソラ(プリコネ)	©
4305	ミク	©
4306	ミカサ・アッカーマン	©
4307	ミカサ	
4308	マーニャ	
4309	マンモグラフィー	tit
4310	マンチラ	
4311	マンスジ	
4312	マンガ	
4313	マンイーター	
4314	マルタ(Fate)	©
4315	マリン船長	
4316	マリオ	©
4317	マリィ	©
4318	マフラー	
4319	マッチョ	
4320	マスクギャグ	
4321	マスカーニャ	©
4322	マジカルエミ	
4323	マコト(プリコネ)	©
4324	マギサ(グラブル)	©
4325	ポロリもあるよ	
4326	ポロリ	
4327	ポケモンパフォーマー	©
4328	ポケモンカード	©
4329	ポケカ	©
4330	ボブ	
4331	ボディペインティング	
4332	ボテ	
4333	ホノルル(アズールレーン)	©
4334	ペナンス(アークナイツ)	©
4335	ペチコート	
4336	ベルファスト	
4337	ベルバスト	
4338	ベルト	
4339	ベルダンディー	
4340	ベリィ	
4341	ベリアル	©
4342	ベヒ猫	
4343	ベイ(勝利の女神:NIKKE)	©
4344	ベアトリクス・アメルハウザー	©
4345	ベアトリクス(グラブル)	©
4346	ヘルム(勝利の女神:NIKKE)	©
4347	ヘルテイカー	
4348	プロの犯行	
4349	プリンツ・ハインリヒ(アズールレーン)	©
4350	プリンツ・オイゲン(艦隊これくしょん)	©
4351	プリパラ	
4352	ブレストスムーザー	tit
4353	ブレイブソード×ブレイズソウル	
4354	ブレイズ(アークナイツ)	©
4355	ブランコ	
4356	ブラックサバイバル	
4357	ブラジル水着	swim
4358	ブラサバER	
4359	ブラサバ	
4360	ブラウンダスト	tm
4361	ブラウス	
4362	フローラ(DQ5)	©
4363	フレームバインダー	
4364	フレン・E・ルスタリオ	©
4365	フレイヤ	
4366	フリー素材	
4367	フリーナ(原神)	©
4368	フリーナ	
4369	フランチェスカ・ルッキーニ	
4370	フェンリル	
4371	フェリ(グラブル)	©
4372	フェラマスク	mouth dick
4373	フェラチオジェスチャー	mouth dick
4374	フェイト・テスタロッサ	tm
4375	フェイト	tm
4376	フェイスハガー	
4377	フェアリー	
4378	フウロ	
4379	フウカ(スプラトゥーン)	©
4380	フィットネスウェア	
4381	フィギュア化	
4382	フィギュアぶっかけ	
4383	ファンタシースターオンライン2	
4384	ファルザン	
4385	ファイナルファンタジーⅥ	tm
4386	ファイアーエムブレムif	tm
4387	ピクボイス	
4388	ピアッシング	pierc
4389	ビルドファイターズトライ	
4390	ビュービュー系	
4391	ビフォーアフター	
4392	ビビッドカラー	
4393	ビビアン(ゼンゼロ)	©
4394	ビビ	
4395	ビジネススーツ	
4396	ビアンカ(DQ5)	©
4397	ヒール	
4398	ヒロイン	
4399	ヒルチャール	
4400	ヒトイヌ拘束	pet sm
4401	ヒアンシー	
4402	パンティー	
4403	パンティ&ストッキング	
4404	パワー	
4405	パルテナの鏡	
4406	パルスィ	
4407	パシフィック・リム	
4408	パイズールレーン	tit dick
4409	バーチャルYoutuber	
4410	バブみ	
4411	バニー影狼	
4412	バニファン	
4413	バニスタイン・ファンタジー	
4414	バナナ	
4415	バトルファック	insert
4416	バッチ(アズールレーン)	©
4417	バター犬	beast
4418	バスタード	
4419	バクマン。	
4420	バイセクシャル	
4421	ハーレイ・クイン	
4422	ハーピィ	
4423	ハードスカトロ	sca
4424	ハミション	
4425	ハトプリ	
4426	ハズレ枠の【状態異常スキル】で最強になった俺がすべてを蹂躙す	
4427	ハシビロコウ(けものフレンズ)	©
4428	ハウデン・リーウ	
4429	ハイキュー!!	
4430	ネージュ・ハウゼン	©
4431	ネロ・クラウディウス(水着)	swim ©
4432	ネロ・クラウディウス	©
4433	ネリッサ・レイヴンクロフト	
4434	ネモ	
4435	ネトゲの嫁は女の子じゃないと思った?	
4436	ネイルカイザー	
4437	ニュージャージー(アズールレーン)	©
4438	ニュイ・ソシエール	
4439	ニヤニヤ教授	
4440	ニャル子	
4441	ニトクリス(水着)	swim ©
4442	ニップルピアス	nip pierc
4443	ニップルストレッチャー	nip
4444	ニット	
4445	ニコ	©
4446	ニケ(勝利の女神:NIKKE)	©
4447	ニケ	
4448	ニィロウ	
4449	ナフェ	
4450	ナターリア(シンデレラガールズ)	©
4451	ナターリア	
4452	ナズーリン	
4453	ナイロール	
4454	ナイチンゲール(アークナイツ)	©
4455	ナイチンゲール	
4456	ドーラ(にじさんじSEEDs)	©
4457	ドロドロ	
4458	ドロシー(勝利の女神:NIKKE)	©
4459	ドレミー・スイート	
4460	ドルフィンウェーブ	
4461	ドラゴンネスト	
4462	ドラゴンクエスト6	tm
4463	ドラゴンクエスト4	tm
4464	ドラクエ11	tm
4465	ドラクエ10	tm
4466	ドラえもん	
4467	ドヤ顔	
4468	ドット	
4469	ドスケベ礼装	
4470	ドクター(アークナイツ)	©
4471	ドイッチュラント(アズールレーン)	©
4472	ドすけべペンギン	
4473	トナカイ	
4474	トガヒミコ	©
4475	トイレの花子さん	© toilet
4476	トイレお漏らし	uro toilet
4477	デート・ア・ライブ	
4478	デ・ジ・キャラット	
4479	デリヘル	
4480	デビルサバイバー	
4481	デニムスカート	
4482	デニム	
4483	デスチャ	tm
4484	デカァァァァァいッ説明不要!!	
4485	デイモン姉妹	
4486	ディフェンスに定評のある尻尾	
4487	ディズィー	©
4488	テイルス	
4489	ティアマト(Fate)	©
4490	ティア	
4491	ツムギ(プリコネ)	©
4492	ツインドリル	
4493	チリ(トレーナー)	©
4494	チョコレート	
4495	チョコまみれ	
4496	チャチャ	
4497	チャイナレオタード	
4498	チェン(アークナイツエンドフィールド)	©
4499	チェシャー(アズールレーン)	©
4500	チアリーピンク	
4501	チアリーダー	
4502	ダージリン(GuP)	©
4503	ダークギャザリング	
4504	ダリフラ	
4505	ダブルフェラ	mouth dick
4506	ダブルバイブ	
4507	ダクネス(このすば)	©
4508	ダクトテープ	
4509	ダイナマイトボディ	
4510	タンツボ	
4511	タレ目	
4512	タコゾネス	
4513	タコガール	
4514	タカミン	
4515	タイトスカート	
4516	タイツおもらし	uro
4517	ゾンビランドサガ	
4518	ゾン100〜ゾンビになるまでにしたい100のこと〜	
4519	ソードガールズ	
4520	ソーサレス(ドラゴンズクラウン)	©
4521	ソラ(勝利の女神:NIKKE)	©
4522	ソニア(ポケモン)	©
4523	ソシエ(グラブル)	©
4524	ゼノブレイド	
4525	ゼノビア(Fate)	©
4526	ゼノサーガ	
4527	ゼタ(グラブル)	©
4528	ゼシカ・アルバート	©
4529	ゼシカ	©
4530	セーラー水着	swim
4531	セーラー戦士	©
4532	セーラーレオタード	
4533	セーラームーン(キャラクター)	©
4534	セントルイス	
4535	セン(グラブル)	©
4536	セレナ	©
4537	セレスティン・ルクルス	©
4538	セルフ調教	
4539	セルフおしっこシャワー	uro
4540	セリカ	©
4541	セリィ	©
4542	セラムン捕らわれシリーズ	
4543	セラス・ヴィクトリア	©
4544	セラス・アシュレイン	©
4545	セミヌード	
4546	セブンスドラゴン	
4547	セニア=ロータス	©
4548	セウト	
4549	スーパーロボット大戦X-Ω	tm
4550	スーパーロボット大戦	tm
4551	スルト(アークナイツ)	©
4552	スライム娘	
4553	スライム	
4554	スポーツウェア	
4555	スポブラ	
4556	スペルマ	cum
4557	スペインの蜘蛛	
4558	スプレンディッド・ギア	
4559	スプラトゥーン3	tm
4560	スパイ	
4561	スニーカー	
4562	スト鉄	
4563	ストレッチ	
4564	ストパン	
4565	ステレオグラム	
4566	スターライトステージ	
4567	スタイリッシュ放尿	uro
4568	スグぱい	tit
4569	スクービー・ドゥー	
4570	スカートコキ	dick
4571	スカリフィケーション	
4572	スカトロ配信	sca
4573	スカトロ女教師	sca
4574	ジータ(グラブル)	©
4575	ジン・グンヒルド	
4576	ジンオウ装備	
4577	ジュンサー	
4578	ジュビア	
4579	ジュエリーアナルプラグ	anus
4580	ジャイロゼッター	
4581	ジッパー	
4582	ジェーン・ドゥ(ゼンゼロ)	©
4583	シロコ(ブルーアーカイブ)	©
4584	シロコ	©
4585	シルエット	
4586	シリコンチェーンソー	
4587	シリアス	
4588	ショタおね	
4589	ショアキーパー	
4590	シュヴァルツ(アークナイツ)	©
4591	シャークリー	clit
4592	シャンプー(らんま1/2)	©
4593	シャワールーム	
4594	シャワーズ	
4595	シャルロット(原神)	©
4596	シャルロット	©
4597	シャミ子	
4598	シャドウバース	
4599	シャッテ・ジュードヴェステン	©
4600	シャイニング(アークナイツ)	©
4601	シニシスタ	
4602	シックスナイン	
4603	シズル(プリコネ)	©
4604	シスター・クレア	
4605	シコビロコウ	
4606	シェフィールド(アズールレーン)	©
4607	シア・フラットパディ	
4608	ザ・ビースト	
4609	サーバルちゃん	
4610	サーナイト	
4611	サレン	
4612	サリア(アークナイツ)	©
4613	サムライ	
4614	サムス・アラン	
4615	サナ(トレーナー)	©
4616	サトシ(アニポケ)	©
4617	サザレ	
4618	サザキ・カオルコ	©
4619	サグぱい	tit
4620	サキュバステードライフ	
4621	サイバーパンク:エッジランナーズ	
4622	サイバー	
4623	ゴーグルピンク	
4624	ゴム射	cum
4625	ゴブリン姦	
4626	ゴシック娘	
4627	コントーション	
4628	コミックメガストアα	
4629	コミックマーケット97	event
4630	コミックマーケット95	event
4631	コミックマーケット	
4632	コミックマグナム	
4633	コミックグレープ	
4634	ココナッツヒツジ	
4635	ケモロリ	
4636	ケモスカ	
4637	ケモ	
4638	ケフィア	
4639	グレンラガン	
4640	グレア(神撃のバハムート)	©
4641	グリッドマンユニバース	
4642	グラン(グラブル)	©
4643	グム(アークナイツ)	©
4644	クールビズ	
4645	クン二	
4646	クロッチ	
4647	クロスホルターネック	
4648	クレイジーサイコレズ	
4649	クリーム・ザ・ラビット	
4650	クリリング	clit
4651	クリムゾン	
4652	クリトリスリング	clit
4653	クリスマスツリー	
4654	クリキャップ	clit
4655	クリ	clit
4656	クラグラ	
4657	クラウド・ストライフ	
4658	クラウディア・バレンツ	©
4659	クムユ	
4660	ギレーヌ・デドルディア	
4661	ギリシャ型	
4662	ギャン子	
4663	ギャングロード	
4664	ギャルごはん	
4665	ギター	
4666	キングテレサ姫	
4667	キリングバイツ	
4668	キリン	
4669	キラッとプリ☆チャン	
4670	キューティーハニーF	
4671	キュアワンダフル	
4672	キュアメロディ	
4673	キュアミューズ	
4674	キュアフレンディ	
4675	キュアビューティ	
4676	キュアサニー	
4677	キャバレー	
4678	キツネ	
4679	キック	
4680	キアナ・カスラナ	©
4681	ガールフレンド(仮)	©
4682	ガールズラブ	
4683	ガヴリールドロップアウト	
4684	ガラスの靴	
4685	ガムテ猿轡	
4686	ガムテープ	
4687	カーマ(Fate)	©
4688	カーナ・リナ・シュタール	©
4689	カードビルダー	
4690	カレラ(VIPER)	©
4691	カルテジア	
4692	カリフラ	
4693	カリオストロ	
4694	カミラ	©
4695	カットジーンズ	
4696	カチューシャ	
4697	カタリナ・アリゼ	
4698	カスタムメイド3D2	
4699	オーバーニー	
4700	オーバーオール	
4701	オーク姦	
4702	オリガ・ディスコルディア	©
4703	オリカ	
4704	オフィス	
4705	オパラ女王の伝説	
4706	オナニーの日	mast
4707	オッパイワレメ	tit
4708	オカルトマニア(XY)	©
4709	エード(勝利の女神:NIKKE)	©
4710	エード	
4711	エーテルゲイザー	
4712	エンドフィールド	
4713	エンタープライズ(アズールレーン)	©
4714	エンジェルブレイド	tm
4715	エロ配信	
4716	エロ自撮り	expose
4717	エロメイド	
4718	エロナース	
4719	エロステータス	
4720	エルフェルト=ヴァレンタイン	
4721	エルフ(ドラゴンズクラウン)	©
4722	エルザ	
4723	エリーン	
4724	エリシス	
4725	エリザベート・バートリー	
4726	エリみほ	
4727	エメラダ	
4728	エミー・ローズ	
4729	エピス	
4730	エステル	
4731	エステリーゼ・シデス・ヒュラッセイン	
4732	エジプト型	
4733	エウルア・ローレンス	©
4734	エアティ	
4735	ウンチ	sca
4736	ウンコ	sca
4737	ウサギ	
4738	ウォースパイト	
4739	ウエディング	
4740	ウエイトレス	
4741	ウィンク	
4742	イーブイ	
4743	イヴリン・シュヴァリエ	©
4744	イヴリン・シェパイエ	©
4745	イヴォンヌ(エンドフィールド)	©
4746	イヴ(Stellar_Blade)	©
4747	イヴ	
4748	インピオ	
4749	インドミタブル(アズールレーン)	©
4750	インクリング	
4751	イルル	
4752	イリヤ	
4753	イラマチオハンドル	throat
4754	イラスト集	
4755	イドリー	
4756	イチャラブ	
4757	イシズ・イシュタール	©
4758	イキション	
4759	アーリャ	©
4760	アーリ	©
4761	アーニャ	
4762	アーチフェラ	mouth dick
4763	アーシア・アルジェント	©
4764	アークザラッド	tm
4765	アンヘル(KOF)	©
4766	アンヘル	©
4767	アンダーリム	
4768	アンジュ・カトリーナ	©
4769	アンジェリーナ	©
4770	アルレッキーノ(原神)	©
4771	アルレッキーノ	
4772	アルベド(オーバーロード)	©
4773	アルベド	
4774	アルビノ	
4775	アルトリア・オルタ	©
4776	アルテラ	©
4777	アリーナ姫	
4778	アリスギア	
4779	アリシア(グラブル)	©
4780	アリサ・サザンクロス	
4781	アリアンロッド	
4782	アリぱい	
4783	アラ	
4784	アメリカンスリーブ	
4785	アマゾン	
4786	アホ毛	
4787	アホの子	
4788	アベル	
4789	アヘ顏	
4790	アヌビス	
4791	アニメ塗り	
4792	アニメの	
4793	アニマス	
4794	アナーキー・ストッキング	
4795	アナログ絵	not_ai
4796	アナログイラスト	not_ai
4797	アナル責め	anus
4798	アナル固め	anus
4799	アナルディルド	anus toy
4800	アナルゼリー	anus
4801	アナルオナニー	anus mast
4802	アダルトビデオ	
4803	アストルフォ	©
4804	アストラ・ヤオ	©
4805	アコ	
4806	アクア	©
4807	アウラ(FF14)	©
4808	アイリス(ポケモン)	©
4809	アイドル部	
4810	アイドルマスターDS	tm
4811	アイドルマスター2	tm
4812	アイスピック	
4813	アイシールド21	
4814	アイシ	
4815	アイカツ	
4816	アイちゃん	
4817	るーみっく	
4818	よこちち	
4819	よう実	
4820	ようこそ実力至上主義の教室へ	
4821	ゆんゆん	©
4822	ゆゆ式	
4823	ゆずソフト	
4824	ゆぎぱい	
4825	ゆからん	
4826	ゆうかぱい	
4827	もんむす・くえすと!ぱらどっくすRPG	
4828	ももぷく	
4829	もふもふ	
4830	めぐみん(このすば)	©
4831	むろみさん	©
4832	みつば	©
4833	みつどもえ	
4834	みっぱい	tit
4835	みさこ	©
4836	みおーん絵	
4837	まんざらでもない	
4838	まんぐり	
4839	まりあ姉	
4840	ぽいぬ	
4841	ぼっちちゃん	©
4842	ほくろ	
4843	ぺろぺろ	tongue
4844	べんむす	
4845	へそ責め	
4846	へそチラ	
4847	ぷるんぷるん天国	
4848	ふたプリ	
4849	ふたりはプリキュアMaxHeart	tm
4850	ふたりはプリキュア	
4851	ふくれっ面	
4852	ひまくりカレンダー	
4853	ひぐらし	
4854	ひぎぃ	
4855	ぱふぱふ	
4856	ぱすてるメモリーズ	
4857	ばくおん!!	
4858	はめふら	
4859	はみ乳	tit milk
4860	はみパン	
4861	はだかっぱ	
4862	のせてんのよ	
4863	のけぞり絶頂	
4864	ねずみみ	
4865	ねこ娘	
4866	にあみぃ	©
4867	なにこれ超エロい	
4868	なにこれ可愛い	
4869	なにこれかっこいい	
4870	なでなで	
4871	なちょ猫	
4872	とびっこ散歩	
4873	とびっこ	
4874	つるぺた	
4875	ちんちんリボン	
4876	ちんちん	
4877	ちょんまげ	
4878	ちっぱいズリ	tit
4879	そしてこのプロフ絵である	
4880	ずらし事後	
4881	すーぱーぽちゃ子	
4882	すりみ連合	
4883	すのはら荘の管理人さん	
4884	すじチラ	
4885	じっくりとマゾ奴隷に仕上げましょう	
4886	しょた	
4887	しょうがないにゃあ	
4888	しまぱん	
4889	しずかちゃん	©
4890	しぐれうい	
4891	さんかれあ	
4892	さなえさんこっちです	
4893	さきみこ	©
4894	さいみん!	
4895	ご奉仕	
4896	これはいいふともも	
4897	こよりすけっち	
4898	こまちち	
4899	こどものじかん	
4900	こあぱい	
4901	けしからん女体	
4902	ぐだ鈴	
4903	ぐだ男	
4904	ぐだ玉藻	
4905	くびれ	
4906	くぱぁ放尿	uro
4907	きんいろモザイク	
4908	きれい	
4909	きょぬーまる	
4910	きなこ(嫌パン)	©
4911	きなこ(リアルタイプ)	©
4912	きつね娘	
4913	がっこうぐらし!	
4914	かわいいお尻	ass
4915	かみ★おな	
4916	かきあげ	
4917	お盆の上にアダルトグッズ	
4918	お燐	
4919	お漏らしのアーク	uro
4920	お尻叩き	
4921	お尻ペンペン	ass
4922	お嬢様特急	
4923	お嬢様学園	
4924	お姉チャンバラ	
4925	おひねり	
4926	おねジジ	
4927	おにまい	
4928	おにぎり	
4929	おなら	
4930	おなか	
4931	おっぱまどか	
4932	おっぱい注射	tit
4933	おっぱいチャレンジ	tit-
4934	おっぱいの日	tit-
4935	おっぱいのついたイケメン	tit
4936	おしっ娘	uro
4937	えろいほんツリーズ	
4938	えっちなおっぱい	tit
4939	うんちおもらし	uro sca
4940	うままけ	
4941	うにゅぱい	
4942	うどんげ	
4943	うっ血	
4944	うちのねこが女の子でかわいい	
4945	うずまきナルト	©
4946	いとこ	
4947	いっぱい出たね	cum
4948	いただきっ!セーエキ♥	
4949	いい顔	
4950	いい表情	
4951	あわ家	
4952	あわch	
4953	あやね(DOA)	©
4954	あへ顔	
4955	あなるビッチギャルシリーズ	
4956	あなる	©
4957	あずまんが大王	©
4958	あぐら縛り	
4959	あくあーと	
4960	【pixivスワッピング】	
4961	♀R-18	
4962	№38	©
4963	zbrush	
4964	zani	
4965	yuri	not_solo yuri
4966	yidhari	
4967	watersports	uro
4968	wapeachfanart	©
4969	vup	
4970	vocaloid	©
4971	virt_a_mate	
4972	vam	
4973	v-tuber	
4974	usersタグ整理推奨	
4975	uroboros	
4976	underwear	
4977	uncensored	
4978	twintails	
4979	transfur	
4980	tomboy_slut	
4981	tifalockhart	©
4982	tentacle	
4983	tcg	
4984	swimsuit	swim
4985	streetfighter	
4986	splatoon	tm
4987	solo	
4988	snowbreak	
4989	small_breasts	tit
4990	sm	
4991	slut	
4992	skyrim	
4993	shotacon	
4994	shota	
4995	shortstack	
4996	shantae	
4997	shame	
4998	selfpiss	uro
4999	sasami_masaki_jurai	
5000	salmon88	
5001	rosa	©
5002	robin	©
5003	rkgk	content
5004	riskyboots	©
5005	pvc	
5006	poop	sca
5007	play	
5008	pixivSakuraFestival2024	content
5009	pixivGlowEffect	content
5010	pissdrinking	uro mouth
5011	photonlanccer	
5012	oral	mouth
5013	onepiece	
5014	ohyeeeeeah	
5015	oc	oc
5016	nurse	
5017	nipples	nip
5018	nipplefuck	nip insert
5019	nipple	nip
5020	nemona	©
5021	monith	
5022	momoayase	©
5023	misty	©
5024	miko_Art	
5025	messy	
5026	mei	
5027	mari	
5028	maimai	
5029	maid	
5030	machine	
5031	loona	
5032	lingerie	
5033	konosuba	
5034	knight	
5035	kemono	
5036	iono	
5037	illustration	
5038	howler	
5039	honeyselect	tm
5040	honey_select	tm
5041	hairy	
5042	godletter	
5043	glasses	
5044	girlsfrontline	tm
5045	giantess	
5046	gaolukchup	
5047	finalfantasy	tm
5048	ff14	tm
5049	fern	
5050	f/go	
5051	eula	
5052	eternal_return	
5053	epis	
5054	dushiliren	
5055	dress	
5056	doaxvv	tm
5057	dnf	
5058	digimon	
5059	defeated	
5060	dead_or_alive	tm
5061	darkskin	
5062	darkmagiciangirl	©
5063	cumdump	cum
5064	cumbath	cum
5065	cryptidcuties	
5066	cowgirl	
5067	comic1☆6	
5068	cloud	
5069	character	
5070	cartoon	
5071	c93	event
5072	c88	event
5073	c87	event
5074	bukkake	
5075	breasts	tit-
5076	breast_amputation	tit
5077	blondehair	
5078	blackhair	
5079	bea	
5080	azazel	
5081	ayasemomo	©
5082	ass	ass-
5083	armpits	armpit-
5084	armpithair	armpit-
5085	armpitfocus	armpit-
5086	armpitfetish	armpit-
5087	animegirl	
5088	animal_crossing	tm
5089	anal	anus
5090	ade	
5091	Zentreya	©
5092	Y型の谷間	
5093	Yunli	
5094	YorForger	
5095	YodayoAI	
5096	YURI	not_solo yuri
5097	YUA	
5098	Widowmaker	
5099	Wapeachmario	©
5100	Wapeach	©
5101	Waluigi	©
5102	WORKING!!	
5103	Vulcan	
5104	VVV	
5105	VS騎士ラムネ&40FRESH	
5106	VIPER-GTS	
5107	U.N.おっぱい	tit
5108	Tシャツ	
5109	Taihou	
5110	TCG	
5111	Sweety	©
5112	Stellar_Blade	
5113	Snowbreak	
5114	Skirk	
5115	Silvervale	
5116	SiNiSistar2	
5117	SiNiSistar	
5118	Sexyビーチプレミアムリゾート	
5119	Sereniel	
5120	SeeU	
5121	SWORDGIRLS	
5122	STREETFIGHTER	
5123	SBPR	
5124	RuanMei	
5125	Rita	©
5126	Renamon	©
5127	Rebecca	©
5128	RaoraPanthera	
5129	RWBY	
5130	RPG	
5131	RIP	
5132	RESIDENTEVIL	
5133	R15	content
5134	QURARE	tm
5135	QB	
5136	Pulchra	
5137	PixelArt	art_style
5138	Painting	
5139	P4	
5140	Oバック	
5141	OrangeMix	
5142	OVERWATCH	tm
5143	OPPAI	tit
5144	Ningguang	
5145	Nemona	©
5146	Naifu	
5147	NJXAボディ	
5148	MyLittlePony	tm
5149	MtUウィルス	
5150	Misty	©
5151	Miqo'te	
5152	Milking	milk
5153	MikuMikuDance	
5154	Mercy	©
5155	Marionintendo	©
5156	Mario	©
5157	March7th	
5158	MHA	
5159	Luxury_Handle	
5160	Lostark	
5161	Lola_Bunny	©
5162	LoL	tm
5163	LiLiTH	
5164	Lettanya	
5165	Lauma	
5166	KilllaKill	tm
5167	Katarina	©
5168	Kafka	©
5169	KOS-MOS	©
5170	Jinhsi	
5171	Jingliu	
5172	I字開脚	
5173	Itsumi	
5174	Illustration	
5175	Illusion	
5176	HuTao	
5177	HoshimiMiyabi	©
5178	Honoka	©
5179	HiiragiUtena	©
5180	Hentai	
5181	Helluvaboss	
5182	HatsuneMiku	©
5183	Halloween	
5184	HUNTER×HUNTER	tm
5185	HUGっと!プリキュア	
5186	HALLOWEEN	
5187	Guro	guro
5188	Grassgard	
5189	GoudenLeeuw	
5190	Girlsfrontline	tm
5191	GE	
5192	GBF	
5193	G41	
5194	G2F	
5195	G28(ドールズフロントライン)	©
5196	Firefly	
5197	Femdom	
5198	Feixiao	
5199	Fate/Requiem盤上遊戯黙示録	tm
5200	Fate/Requiem	tm
5201	FFT	tm
5202	FF10	tm
5203	FEMDOM	
5204	Evelynn	©
5205	Eve	
5206	Evangelion	tm
5207	Eula	
5208	Elesis	
5209	Egypt	
5210	Ecchi	
5211	EVA	tm
5212	EUDETENIS	
5213	DemonSlayer	
5214	Delia	
5215	Debreasting	tit
5216	DQ6	tm
5217	DQ4	tm
5218	DOAX	tm
5219	DEADOARALIVE	tm
5220	DARLINGintheFRANXX	
5221	CyberpunkEdgerunners	
5222	CreampieCollege	
5223	Cipher	
5224	Chun-Li	©
5225	ChenQianyu	©
5226	Changli	©
5227	Cartethyia	
5228	Carlotta	
5229	COMIC1☆9	
5230	COMIC1☆7	
5231	COMIC1☆16	
5232	COMIC1☆15	
5233	C98	event
5234	C106	event
5235	C104	event
5236	Burnice	©
5237	Briar	
5238	Bowsette	©
5239	Bondage	bond
5240	BlackSurvival	
5241	Belle	©
5242	Beheneko	
5243	Beautiful	
5244	BAN装甲	
5245	AスカとAヤナミ	
5246	Ayaka	©
5247	Ass	ass-
5248	Animation	
5249	Ani(Grok)	©
5250	Anchorage	©
5251	AldhaRoku	
5252	Aerith	
5253	AV女優	
5254	ASMR	
5255	6期猫娘	
5256	2LDKオナペット可	
5257	2.5次元の誘惑	
5258	10点じゃ足りない	
5259	(ﾟ∀ﾟ)o彡゜おっぱい!おっぱい!	tit
5260	ﾘﾘﾑ	
5261	ﾓｯﾄﾚﾝｻｲｼｦﾄﾙﾉﾃﾞｽ!	
5262	ﾊﾟｽﾞｽﾞ	
5263	ｷﾏｼﾀﾜｰ	
5264	후배위	
5265	핑거링	
5266	포켓몬	©
5267	트릭컬	
5268	테티스	
5269	코미	
5270	젖꼭지	nip
5271	장리	
5272	자위	mast
5273	이세계무역관	
5274	이리나	
5275	음란여우	
5276	유사근친	
5277	오네쇼타	
5278	에키드나	
5279	에르핀	
5280	애액	
5281	소울워커	
5282	소나	
5283	세크메트	
5284	세이렌	
5285	블루아카이브	©
5286	버터	
5287	바리	
5288	미래	
5289	문신	
5290	모나	
5291	만취한오박사	
5292	럭스	
5293	던전앤파이터	
5294	다크엘븐포레스트레인저	
5295	나이트	
5296	龙舌兰	
5297	龙娘	
5298	龙	
5299	龍虎の拳	
5300	龍田改二	
5301	龍	
5302	鼻責め	
5303	鼻毛	
5304	鼻射	cum
5305	鼻上被せ猿轡	
5306	鼻タバコ	
5307	鼻にタバコ	
5308	鼠径部	
5309	黛冬優子	
5310	黒髪ツインテール	
5311	黒髪セミロング	
5312	黒騎れい	
5313	黒須あろま	
5314	黒雪姫	
5315	黒谷ヤマメ	
5316	黒見セリカ	
5317	黒衣マト	
5318	黒舘ハルナ(体操服)	©
5319	黒神めだか	
5320	黒白目	
5321	黒痴女様	
5322	黒田官兵衛	
5323	黒獣2	
5324	黒澤ルビィ	
5325	黒水着	swim
5326	黒柳ルリ子	
5327	黒星紅白	
5328	黒川あかね	
5329	黒岩メダカに私の可愛いが通じない	
5330	黒埼ちとせ	
5331	黒乳首/長乳首/乳首ピアス/ぶっともも/ガバマン	pussy nip pierc
5332	黒パンスト	
5333	黒ニーソックス	
5334	黒ニーソ	
5335	黒チンポ	dick
5336	黒セーラー	
5337	黒サンタ	
5338	黒い肌	
5339	黒い砂漠	
5340	黑裤袜	
5341	黑皮	
5342	黑塔	
5343	黑兽	
5344	黑丝袜	
5345	黍	
5346	黄金風呂	
5347	黄色ビキニ	swim
5348	黄肌	
5349	黄瀬やよい	
5350	黄瀬ちはる	
5351	黄泉(スターレイル)	©
5352	黄泉	
5353	麻薬	
5354	麻生優子	
5355	麻宮アテナ	
5356	麻乃まの	
5357	麦わら帽子	
5358	麦わらの一味	
5359	麗王(閃乱カグラ)	©
5360	鹿鼎記	
5361	鹿野千夏	
5362	鹿島(艦これ)	©
5363	鹿娘	
5364	鹿倉胡桃	
5365	鸦芽乐	
5366	鷹嶺ルイ	
5367	鷲見セリナ	
5368	鷲掴みアーマー	
5369	鶸村ひより	
5370	鶴姫しずか	
5371	鳴瀬しろは	
5372	鳥海(アズールレーン)	©
5373	鳥海	
5374	鰐渕アカリ	
5375	鮮血(キルラキル)	©
5376	魯蛋	
5377	魔装学園H×H	
5378	魔術師	
5379	魔胎都市	
5380	魔神セイバー	
5381	魔理沙	
5382	魔王(ステラソラ)	©
5383	魔獣ネコマタ	
5384	魔物の女の子	
5385	魔法晶女エトワリオン	
5386	魔法少女マーテルレア	
5387	魔法少女ノ魔女裁判	
5388	魔法少女セレスフォニア	
5389	魔法少女アドレセント・レモン	
5390	魔法少女アドレセント・ピーチ	
5391	魔法少女アイ	
5392	魔法少女かずさ	
5393	魔法使いの嫁	
5394	魔法使いと黒猫のウィズ	
5395	魔法使い	
5396	魔法のオナホ	
5397	魔法	
5398	魔弾の王と戦姫	
5399	魔弾のレムリア	
5400	魔女フィグネリア	
5401	魔女っ娘	
5402	魔境のサージェント	
5403	魔兽	
5404	魎呼	
5405	魅蘭様	
5406	魅惑地笑	
5407	魅惑の高解像度	
5408	魅惑の脇	
5409	魅惑の尻	ass
5410	鬼龍院皐月	
5411	鬼道三人衆	
5412	鬼滅系女子	
5413	鬼滅のアイドル	
5414	鬼作	
5415	鬱くしい	
5416	髮コキ	hair-
5417	髪型チェンジ	
5418	高马尾	
5419	高雄生誕祭2016	
5420	高雄姉妹	
5421	高雄(艦隊これくしょん)	©
5422	高跟鞋	
5423	高画質	
5424	高海千歌	
5425	高橋留美子	
5426	高手小手	
5427	高嶺愛花	
5428	高山マリア	
5429	高山ケイト	
5430	高坂麗奈	
5431	高坂海美	
5432	高円寺沙由香	
5433	骸骨騎士様不在ルート	
5434	骸骨騎士様、只今異世界へお出掛け中	
5435	骸骨	
5436	骨格	
5437	骨	
5438	驚きの白さ	
5439	騎乗位カーテン	
5440	駅	
5441	馬車	
5442	馬尾	
5443	馬姫	
5444	香澄真昼	
5445	香月ナナ	
5446	香山水依	
5447	香奈美	
5448	香坂しぐれ	
5449	香取	
5450	首輪とリード	
5451	首輪とおっぱい	tit
5452	首絞めックス	
5453	饅頭(アズールレーン)	©
5454	餓狼伝説シリーズ	
5455	養豚場の豚を見るような目	
5456	飼育員	
5457	飼育	
5458	飼われる	pet
5459	飴村キアラ	
5460	飲酒	
5461	飲ザー	cum
5462	飲み過ぎ	
5463	飯野水葉	
5464	飢餓の悪魔	
5465	食育	
5466	食物挿入	insert
5467	食器系女子	
5468	食人	
5469	食事しながら排泄	
5470	食カス	
5471	食い込みマン	
5472	飛鷹(艦隊これくしょん)	©
5473	飛鷹	
5474	飛鳥馬トキ(バニーガール)	©
5475	飛鳥馬トキ	
5476	飛鳥(閃乱カグラ)	©
5477	風雲(艦隊これくしょん)	©
5478	風雲	
5479	風間飛鳥	
5480	風車	
5481	風船陵辱	
5482	風紀委員会(ブルーアーカイブ)	©
5483	風紀委員	
5484	風来のシレンGB2砂漠の魔城	
5485	風村京子	
5486	風呂場	
5487	風呂ション	uro
5488	風呂あがり	
5489	風俗嬢	
5490	顔面破壊	
5491	顔面凌辱	
5492	顔面パンチ	
5493	顔芸	
5494	顔パンチ	
5495	顔ズリ	
5496	顔をうずめたい尻	
5497	顏射	cum
5498	頼光ママ	
5499	頭鷲掴み	
5500	頭に手	
5501	頬染め	
5502	預言者現る	
5503	須藤育	
5504	響木アマネ	
5505	響咲リオナ	
5506	響レン	
5507	響	
5508	音楽ツクールかなでーる	
5509	音声サンプル	
5510	音ゲー	
5511	鞭責め	
5512	鞭でしばいてくださいorz	
5513	鞘合わせ	
5514	革命機ヴァルヴレイヴ	
5515	静山マシロ	
5516	青髪ショート	
5517	青痣	
5518	青木楓	
5519	青木れいか	
5520	青春之箱	
5521	青春ブタ野郎シリーズ	
5522	青春ブタ野郎はバニーガール先輩の夢を見ない	
5523	青師団高校	
5524	青山作品	
5525	青发	
5526	青バニー	
5527	青のルピカ	
5528	青いスカート	
5529	露出女	
5530	露出オナニー	expose mast
5531	霧切響子	
5532	霞	
5533	霜叶	
5534	霍青娥	
5535	霊魂潮汐	
5536	霊幻艦船新春夜	
5537	電話ボックス	
5538	電烙鐵	
5539	電流	
5540	電気ショック	
5541	電気あんま	
5542	電気	
5543	電撃ピカチュウ	
5544	雷電芽衣	
5545	雷電	
5546	雷神将军	
5547	雷神バアル	
5548	雷煉	
5549	零姫	
5550	雲龍	
5551	雲菫	
5552	雲居一輪	
5553	雲なの	
5554	雫(逃げ上手の若君)	©
5555	雪風(艦隊これくしょん)	©
5556	雪音クリス	
5557	雪泉(閃乱カグラ)	©
5558	雪景色	
5559	雪山素女	
5560	雪山	
5561	雪女(虚構推理)	©
5562	雪女	
5563	雪乃宮樹菜	
5564	雪	
5565	雨衣	
5566	雨海ルカ	
5567	難波笑美	
5568	離島棲鬼	
5569	離れ乳	tit
5570	雛	
5571	雑誌表紙	
5572	雑にいく	
5573	雌豚幽々子調教録	
5574	雌豚	
5575	雌牛	
5576	雌シリンダー	
5577	雅音	
5578	雅夢の白浜	
5579	隼鷹(艦隊これくしょん)	©
5580	隣人	
5581	隠者	
5582	隠リン	
5583	隙パン	
5584	隐德来希	
5585	階段	
5586	陸戦型ゲルググ	
5587	陸上	
5588	陰陽騎士トワコ	
5589	陰毛/腋毛/受精	
5590	陥没チクビ	nip
5591	阿黑颜	
5592	阿賀野型むちむちフェスティバル	
5593	阿賀野	
5594	阿良々木月火	
5595	阿狸	
5596	阿武隈	
5597	阿尔托利亚·潘德拉贡	
5598	阴环	
5599	闘技場	
5600	闇の守護者ルカ	
5601	間違った育ち方をした橙	
5602	間桐慎二	
5603	間宮(艦隊これくしょん)	©
5604	間宮	
5605	開腹	
5606	開胸	
5607	開発済み	
5608	開口器具	mouth
5609	開口器/ピアス/首輪/飲尿/ぶっかけ	cum uro mouth pierc
5610	開口	mouth
5611	长期素世	
5612	长崎爽世	
5613	長髪化	
5614	長靴をはいた猫	
5615	長靴	
5616	長門/山城/島風/雪風/愛宕/天龍	
5617	長門(艦隊これくしょん)	©
5618	長門	
5619	長身女性	
5620	長良	
5621	長編	
5622	長波	
5623	長時間放尿	uro
5624	長崎そよ	
5625	長チン	dick
5626	锻炼	
5627	锐锐	
5628	铸铁	
5629	银狼	
5630	铃兰喵	
5631	铃	
5632	铁血工造	
5633	钼铅	
5634	鏡黒	
5635	鏡音レン	
5636	鏡音リンV4X	
5637	鏡流	
5638	鏡の御巫ニニ	
5639	鏡に映る女の子	
5640	鏡	
5641	鎧甲	
5642	鎖拘束	
5643	鍵村葉月	
5644	録画	
5645	錫杖	
5646	鋼鉄少女	
5647	銀魂	
5648	銀髪ツインテール	
5649	銀狼(スターレイル)	©
5650	銀河お嬢様伝説ユナ2	
5651	銀杏	
5652	銀創竜かまかま	
5653	鉄骨	
5654	鉄拳7	
5655	鈴鹿御前〔サマバケ〕	
5656	鈴鹿御前(水着)	swim ©
5657	鈴鹿御前	
5658	鈴谷(艦隊これくしょん)	©
5659	鈴好きのﾌﾞﾚｴﾄﾞ	
5660	鈴仙	
5661	鈴乃木凜	
5662	鈴乃木凛	
5663	鈴	
5664	釣り	
5665	釘刺し	pierc
5666	釘	
5667	金髮	
5668	金髪縦ロール	
5669	金髪ボブ	
5670	金髪ギャル	
5671	金色ビキニ	swim
5672	金瓶梅	
5673	金毛白面九尾	
5674	金森麗子	
5675	金森まりあ	
5676	金属拘束	
5677	金太郎	
5678	金園優理奈	
5679	金剛阿含	
5680	金剛(艦隊これくしょん)	©
5681	金ビキニ	swim
5682	野生のラスボスが現れた!	
5683	野球	
5684	野外撮影	
5685	野外プレイ	
5686	野外オナニー	expose mast
5687	重騎士プリメラ	
5688	重巡	
5689	重乳	tit
5690	里中サツキ	
5691	酢豚	
5692	酒呑童子(キャスター)	©
5693	配布	
5694	配信者	
5695	都市	
5696	部活女子	
5697	部屋着	
5698	郁田はるき	
5699	邪ンヌ	
5700	避孕套	
5701	遺物挿入	insert
5702	遠藤サヤ	
5703	遠山りん	
5704	遠坂葵	
5705	道着	
5706	道化師	
5707	道具	
5708	運命シンフォニック	
5709	運動部	
5710	遊戯王女キャラ	
5711	遊戯王ラッシュデュエル	
5712	遊戯王デュエルモンスターズ	
5713	遊戯王ZEXAL	
5714	遊戯王SEVENS	
5715	遊び人	
5716	遊☆戯☆王	
5717	連装砲ちゃん	
5718	連れ子	
5719	速やかに出しました	
5720	透视	
5721	透視図法	
5722	透明フェラ	mouth dick
5723	透け陰毛	
5724	透け濡れ	
5725	透け乳	tit
5726	透けパン	
5727	透けシャツ	
5728	透けまくり	
5729	透けてない乳首	nip
5730	透けすじ	
5731	逆転裁判	
5732	逆襲	
5733	逆海老縛り	
5734	逆座り	
5735	逆天鲨鱼头	
5736	逆兔女郎	
5737	逆ハニートラップ	
5738	逆さフェラ	mouth dick
5739	逆さキス	
5740	逃脱	
5741	逃げ上手の若君	
5742	迷迭香	
5743	迷彩服	
5744	迷宮ブラックカンパニー	
5745	迫真琴	
5746	迪奥娜	
5747	迦楼羅王	
5748	连体丝袜	
5749	远牙	
5750	近衛隊長エリナ	
5751	近江彼方生誕祭2020	
5752	运动	
5753	迎え舌	tongue
5754	辰年	
5755	轮廓	
5756	輪換	
5757	輪廻のラグランジェ	
5758	輝くプリズム_キミに夢中!	
5759	輝きの向こう側へ!	
5760	軽巡どころか従順	
5761	転生王女と天才令嬢の魔法革命	
5762	転生したらスライムだった件	
5763	転スラ	
5764	軟体	
5765	軍艦娘	
5766	車止め	
5767	車内	
5768	車	
5769	身体改造	
5770	蹂躙	
5771	踩奶	milk
5772	踏んでください	
5773	踏み潰してください	
5774	踊り子の服	
5775	跳蛋	
5776	距離感	
5777	足蹴	
5778	足跡	
5779	足裹	
5780	足臭	
5781	足の指	
5782	足くぱぁ	
5783	超高校級のおっぱい	tit
5784	超絶放置の主人公	
5785	超爆乳忍者未来	
5786	超次元ゲイムネプテューヌmk2	
5787	超次元ゲイムネプテューヌ	
5788	超根	
5789	超昴閃忍ハルカ	
5790	超昴大戦	
5791	超昂閃忍ハルカ	
5792	超昂天使エスカレイヤー	
5793	超昂大戦	
5794	超弩級おっぱい	tit
5795	超人高校生たちは異世界でも余裕で生き抜くようです!	
5796	赤鼻追加希望	
5797	赤髪ポニーテール	
5798	赤髪ツインテール	
5799	赤肌	
5800	赤城乳業	
5801	赤城(艦隊これくしょん)	©
5802	赤城(アズールレーン)	©
5803	赤咲みいな	
5804	赤名累	
5805	赤セイバー	
5806	赤ずきんチャチャ	
5807	赤い衣装	
5808	赤い少女	
5809	赤い下着	
5810	赛尔号	
5811	败北	
5812	贝蕾亚	
5813	賽蓮	
5814	賭ケグルイ	
5815	質感に定評のあるマナ	
5816	賢者タイム	
5817	賀陽燐羽	
5818	買い物	
5819	貴重な無角娘	
5820	貴族転生〜恵まれた生まれから最強の力を得る〜	
5821	貴族	
5822	責絵	
5823	貧乳はステータス	tit
5824	負子	
5825	負傷	
5826	貞操観念	
5827	貞操具	
5828	貞操	
5829	貓	
5830	豹柄ビキニ	swim
5831	豹柄	
5832	豹娘	
5833	豪放ってレベルじゃねーぞ	
5834	豚印	
5835	豚	
5836	豊穣沙都子	
5837	豊満	
5838	豆まき	
5839	谷風	
5840	谷間酒	
5841	谷川柚子	
5842	谷	
5843	警察官	
5844	警官	
5845	謹んでない乳	tit
5846	謎の集中線	
5847	謎の疾走感	
5848	諸手上げ縛り	
5849	調理	
5850	調教済みクラスメイト	
5851	読子・リードマン	
5852	誤認	
5853	誘惑ポーズ	
5854	誘宵美九	
5855	誘い受け	
5856	誕生日絵	
5857	詰み	
5858	詩音=エイヴァロン	
5859	設定画	
5860	訓練されたコメント欄	
5861	討魔戦姫セシリア	
5862	言葉責め	
5863	言い出しっぺの法則	
5864	言い値で買おう	
5865	言いだしっぺの法則	
5866	触手髪	
5867	触手貫通	insert
5868	触手空間	
5869	触手椅子	
5870	触手根	
5871	触手ブラシ	
5872	触手スーツ	
5873	触手は一般性癖	
5874	触手には勝てなかったよっ!	
5875	解体	
5876	角楯カリン(バニーガール)	©
5877	角材ぶち込み	
5878	角オナニー	mast
5879	角っ子	
5880	角	
5881	観音菩薩	
5882	覚醒めたデミトリ	
5883	覗き	
5884	視姦	
5885	見習	
5886	見下し	
5887	見れるなら見たいところこそ見えていない	
5888	見せてやんねー(・∀・)	
5889	見えそう	
5890	西行寺	
5891	西沢歩	
5892	西御門多美	
5893	西園チグサ	
5894	西住しほ	
5895	襷ブラ	
5896	襪	nip pierc
5897	褐色化/黒ギャル化/金髪化/喫煙/乳首リングピアス/体に落書	
5898	褐色ギャル	not_solo sex sm
5899	複数輪姦	
5900	複数	
5901	裾絞り	
5902	裾結び	
5903	製図	
5904	製作過程	
5905	裸袴	
5906	裸書初め	
5907	裸族	
5908	裸手袋	
5909	裸婦	
5910	裸吊り	
5911	裸ライダースーツ	
5912	裸マフラー	
5913	裸ベルト	
5914	裸タオル	
5915	裸スカート	
5916	裸ジャージ	
5917	裸シャツ	
5918	裸エプロン/パンスト越しのパンツ	
5919	裸と武器	
5920	裸こたつ	
5921	裏腿	
5922	裏文化祭	tit anus ass
5923	裏乳/尻神様/つやつや/タトゥー/ジュエリーアナルプラグ	
5924	袴	
5925	被虐	
5926	被縛者優位	
5927	袜子塞小穴	
5928	表紙だけでも買う価値あり!!	
5929	表現の自由	
5930	表情カス子(pfy様)	
5931	衣装交換	
5932	衝撃のラスト	
5933	街霸	
5934	街雄鳴造	
5935	術士	
5936	術	
5937	行箸	
5938	衆人環視	
5939	血管	
5940	血掟テキサス(アークナイツ)	©
5941	血小板(はたらく細胞)	
5942	蟲奸	
5943	融合	
5944	蝋燭責め	
5945	蜂娘	
5946	蛾	
5947	蛸と海女	
5948	蛙吹梅雨	
5949	蛇艶大公エキドナ	
5950	蛇女房(Fate)	©
5951	蛇喰夢子	
5952	虫取り	
5953	虞美人(Fate)	©
5954	虜ノ旋律	
5955	虚研社	
5956	虎金妃笑虎	
5957	虎通OnLine	
5958	虎縞	swim
5959	虎柄	loli
5960	虎ビキニ	
5961	蘿莉	
5962	蘭ねーちゃん	
5963	藤澤勇希	
5964	藤村大河	
5965	藤本幸乃	
5966	藤原豊実	
5967	藤原萌葉	
5968	藍原芽衣	
5969	薬師エマ	
5970	薬屋のひとりごと	
5971	薬屋	
5972	薙切えりな	
5973	薔薇	
5974	薇蒂雅·香农	
5975	薇蒂雅	
5976	薄くなる布地	
5977	蕾姆	
5978	蕾丝	
5979	蕾丘はっぱ	
5980	蓬莱山輝夜・八意永琳	
5981	蓝毒	
5982	蓄光	
5983	蒼龍	
5984	蒼樹紅	
5985	蒼森ミネ	
5986	蒙面	
5987	葦月伊織	
5988	董白	
5989	葛飾応為	
5990	葛飾北斎(Fate)	©
5991	葛城ミサト	
5992	葛城	
5993	葉月いずな	
5994	落第騎士の英雄譚	
5995	落描きってなんだっけ	
5996	落ちてもよかった	
5997	萨勒芬妮	
5998	萧薰儿	
5999	萌黄えも	
6000	萌姫ユニバース	
6001	萌え袖	
6002	萌える!妖怪事典	
6003	萌え!のバックファイアー!!!	
6004	萌	
6005	萃香	
6006	菲比	
6007	菱縄	
6008	華甲(アズールレーン)	©
6009	華扇	
6010	菓彩あまね	
6011	菊地真に定評のある作者	
6012	菅生あすか	
6013	莱伊	
6014	莫妮卡	
6015	莉莉丝	
6016	莉姆	
6017	荒砥凪	
6018	荒ぶる背景モブ	
6019	草莓100%	
6020	草神	
6021	茶髪ツインテール	
6022	茱莉	
6023	茨歌仙	
6024	英雄王、武を極めるため転生す	
6025	英語教師・景子	
6026	苦悩の梨	
6027	若葉ヒナタ	
6028	若狭悠里	
6029	若叶睦	
6030	若いマジョリーナ	
6031	芹沢りん	
6032	芹沢あさひ	
6033	花騎士	
6034	花電車	
6035	花火	
6036	花海佑芽	
6037	花園ゆりね	
6038	花咲つぼみ	
6039	花京院ちえり	
6040	花も恥らう117歳	
6041	花と女の子	
6042	花	
6043	芭芭拉	
6044	芦戸三奈	
6045	芙羽ここね	
6046	芙洛伦(云图计划)	©
6047	艾蕾什基伽尔	
6048	艾莲	
6049	艾爾之光	
6050	艾波	
6051	艾尔之光	
6052	艶武	
6053	色違い陰毛	
6054	色違い	
6055	色仕掛け	
6056	良妻	
6057	良い表情	
6058	良い肉の日	
6059	良いアングル	
6060	艦長(カオゼロ)	©
6061	艦船擬人化	
6062	艦娘ロック(保護)機能	
6063	艦ぱい/乳風	nip
6064	艦こレーン	
6065	艦これかわいい	
6066	舞と春麗どっちがエロいでショー	
6067	舘涼子	
6068	舐め回したい胸	tit tongue
6069	舐める	tongue
6070	舐めてます	tongue
6071	舌責め	tongue
6072	舌見せ	tongue
6073	舌裏	tongue
6074	舌舐めずり	tongue
6075	舌切れそう	tongue
6076	舌分身	tongue
6077	舌上射精	cum tongue
6078	臼沢塞	
6079	至高の乳	tit
6080	至高のゆからん	
6081	臭がる	
6082	自転車	
6083	自衛隊彼の地にて、斯く戦えり	
6084	自衛艦これ	
6085	自虐露出	ryona expose
6086	自舐めオナニー	tongue mast
6087	自縛	bond
6088	自称初キョンキョン兄貴	
6089	自爆放尿	uro
6090	自然排便	sca
6091	自然	
6092	自己破壊	ryona
6093	自分姦	mast
6094	自傷	ryona
6095	自作lora	
6096	臍	
6097	膨尻	ass
6098	膨体	
6099	膨らみかけ	
6100	膨らみ	
6101	膣脱糞	pussy sca
6102	膣内排尿	pussy uro
6103	膣	pussy
6104	膝立ち	
6105	膝枕幸せサンドイッチ	
6106	腹掛け	
6107	腹	
6108	腰高位	
6109	腰骨	
6110	腰蓑	
6111	腰トントン	
6112	腰スジ	
6113	腰に手	
6114	腟内放尿	pussy uro
6115	腕輪	
6116	腕組	
6117	腕なし	
6118	腐界に眠る王女のアバドーン	
6119	腋乳	tit
6120	腋下	
6121	腋を強調する	
6122	腋は性器	
6123	腋こちょ	
6124	脳内住人	
6125	脱衣	
6126	脱腸	
6127	脱ぎたてパンティ	
6128	脇シール	
6129	脇みせ	
6130	胸開きタートルネック	
6131	胸責め	tit
6132	胸舐め	tit tongue
6133	胸縛り	tit
6134	胸ポッチ	nip
6135	胸ベルト	tit
6136	胸スリット	tit
6137	胸キュン刑事	
6138	胸をつかむ	tit
6139	胸にマーク	tit
6140	胸きつ丸	
6141	胸が大鯨	
6142	胡桃沢=サタニキア=マクドウェル	
6143	胡桃	
6144	背面合掌	
6145	背面	
6146	背筋	
6147	背反の癒し手ユーノ	
6148	肥臀	ass
6149	肥満化	
6150	股间	
6151	股間の波動砲エネルギー充填120%	
6152	股ドン	
6153	肝試し	
6154	肛门	anus
6155	肛虐	anus
6156	肛	anus
6157	肖像画	
6158	肉食系女子	
6159	肉花瓶	
6160	肉空間	
6161	肉球	
6162	肉林姦学校	not_solo sex
6163	肉床	
6164	肉布団	
6165	肉尿瓶	uro
6166	肉便器/身体に落書き/便女	uro bodymark-
6167	肉便器/便女/落書き	uro bodymark-
6168	肉まん	
6169	肉の盾	
6170	肉々しい	
6171	職場用壁紙	
6172	聖徳太乳	tit
6173	聖伝	
6174	聖シャルロッテ(v-mag)	©
6175	耳姦	
6176	老人	
6177	翼	
6178	翠眼	
6179	翠星のガルガンティア	
6180	羽鳥智世	
6181	羽衣	
6182	羽前京香	
6183	義父	
6184	義手	
6185	義姉	
6186	群交	not_solo sex
6187	羞辱	
6188	羞恥露出散歩シリーズ	
6189	羞恥心	
6190	美遊	
6191	美綴綾子	
6192	美童巫女	
6193	美甘ネル(バニーガール)	©
6194	美甘ネル	
6195	美獣	
6196	美月もも	
6197	美憂	
6198	美尻	ass
6199	美少年	
6200	美少女文庫	
6201	美少女戦士	
6202	美女と骸骨	
6203	美女と野獣	
6204	美女と竜	
6205	美味しいから大丈夫だよ	
6206	美人だけど変態	
6207	羊耳	
6208	羅天	
6209	置き去りディルド	
6210	罪の破片(Debris)	©
6211	罗莎莉亚	
6212	缪尔赛斯	
6213	维斯卡Visca	
6214	维娜	
6215	绳缚	bond
6216	绫波レイ	
6217	终末地	
6218	练習少女のヌード	
6219	线条	
6220	纳西妲	
6221	约稿	
6222	红晓音Akane	
6223	红晓音	
6224	红云	
6225	織田信長(Fate)	©
6226	織田信長	
6227	繁殖行為	
6228	縦ロール	
6229	縞ブラ	
6230	縛りプレイ	bond
6231	縛られた	
6232	縄跳び	
6233	縄縛り	bond
6234	縁側	
6235	練習巡洋艦	
6236	練習	
6237	練白瑛	
6238	線画	
6239	緒山まひろ	
6240	緑髪ボブ	
6241	緑川ゆず	
6242	緋田美琴/斑鳩ルカ/樋口円香	
6243	緊縛露出	bond
6244	緊縛着衣	bond
6245	緊縛拘束	bond
6246	綾里真宵	
6247	綾里春美	
6248	綾里千尋	
6249	綾波(アズールレーン)	©
6250	綾小路清隆	
6251	綺麗な精液	cum
6252	綺良々	
6253	網ボディタイツ	
6254	継続は力なり	
6255	絶頂管理	
6256	絶頂我慢	
6257	絶対入ってるよねコレ	
6258	絶壁	
6259	絶体絶命	
6260	絶体×	
6261	絵札の女王カノン	
6262	絞殺	
6263	結婚	
6264	結城美柑	
6265	結城友奈	
6266	結城みか	
6267	経口補水液	mouth
6268	紺セーラー	
6269	紳士ハンド	
6270	紬	
6271	紫雲清夏	
6272	紫色老太婆(滑稽)	
6273	紫水宮	
6274	紫式部	
6275	紫タイツ	
6276	紫々部シオン	
6277	素裳	
6278	素材	
6279	素晴らしすぎる	
6280	素子	
6281	紗夢	
6282	紗の幽蘭	
6283	純白少女	
6284	紐水着	expose swim
6285	紐チラ	
6286	納得の犯罪臭	
6287	納原智恵	
6288	紅輪の道士ナタク	
6289	紅豆	
6290	紅蓮(勝利の女神:NIKKE)	©
6291	紅白	
6292	紅楼夢9	
6293	紅楼夢	
6294	紅月カレン	
6295	紀伊型	
6296	糸目	
6297	精霊特捜	
6298	精灵宝可梦	
6299	精液浴	cum
6300	精液水車	cum
6301	精液大量	cum
6302	精液塗り込み	cum
6303	精液便女	cum
6304	精液中毒	cum
6305	精液ブリッジ	cum
6306	精子浴	cum
6307	精子の透明感	cum
6308	精子	cum
6309	精品	
6310	籾岡里紗	
6311	米菈	
6312	籠目深沙希	
6313	簡易トイレ	
6314	篠澤広	
6315	篠原まり	
6316	節分艦娘	
6317	節分	
6318	管理人(エンドフィールド)	©
6319	管理人(アークナイツエンドフィールド)	©
6320	管牧典	
6321	笹木咲	
6322	第肆ミルク工場	milk
6323	第十七駆逐隊	
6324	第三再臨	
6325	第七史诗	
6326	第一人称视角	
6327	符玄	
6328	笠谷葉子	
6329	笑撃のラスト	
6330	竿姉妹	
6331	竹林	
6332	竹刀	
6333	競スク	swim
6334	童颜巨乳	tit
6335	童磨	
6336	竜騎士ルシル	
6337	竜騎士	
6338	竜姦	
6339	竜吉公主	
6340	竜人	
6341	立花響	
6342	立花里美	
6343	立体感	
6344	立体な真夜	
6345	立位	
6346	立て膝	
6347	立ち絵	
6348	立ち糞	sca
6349	立ちパイズリ	tit dick
6350	立ちんぼ	
6351	立ちかなえ	
6352	空雷翔姫モルガン	
6353	空雷	
6354	空甘	
6355	空条徐倫	
6356	空折(魔都精兵のスレイブ)	©
6357	空手着	
6358	空弦	
6359	空井サキ(水着)	swim ©
6360	空中放尿	uro
6361	空を落とした女	
6362	空の境界	
6363	空	
6364	穹サフェ	
6365	穴開き	
6366	穴あきパンツ	
6367	穴あき	
6368	稲葉風歌	
6369	稲妻(原神)	©
6370	種島ぽぷら	
6371	種噴き/失禁/事後/ガバマン	uro cum
6372	種づけ孕ませ☆魔法少女〜The_RPG〜	
6373	稗田阿求	
6374	秦谷美鈴	
6375	秘密の花園	
6376	秘密	
6377	秘宝伝	
6378	秋雲(艦隊これくしょん)	©
6379	秋雲	
6380	秋雪こはく	
6381	秋月涼	
6382	秋山凜子	
6383	秋季例大祭	
6384	秋園栞奈	
6385	秋のフォーリシア	
6386	秋のクリ収穫祭2011	clit
6387	秋のクリ収穫祭	clit
6388	私服艦娘	
6389	私服	
6390	私处	
6391	福山舞	
6392	福丸小糸	
6393	禊ぎ	
6394	神風怪盗ジャンヌ	
6395	神野めぐみ	
6396	神速の射手バシラ	
6397	神話礼装	
6398	神裂火織	
6399	神羅万象・第一章	
6400	神田川JETGIRLS	
6401	神楽坂優奈	
6402	神楽シリーズ	
6403	神楽めあ	
6404	神楽(あずまんが大王)	©
6405	神月アンナ	
6406	神州丸(艦隊これくしょん)	©
6407	神州丸	
6408	神山満月	
6409	神尾観鈴	
6410	神守清華	
6411	神威(艦隊これくしょん)	©
6412	神威	
6413	神姫PROJECT	
6414	神奈芹香	
6415	神代小蒔	
6416	神の軌跡	
6417	神々の谷間	
6418	祓魔少女シャルロット	
6419	祀られる風の人間	
6420	社員証	
6421	礼服	
6422	磔スポーツ少女	
6423	碇シンジ	
6424	碁盤攻め	
6425	破面	
6426	破廉恥	
6427	破壊	
6428	破れ	
6429	破けた服	
6430	砕蜂	
6431	砂浜ラプソディ	
6432	砂塚あきら	
6433	砂九葉	
6434	石戸霞	
6435	石川涼美	
6436	短小	
6437	短パン	
6438	知世	
6439	矢印	
6440	矢	
6441	瞬霳黒猫戦姫	
6442	睡眠姦	
6443	睡眠	
6444	着衣露出	
6445	着衣越し授乳	tit milk
6446	着衣緊縛	bond
6447	着衣爆乳	tit
6448	着衣排便	sca
6449	着衣射し	cum
6450	着衣失禁	uro
6451	着衣噴乳	milk wear
6452	着衣内射精	cum
6453	着衣交尾	
6454	着衣くぱぁ/ローアングル	
6455	着物美人	
6456	着けてない	
6457	眼鏡巨乳女教師はどこに	tit
6458	眼鏡ピクシブたん	
6459	眼鏡はかけるもの	
6460	眼鏡っ娘コンビ	
6461	眼罩	
6462	眷トワ	
6463	眠鬼	
6464	真鏡名ミナ	
6465	真紅	
6466	真空壓縮	
6467	真白ちさと	
6468	真朱(C)	
6469	真女神転生	
6470	真中らぁら	
6471	真・女神転生Ⅲ	
6472	真っ二つ	
6473	相田沙良々	
6474	相変わらずの文字の小ささ	
6475	相互挿入	insert
6476	相互愛撫	
6477	直葉	
6478	直穿き	
6479	直播	
6480	直撃弾	
6481	直履き	
6482	目が星	
6483	目が幸せ	
6484	目がハート/即夜戦	
6485	目からウロコ	
6486	監獄戦艦	
6487	監獄学園	
6488	盗賊ベティ	
6489	监禁	
6490	皮剥ぎ	
6491	皮フェラ	
6492	皇牙サキ	
6493	皇くるみ	
6494	的主催	
6495	百鬼夜行	
6496	百聞は一見に如かず	
6497	百合百合	not_solo yuri
6498	百合園セイア(水着)	swim ©
6499	百合ハーレム	
6500	百合スカ	
6501	百合クンニ	mouth not_solo yuri
6502	白黒	
6503	白鹿愛莉	
6504	白鳥藍良	
6505	白鳥深琴	
6506	白鳥愛羅	
6507	白髪赤眼	
6508	白面金毛九尾	
6509	白面御前イヅナ	
6510	白露	
6511	白銀の城の召使いアリアンナ	
6512	白銀の城のラビュリンス	
6513	白金燐子	
6514	白衣の天使	
6515	白蛇	
6516	白蓮	
6517	白芷	
6518	白羽=ラフィエル=エインズワース	
6519	白石紬	
6520	白石マナツ	
6521	白眉魎呼	
6522	白百合騎士テティス	
6523	白玉みかん	
6524	白犬	beast
6525	白濁	cum
6526	白洲アズサ(水着)	swim ©
6527	白洲アズサ	
6528	白木芽衣子	
6529	白尾エリ	
6530	白宮明日華	
6531	白井黒子	
6532	白下着	
6533	白ワンピ	
6534	白バニー	
6535	白ニーソックス	
6536	白グローブ	
6537	白ギャルと黒ギャルの誘惑	
6538	白ギャル	
6539	白いレースの下着	
6540	発情脱糞	sca
6541	発情犬	beast
6542	発令!第十一号作戦	
6543	痴幼女	
6544	痴女戦士	
6545	痛かったら悲鳴あげてくださいねー	
6546	痛いのは嫌なので防御力に極振りしたいと思います。	
6547	疑似パイフェラ	tit dick
6548	異色肌	
6549	異端審問官(アラド戦記)	©
6550	異端審問官	
6551	異世界スーサイド・スクワッド	
6552	異世界サキュバス店シリーズ	
6553	番魔	
6554	町田月乃	
6555	男逆バニー	
6556	男湯の女の子	
6557	男水着チャレンジ	swim
6558	男性向け便所	
6559	男子便所	
6560	男子トイレですよ。お嬢さん。	
6561	男子スク水	swim
6562	男娼	
6563	男女エロ	
6564	男主陽	
6565	男主獅子	
6566	男主狐	
6567	男主女房	
6568	男トレーナー(ポケモンGO)	©
6569	男の狐	
6570	男の子	
6571	男の娘エルフ	
6572	男がキノピオに見えた	
6573	电锯人	
6574	申鶴(原神)	©
6575	甲河アスカ	
6576	甲板胸/極上の貧乳	tit
6577	由良	
6578	由比ヶ浜結衣	
6579	田中琴葉	
6580	田中あすか	
6581	産卵プレイ	
6582	生足	
6583	生誕祭	
6584	生穴	
6585	生活感	
6586	生成AI	
6587	生徒会にも穴はある!	
6588	生天目仁美	
6589	生命維持	
6590	生命のセレスティア	
6591	生前	
6592	生き恥ウェディングドレス	
6593	生き埋め	
6594	甘城Natsuki	©
6595	甘園房	
6596	甘やかし	
6597	環古達	
6598	瑠璃の宝石	
6599	瑞鳳	
6600	琵琶法師	
6601	琴吹	
6602	琴乃宮雪	
6603	琳妮特	
6604	琳奈	
6605	理性を破壊する程度の能力	
6606	理々奈	
6607	球体関節人形	
6608	現実逃避	
6609	現実は非情である	
6610	現実は非常である	
6611	班長	
6612	珠乃井ナナ	
6613	珍珠奶茶	tit-
6614	珍珠丁字裤	
6615	玲音(アイドルマスター)	©
6616	玩具	
6617	王妃	
6618	王女	
6619	王冠	
6620	王元姫	
6621	玉藻の前(水着)	swim ©
6622	玉舐め	tongue
6623	玉潰し	
6624	玉枝	
6625	玉揉みパイズリ	tit dick
6626	玉パン	
6627	獸人	
6628	獣婚	
6629	獣	fantasy
6630	獏乳	
6631	獅子王(Fate)	©
6632	獅子娘	
6633	猿飛忍	
6634	猫興野菜果	loli
6635	猫耳ロリ	
6636	猫耳カチューシャ	
6637	猫猫	
6638	猫宮ひなた	
6639	猫ポーズ	
6640	猫のポーズ	tit
6641	猫に授乳	
6642	猪熊陽子	
6643	猪熊美月	
6644	猪熊空太	
6645	猛き爪獣ウル	
6646	猎奇阴部	
6647	狼男	
6648	狼少女	
6649	狼姦	
6650	狼女	
6651	狼	
6652	狮蝎	
6653	狩人	
6654	狐白シリーズ	
6655	狐白RPG	
6656	狐ママ	
6657	犯行予告	pet sm
6658	犬拘束	
6659	犬山黒ヱ	fantasy sm
6660	犬化调教	uro pet
6661	犬のおしっこポーズ	beast
6662	犬と女の子	
6663	特殊拘束	
6664	特撮ヒロイン	
6665	物部布都	
6666	物扱い	beast
6667	牝犬	
6668	牛鳴き	
6669	牛飼娘	
6670	牛若丸(Fate)	©
6671	牛柄	
6672	牛崎潤美	
6673	牛子	
6674	牛仔	milk
6675	牛乳遊び	milk
6676	牛乳…?	
6677	片目	
6678	片桐早苗	
6679	片岡優希	
6680	爾子田里乃	
6681	爱液	
6682	爱数学	
6683	爆死	nip
6684	爆乳輪	tit
6685	爆乳大要塞	
6686	燃える!事典	
6687	熊姦	
6688	煙緋	
6689	煙管	
6690	煌	
6691	煉星姫シリウス	
6692	焼き印	
6693	焼きごて	
6694	無重力	
6695	無表情	
6696	無毛	
6697	無月ひさめ	
6698	無料AI画像生成	
6699	無料	
6700	無抵抗	
6701	無慈悲なアンケート	
6702	無彩限のファントムワールド	
6703	無修正	
6704	無人島	
6705	焔影リード(アークナイツ)	©
6706	炎炎ノ消防隊	
6707	炎の使い手ニクス	
6708	災難	
6709	灵魂潮汐	
6710	灰皿	
6711	灰原哀	
6712	火防女	
6713	火遊びでなければ良いのだな?	
6714	火煉討伐記録	
6715	火将ロシエル	
6716	火守女	
6717	火天	
6718	火刑	
6719	火傷	
6720	瀬南ももか	
6721	濡れ濡れ	
6722	濡れチアシリーズ	
6723	濃姫	
6724	激凸	
6725	澪梓	
6726	潤羽るしあ	
6727	潤美	
6728	漫研	
6729	漫畫	
6730	漫画じゃないよ	
6731	漣	
6732	漏尿	uro
6733	漂泊者	
6734	滝本ひふみ	
6735	溢れ精液/電マ/ゴミ捨て場/廃棄/拡張済み/身体に落書き	cum
6736	溢れ出るマン肉	
6737	溜め精液	cum
6738	準裸袴	
6739	満面の笑み	
6740	満月をさがして	
6741	湾内絹保	
6742	湊あくあ新衣装	
6743	游戏	
6744	港湾棲姫	
6745	温水佳樹	
6746	温かい目	
6747	渡辺星	
6748	渡我被身子	
6749	済安(アズールレーン)	©
6750	清水潔子	
6751	清楚ビッチ	
6752	清楚	
6753	清少納言(Fate)	©
6754	清姫(Fate)	©
6755	添い寝	
6756	混ぜるな危険	
6757	深空之眼	
6758	深海棲母ホウショウ	
6759	深森白夜	
6760	深圳校服	
6761	深刻な収容違反	
6762	淫魔降臨デビル☆カーニバル	
6763	淫獣学園	
6764	淫獣	
6765	淫堕の姫騎士ジャンヌ	
6766	淫乱化	
6767	淫乱の姫サキュバスクイーン	
6768	淫リンボー	
6769	涼風青葉	
6770	涼月(艦隊これくしょん)	©
6771	涼月	
6772	涼宮星花	
6773	涙ぐむ	
6774	涎	mouth
6775	海風	
6776	海瑟音	
6777	海江風	
6778	浴衣艦娘	
6779	浴潮	
6780	浴女房	
6781	浮波柚葉	
6782	浮気	
6783	浮力が発生するレベルのおっぱい	tit
6784	浮乳	tit
6785	浮き浮き乳首	nip
6786	浦風(艦隊これくしょん)	©
6787	浦和花子	
6788	浜辺	
6789	浜口あやめ	
6790	浅生由真互換機	
6791	流魅空	
6792	流螢	
6793	流し込み	
6794	津辺愛香	
6795	洞木ヒカリ	
6796	洗髪	
6797	洗腦	
6798	洗脳装置	
6799	洗脳済み	
6800	洗脳完了	
6801	洗脑	
6802	洗濯バサミ/アヘ顔	
6803	洋式	
6804	泳ぐ18禁	swim
6805	注射針	
6806	注射器	
6807	注ぐ	
6808	注:あくまでおしぼりです	
6809	泥だらけ	
6810	波打際のむろみさん	
6811	泡吹き	
6812	泡なのか…?	
6813	泡	
6814	沸き立つエロス	
6815	沧岚	
6816	沢渡ほのか	
6817	沢井結乃	
6818	沙花叉クロ	
6819	沙村広明『人でなしの恋』	
6820	沙恩霍斯特	
6821	沙九葉(SAKYUUBA)	
6822	沓沢真生	
6823	決めポーズ	
6824	池倉マリナ	
6825	江風改二	
6826	江風(アズールレーン)	©
6827	汚メイド喫茶	
6828	汚れ足	
6829	汗だくセックス	
6830	汉服	
6831	汁男優	cum
6832	汁濁	
6833	永遠の七日	
6834	永远的七日之都	
6835	永远的7日之都	
6836	永吉昴	
6837	永井豪	
6838	氷結のアスタロト	
6839	氷川紗夜	
6840	氷室鐘	
6841	氷	
6842	水龍舞	
6843	水魔法	
6844	水面下	
6845	水霊使いエリア	
6846	水鉄砲	
6847	水野	
6848	水遊び	
6849	水谷絵理	
6850	水蘭児	
6851	水着霊夢	swim
6852	水着跡	swim
6853	水着ブーツ	swim
6854	水着パーカー	swim
6855	水着タイツ	swim
6856	水着ジャージ	swim
6857	水着グレア	swim
6858	水着エプロン	swim costume
6859	水着ウマ娘	swim
6860	水着のスイレン	swim
6861	水玉コラ	
6862	水瀬渚	
6863	水濡れ	
6864	水浴びエルフシリーズ	
6865	水泳	swim
6866	水橋パルスィ	
6867	水樹奈々	
6868	水木聖來	
6869	水月	
6870	水星纪念	
6871	水手服	swim
6872	水戸郁魅	
6873	水彩	
6874	水嶺のシズク	
6875	水城結華	
6876	水城不知火	
6877	水兰儿	
6878	水中結合	
6879	水のエレメンタル	
6880	水	
6881	気絶	
6882	気密服	
6883	民族衣装	
6884	民族	
6885	民意(エロ)が活かされた	
6886	比叡(アズールレーン)	©
6887	比叡	
6888	毒药	
6889	母蜘蛛	
6890	母狗	beast
6891	母娘丼	
6892	母乳鉄砲	tit milk
6893	母乳極め	tit milk
6894	母乳体質	tit milk
6895	殺生院リリィ	
6896	殺生院キアラ(水着)	swim ©
6897	段ボール	
6898	死霊魔術師メメント	
6899	死の悪魔	
6900	死なずの姫君	
6901	歴代女性同行者	
6902	歯磨きフェラ	mouth
6903	歯形	
6904	歩くセックス	
6905	武道家	
6906	武藏	
6907	武蔵改二	
6908	武蔵ちゃん	
6909	武蔵(アズールレーン)	©
6910	武田弘光	
6911	武器屋カトレア	
6912	武器	
6913	武内優香	
6914	武具	
6915	正面絵	
6916	正義のセーラー服ナイト	
6917	正経同人	
6918	歌住サクラコ	
6919	欲情	
6920	欲尿	uro lust
6921	次の犠牲者	
6922	欠损	
6923	櫻待冬子	
6924	櫛谷智子	
6925	機動戦士ガンダム第08MS小隊	
6926	機動戦士ガンダムGQuuuuuuX	
6927	機動戦士ガンダム	
6928	機動戦士Ζガンダム	
6929	橙汁	
6930	橙	
6931	橘ヒカリ	
6932	橘ノゾミ	
6933	橘サクヤ	
6934	樫野	
6935	横山千佳	
6936	横チン	
6937	槍間くるみ	
6938	槌永ヒヨリ	
6939	榛名ちゃんマジ天使	
6940	榛名(艦隊これくしょん)	©
6941	榛名(アズールレーン)	©
6942	榊原里美	
6943	極限機能測試中	
6944	極太ディルド/馬ディルド	
6945	極上の谷間	
6946	極上の腹筋	
6947	極上の腋	
6948	極上の胸チラ	
6949	極上の背中	
6950	極上の肌	
6951	極上の太もも	
6952	極上の乳…	tit
6953	極上の乳/魅惑の谷間	tit
6954	極上の乳/首輪/しゃがみ/乳寄せ/放尿/飲尿/水たまり	tit uro mouth
6955	極上のM	
6956	楠琴葉	
6957	楊貴妃	
6958	椎名唯華	
6959	椎名千鶴	
6960	椅子取りゲーム	
6961	棺零	
6962	森羅万象	
6963	森様	
6964	森島はるか	
6965	森カリオペ	
6966	棘バイブ	
6967	棒球	
6968	棒アイス	
6969	梶山浩	
6970	梓	
6971	梅花十三	
6972	桜田ハネ	
6973	桜田のり	
6974	桜森真帆	
6975	桜崎華菜	
6976	桜島麻衣	
6977	桜守歌織	
6978	桜坂しずく	
6979	桜井真一	
6980	桜井夢子	
6981	桜井千里	
6982	桜井ミヨ	
6983	桑山千雪	
6984	桐生キキョウ	
6985	桐条美鶴	
6986	桃鈴ねね	
6987	桃祈	
6988	桃子ちゃん	
6989	桃井愛莉	
6990	桃まん	
6991	格闘	
6992	格差姦	
6993	根性焼き	
6994	根倉杏子	
6995	校舎	
6996	栞葉るり	
6997	栗林志乃	
6998	栗みたいな口	mouth
6999	柴田美月	
7000	柚鳥ナツ	
7001	柚子	
7002	柔らか唇	
7003	柊柚子	
7004	柄ニー	
7005	枕営業	
7006	极上の女体	
7007	松柏彩歌	
7008	松本頼子	
7009	松本沙理奈	
7010	松山夢姫	
7011	松堂言葉	
7012	東風舞希	
7013	東雲幽紀	
7014	東雪蓮	
7015	東條希生誕祭2017	
7016	東条希	
7017	東方遊兎戯	
7018	東方逆遊兎	
7019	東方輝針城	
7020	東方紺珠伝	
7021	東方紅楼夢	
7022	東方百合	not_solo yuri ©
7023	東方深秘録	
7024	東方横顔美人	
7025	東方助平服	
7026	東方メイド服	
7027	東方ドリンクバー	
7028	東方うごイラ	
7029	東方PROJECT	
7030	東山コベニ	
7031	東城綾	
7032	東和	
7033	東北イタコ	
7034	杭打ち騎乗位	
7035	杭打ち	
7036	来生瞳	
7037	杜乃こりす	
7038	村雨	
7039	材质	
7040	杏仁豆腐	
7041	李素裳	
7042	李原りこ	
7043	杉本彩	
7044	朽葉千咲	
7045	机械姦	
7046	机械	
7047	朴ゆう	
7048	朱鸢	
7049	朱雀の化身・レイラン	
7050	札束	
7051	本編でも堕ちました	
7052	本番は何も言えなくなってから	
7053	本田珠輝	
7054	本田未央	
7055	本条寺あきら	
7056	本当は怖い幻想郷	
7057	未花	
7058	未経験(だった)	
7059	未来(閃乱カグラ)	©
7060	未亡人	
7061	木漏れ日	
7062	朝顔ハナエ(応援団)	©
7063	朝顔	
7064	朝霧陽子	
7065	朝潮(艦隊これくしょん)	©
7066	朝潮	
7067	朝比奈まふゆ	
7068	朝ヶ谷琳	
7069	望月穂波	
7070	服部半蔵鮎香	
7071	服交換	
7072	服の上から乳を吸う	tit
7073	服と自由を奪われた状態で顔以外鞭打ち	ryona
7074	有馬かな	
7075	有栖川夏葉	
7076	月里光	
7077	月読調	
7078	月読アイ	
7079	月村手毬	
7080	月岡恋鐘/白瀬咲耶/桑山千雪/有栖川夏葉	
7081	月光(閃乱カグラ)	©
7082	月の獅子	
7083	月	
7084	最高の笑顔	
7085	最愛チアモ	
7086	最古シリーズ	
7087	最上(艦隊これくしょん)	©
7088	最カワ☆	
7089	書道	
7090	書初め	
7091	更衣室	
7092	曲(パニグレ)	
7093	曲	
7094	曙	
7095	暴露	
7096	暴雨	
7097	暴力	
7098	暗黒プリンセス	
7099	暑中見舞い	
7100	暁美ほむら	
7101	暁山瑞希	
7102	暁切歌	
7103	晴れ着	
7104	普瑞賽斯	
7105	普尔亚	
7106	時雨改二	
7107	時津風	
7108	時崎狂三	
7109	昼寝好きのラピヌ	
7110	昼寝	
7111	春原彩花	
7112	春原シュン	
7113	春先のどか	
7114	春乃撫子	
7115	春丽	
7116	春の習い	
7117	映姫	
7118	星野ルビー	
7119	星野ありす	
7120	星輝子	
7121	星见雅	
7122	星空	
7123	星汐seki	
7124	星欲少女	
7125	星柄パンツ	
7126	星条旗ビキニ	swim
7127	星律动	
7128	星奈	
7129	星塔旅人	
7130	星ホタ	
7131	昔の金箔と同レベルの封入。。	
7132	昏昏アリア	
7133	明石	
7134	明前奶绿	milk
7135	早乙女乱馬	
7136	早乙女らんま	
7137	旧スク水	swim
7138	旧スク	swim
7139	日野森志歩	
7140	日焼	
7141	日本刀	
7142	日本アニメ(-ター)見本市	event
7143	日影(閃乱カグラ)	©
7144	日常	
7145	日向雏田	
7146	日下部みさお	
7147	既成事実	
7148	无量塔姬子	
7149	无修	
7150	旗風(艦隊これくしょん)	©
7151	旗風	
7152	旋光の輪舞	
7153	新田ーニャ	
7154	新年雪合戦	
7155	新島真	
7156	新山みすず	
7157	新刊サンプル	
7158	新入生	
7159	新党のほほん	
7160	新体操	
7161	新しい表現	
7162	断髪	
7163	断面	
7164	斬妖Raksasi	
7165	斗罗大陆	
7166	斗破苍穹	
7167	斑鳩ルカ	
7168	斎森美世	
7169	斉藤洋子	
7170	文化祭	
7171	文	
7172	敵艦隊のチャイドル	©
7173	敵艦隊のグラドル	©
7174	整備士	
7175	教堂	
7176	敗北者	
7177	敖闰	
7178	放送事故	
7179	放課後	
7180	放心	
7181	放尿プレイ	uro
7182	攻撃ボタン長押し状態!!	
7183	改造人間	
7184	支配の悪魔	
7185	攝影	
7186	擬獣化	
7187	擬牝台	
7188	擬人	
7189	撮影会	
7190	撮る人は撮られる人	
7191	撫で回したくなる尻	
7192	撞球台	
7193	摩耶(艦隊これくしょん)	©
7194	摩多羅隠岐奈	
7195	搾精艦	
7196	搾乳器	milk gear
7197	搖滾是淑女的嗜好	
7198	揺れる胸	tit
7199	援助交配	
7200	援交の御子	
7201	插圖	
7202	描かせていただきました	
7203	描いてもいいのよ(レス	
7204	揉みしだきたい	
7205	揉みしだき	
7206	掴み易い髪の毛	
7207	掴みシーツ	
7208	掰穴	
7209	接写	
7210	探検ドリランド	
7211	授業	
7212	授乳手マン	tit milk dick
7213	授乳ブラ	tit
7214	捨て猫	
7215	捕食	
7216	捕獲	
7217	挟尿	tit uro
7218	挟みたい乳	tit
7219	挟まれたい	
7220	指輪コキ	mouth dick
7221	指輪っか手コキ	dick
7222	指輪っか	
7223	指揮官(アズールレーン)	©
7224	指折り	
7225	指南ショーコ	
7226	指切り	
7227	指入れ	insert
7228	指ブラ	
7229	指フェラ	mouth
7230	指チュパ	
7231	指コキ	dick
7232	指ぬきグローブ	
7233	持物戦争	
7234	拳銃	
7235	拡張/拡張済み/Dilation_belt/ガバマン/肉便器	uro
7236	拘束絶頂	
7237	拘束ミトン	
7238	拘束おもらし	
7239	拘束/緊縛	bond
7240	拘束/ニードルプレイ/器具くぱぁ/ぐぱぁ/拡張済み	
7241	拘束/ぐぱぁ/拡張	
7242	拉珠	
7243	抽腸	
7244	押田(GuP)	©
7245	押し倒し	
7246	押しボタン式信号機	
7247	抱きしめる	
7248	护士	
7249	技絵	
7250	扳机	
7251	托卵	
7252	打屁股	ass
7253	才羽ミドリ	
7254	手錠/鎖/ずらし挿入/騎乗位/キャミソール/肩紐ずらし	insert
7255	手綱乳首	nip
7256	手淫	mast
7257	手ブラは洋服	
7258	手ハート	
7259	手コキ素振り	dick
7260	手ぶら	
7261	扇風機ぶわさ	
7262	所恵美	
7263	戦闘員	
7264	戦術教官ケイティ	
7265	戦艦少女R	
7266	戦艦ル級	
7267	戦士♀︎	
7268	戦場のヴァルキュリア	
7269	戦國ストレイズ	
7270	戦国ランス	
7271	戦国コレクション	
7272	戦国IXA	
7273	戦利品	
7274	戦刃むくろ	
7275	戦争の悪魔	
7276	戦乙女エミリア	
7277	战败	
7278	战舰少女R	
7279	战绳	
7280	战双帕弥什	
7281	我的愛人	
7282	我慢	
7283	我恨你像块木头	
7284	我妻由乃	
7285	我が子を孕め	
7286	我々の業界では最上のご褒美です	
7287	我々の宗派では神徳です	
7288	成熟	
7289	成海萌奈	
7290	成人向け	
7291	懺悔室	
7292	懶妹	
7293	懲罰	
7294	感度3000倍	
7295	愛麗絲·泰姆菲爾德	
7296	愛清フウカ	
7297	愛液飲ませ	
7298	愛液トロトロおまんこ	pussy
7299	愛園愛美	
7300	愛原ほなみ	
7301	愛の蜜	
7302	愛のあるアナルセックス	anus
7303	愛と希望の暁星	
7304	惚れときどきヌクもり	
7305	悪魔羽	
7306	悪魔祓い	
7307	悪魔姉妹	
7308	悪魔城ドラキュラ	
7309	悪魔のヘアバンド	
7310	悪魔っ子	
7311	悪鬼スマイル	
7312	悪戯	
7313	悪役令嬢	
7314	悪堕	
7315	悪キュアビューティ	
7316	悩殺	
7317	悠久幻想曲	
7318	恵庭椎	
7319	恥ずかしい滝	
7320	恥じらい	
7321	恒例行事	
7322	恐怖脱糞	sca
7323	恐怖に支配された鎮守府	
7324	恐怖	
7325	恐山アンナ	
7326	恍惚	
7327	恋慕のコンパニオン	
7328	恋愛	
7329	怪盗ジャンヌ	
7330	怪物	
7331	怪奇ゾーングラビティフォールズ	
7332	性行為	
7333	性欲の権化	
7334	性欲	
7335	性教育実習	
7336	性感	
7337	性女	
7338	性大祭9	
7339	性夜	
7340	性器破壞	
7341	性具散乱	
7342	性具	
7343	性の自由研究	
7344	急所責め	
7345	急所攻撃	
7346	急性アルコール中毒	
7347	快感携帯電話相談室	
7348	忘归人	
7349	志村ー!漢字漢字!	
7350	志木麗佳	
7351	忍び	
7352	心臓貫通	insert
7353	心臓	
7354	心夏	
7355	徳川まつり	
7356	微笑み	
7357	御札	
7358	御巫(遊戯王)	©
7359	御巫	
7360	御子神リコ	
7361	御咲灯花	
7362	後ろ矢筈	
7363	後ろ手	
7364	後ろから見えるおっぱい	tit
7365	律子	
7366	影森みちる	
7367	彩華	
7368	形くっきりペニス	dick
7369	强迫	
7370	强暴	
7371	弹丸论破	
7372	強気	
7373	強制飲食	
7374	強制百合	not_solo yuri
7375	強制オナニー	sm mast
7376	強制くぱぁ	
7377	強催眠club	
7378	強催淫性フェロモン噴出	
7379	弱音ハク	
7380	弦巻マキ	
7381	弦乃咲のお題箱	
7382	张腿	
7383	弟は見た	
7384	弓道	
7385	弓矢	
7386	弓田信哉	
7387	弓兵ソーマ	
7388	弓使い	
7389	弁財天(モンスト)	©
7390	弁財天	
7391	弁天(うる星やつら)	©
7392	弁天	
7393	开大车	
7394	廣井きくり	clit
7395	廉恥	
7396	廃病院	
7397	廃墟	
7398	廃人(ガチ)量産機	
7399	废墟图书馆	
7400	店員さん	
7401	店員	
7402	底なし沼	
7403	床舐め	tongue
7404	幽霊娘	
7405	幽灵鲨	
7406	幽灵娘	
7407	幼児化	
7408	幻想郷一位の藍さま	
7409	幻想	
7410	幻夢戦記レダ	
7411	幸せの象徴	
7412	年賀イラスト	
7413	年末のご挨拶	
7414	平野美晴	
7415	平和	
7416	師匠ランサー	
7417	希露·珂露蒂娅	
7418	布越し射精	cum
7419	布越しセックス	
7420	布田裕美音	
7421	布団	
7422	市川雛菜	
7423	市中引き回し	
7424	巾着袋	
7425	巳年	
7426	差分希望	
7427	巫女水着	swim costume
7428	巨根白腰夢	dick
7429	巨尻/調教	
7430	巨大的蛋蛋	
7431	巨大ロボット	
7432	巨乳魔王の敗北	tit
7433	巨乳長	tit
7434	巨乳兵	tit
7435	巨乳ランドセル	tit
7436	巨乳ファンタジー	tit
7437	巨乳キャラクター	tit
7438	巨乳を超えた大巨乳	tit
7439	巨マン/巨クリ/巨乳首/小陰唇/サンタコス/アナルパール	clit pussy anus nip
7440	巨マン	
7441	左手薬指	
7442	左右非対称乳	tit
7443	工口处刑	
7444	巡洋艦	
7445	川島瑞樹	
7446	川島みなみ	
7447	川咲さくら	
7448	川内	
7449	川井モナ	
7450	崩壊;スターレイル	
7451	崩坏星穹铁道Honkai:	
7452	崩坏	
7453	崩三	
7454	島風の服	
7455	島風(艦隊これくしょん)	©
7456	島田千代	
7457	島村卯月/前川みく/水本ゆかり/乙倉悠貴/佐久間まゆ	
7458	島村	
7459	峰津院都	
7460	峰不二子	
7461	岩永琴子	
7462	岡崎みく	
7463	岁己sui	
7464	山神カルタ	
7465	山猪	
7466	山本玲	
7467	山城由依	
7468	山城(アズールレーン)	©
7469	屍姦	
7470	屋内	
7471	屈辱/恥辱/辱め/羞恥/無様エロ/尊厳破壊/痴態	
7472	尿道処刑	pussy expose ryona
7473	尿道/Dilation_belt_ぐぱぁ/拡張/子宮口	pussy expose gear
7474	尿浴び	uro
7475	尿欲	uro lust
7476	尿ぶっかけ	uro cum
7477	尾鳥たん	
7478	尾刃カンナ	
7479	尼奥波莉丹	
7480	尻鷲掴み	ass
7481	尻肉	ass
7482	尻神様/かわいいお尻	ass
7483	尻神样	ass
7484	尻破れ	ass
7485	尻尾オナホ	mast toy
7486	尻合わせ	ass
7487	尻にマーク	ass
7488	尸解ユヱ	
7489	少女入浴中	
7490	少女と裏路地	
7491	少佐	
7492	少し消化されている	
7493	小麦色の肌	
7494	小麦肌	
7495	小鳥遊聖	
7496	小鳥遊美羽	
7497	小鳥遊キアラ	
7498	小野寺小咲	
7499	小豆沢こはね	
7500	小豆梓	
7501	小舞	
7502	小穴塞袜子	
7503	小穴	
7504	小瀬川白望	
7505	小早川凛子	
7506	小日向彩羽	
7507	小悪魔王・織田信長	
7508	小峠英二	
7509	小妻要	
7510	小便器舐め	tongue uro toilet
7511	小便シャワー	uro
7512	小人	
7513	尋問	
7514	封神	
7515	寿真	
7516	寿みなみ	
7517	対魔忍アサギ(アニメ)	tm
7518	対魔忍RPG	
7519	対面座位	
7520	寶月夜宵	
7521	寧々たん絵	
7522	寝転びション	uro
7523	寝巻き	
7524	寝室	
7525	寝バック	
7526	寒冷フェチ	
7527	寒中お見舞い	
7528	密着	
7529	寅丸星	
7530	寅	
7531	寄せ乳	tit
7532	家守霧子	
7533	家具	
7534	家元	
7535	宵崎奏	
7536	宴	
7537	宮廷剣士サビーネ	
7538	宮崎邑	
7539	宮尾美也	
7540	宮下愛	
7541	室内	
7542	実況	
7543	宝瞳マリン	
7544	宝可梦	
7545	定点カメラ	
7546	宗教画	
7547	完熟四季王	
7548	完成	
7549	完堕ちキス	
7550	完堕ち	
7551	完全裸	
7552	安藤(GuP)	©
7553	安産祈願	
7554	安産	
7555	安心院アンジェリーナ	
7556	安心して下さい、生えてますよ	
7557	安全日	
7558	安ピンの日	
7559	守岸人	
7560	守りたい、この笑顔	
7561	宇津见绘里世	
7562	宇崎瞳	
7563	宇宙戦艦ヤマト	
7564	宇宙ドーナツ	
7565	宇宙	
7566	宇佐美みいな	
7567	宅配便	
7568	宁茵	
7569	学生艦娘	
7570	学園ロマンチカ	
7571	学園トロイメライ	
7572	孕婦	
7573	子宮責め	
7574	子宮摘出	
7575	子宮オナホ	mast gear
7576	子宮をノック	
7577	子宮のポーズ	
7578	子供化	
7579	嬲	
7580	嬉ション	uro
7581	嫐	
7582	媚薬ローション	
7583	婦人警官	
7584	娜美	
7585	娘化	
7586	姫騎士	
7587	姫野(チェンソーマン)	©
7588	姫海棠はたて	
7589	姫川友紀	
7590	姫始め	
7591	姫初め不可避	
7592	姫	
7593	委員長	
7594	姉蜘蛛	
7595	姉浜	
7596	姉体験週間	
7597	妹様マジ天使	
7598	妲己(Fate)	©
7599	妲己	
7600	妮露	
7601	妮可	
7602	妬視	
7603	妖精騎士ガウェイン	
7604	妖怪	
7605	妖夢	
7606	妊娠確実	
7607	妊娠確定	
7608	妊娠DB	
7609	妃咲	
7610	如月火煉	
7611	如月ハニー	
7612	奶子	milk
7613	奴隷服	
7614	奴隷娼婦	
7615	奴隷堕ち	
7616	女魔王(ステラソラ)	©
7617	女魔法使い(DQ3)	©
7618	女高中生	
7619	女賢者	
7620	女装男子	
7621	女装少年	
7622	女肉	
7623	女神	
7624	女相撲	
7625	女盗賊	
7626	女湯	
7627	女格鬥家	
7628	女戰士	
7629	女戦士(DQ3)	©
7630	女性秘書	
7631	女性形デジモン	
7632	女性同士	
7633	女幽霊	
7634	女尻	ass
7635	女尊男卑	
7636	女孩	
7637	女子小学生	
7638	女子学生	
7639	女天使	
7640	女囚縛り	bond
7641	女医	
7642	女化	
7643	女勇者(DQ3)	©
7644	女児水着	swim
7645	女児ぱんつ	
7646	女僧侶(DQ3)	©
7647	女僕	
7648	女体盛り	
7649	女体燭台	
7650	女体化注意	
7651	女体の神秘	
7652	女仆	
7653	女上連串し喉奥	throat
7654	女レンジャー(アラド戦記)	©
7655	女モンスター	
7656	女ピエロ	
7657	女セルフ飲尿	uro mouth lust
7658	女グラップラー(アラド戦記)	©
7659	女クルセイダー(アラド戦記)	©
7660	女ガンナー	
7661	女の性欲	
7662	女の子同士	
7663	女の子の日	
7664	女×ふた	
7665	奪われた刻印	
7666	奥沢美咲	
7667	奥村春	
7668	奥戸羽スミレ	
7669	奏流院朱美	
7670	奉仕部	
7671	奈奈姫	
7672	失踪した妻からの寝取られビデオレター	
7673	夫婦以上、恋人未満。	
7674	太極図	
7675	太ももからこんにちは	
7676	天馬司	
7677	天雨アコ(ドレス)	©
7678	天院紅呼鈴	
7679	天野陽菜	©
7680	天野寧々	©
7681	天野めぐみはスキだらけ!	
7682	天野めぐみはスキだらけ	
7683	天野めぐみ	©
7684	天色*アイルノーツ	
7685	天羽雅音	
7686	天空橋朋花	
7687	天空の花嫁	
7688	天王洲なずな	
7689	天狼拳エメラルダ	
7690	天火	
7691	天才	
7692	天川薫子	
7693	天宮薫子	
7694	天城	©
7695	天地無用!魎皇鬼	
7696	天地無用!	
7697	天内理子	
7698	天元突破グレンラガン	
7699	天使ルリエル	
7700	天使みゅ。	
7701	天使の悪魔	
7702	天使しかいない	
7703	天体	
7704	天乳	tit
7705	天ノ川きらら	
7706	天々座理世	
7707	大黑塔	
7708	大麻	
7709	大鳳(戦艦少女)	
7710	大鳳(META)	
7711	大魔王と八つの柱駒	
7712	大鎌	
7713	大量放尿	uro
7714	大量ぶっかけ	cum
7715	大輪姦	not_solo sex sm
7716	大褐色時代	
7717	大藍祭	
7718	大艦巨乳主義/即夜戦	tit
7719	大胆なおっぱい	tit
7720	大空直美	
7721	大神澪	
7722	大破	
7723	大淀(艦隊これくしょん)	©
7724	大淀	
7725	大気光	
7726	大槻唯/及川雫/久川凪/城ヶ崎莉嘉/藤原肇/桐生つかさ	
7727	大槻唯	
7728	大根	
7729	大張正己	
7730	大峰	
7731	大屁股	ass
7732	大宮忍	
7733	大姐姐	
7734	大垣ひなた	
7735	大喬	
7736	大凤	
7737	大便	sca
7738	大人の女性	
7739	大人の世界	
7740	大丈夫だ、問題ない	
7741	大おもらし	
7742	大9州東方祭	
7743	夢野花梨	
7744	夢幻戦士ヴァリス	
7745	夜桜	
7746	夜景	
7747	夜叉姫	
7748	多萝西	
7749	多喜	
7750	多人数	
7751	多々良小傘	
7752	夕部ゆり	
7753	夕焼ヒノ	
7754	夕焼け	
7755	夕暮れ	
7756	夕時雨	
7757	夕張	
7758	夏空のやくそく	
7759	夏神楽	
7760	夏目アンアン	
7761	夏洛特	
7762	夏侯雪	
7763	夏休みの工作(子供)	
7764	夏の災難!?	
7765	夏の思い出	
7766	変身	
7767	変態王子と笑わない猫。	
7768	変態王子と笑わない猫	
7769	変態女	
7770	変幻装姫シャインミラージュ	
7771	売買	
7772	売り切れてるよ…再販希望	
7773	声望	
7774	声我慢	
7775	士道さん美味しそうですわ	
7776	壊理	
7777	壁ション	uro
7778	塩見周子	
7779	塞雷娅	
7780	塞蕾斯蒂娅	
7781	堕霊夢	
7782	堕姫	
7783	堕ち	
7784	堀北鈴音	
7785	埴安神袿姫	
7786	城壁のハチコ	
7787	埋まりたい乳	tit
7788	埃塞克斯	
7789	地雷	
7790	地産地消	
7791	地球は青かった	
7792	地獄先生ぬ〜べ〜	
7793	地味	
7794	地下闘技場	
7795	地下足袋	
7796	地下室	
7797	地下アイドル羞恥露出ライブ	
7798	地下アイドル	
7799	圧倒的なアンケート	
7800	圣路易斯	
7801	圣诞	
7802	圣地亚哥	
7803	土佐(アズールレーン)	©
7804	園崎魅音	
7805	图耶	
7806	国风	
7807	固法美偉	
7808	固め	
7809	図書館	
7810	囲夜琴音	
7811	因幡はねる	
7812	四肢封印	
7813	四竜大公	
7814	四条貴音/三浦あずさ/桜守歌織/百瀬莉緒	
7815	四本腕	
7816	四国めたん	
7817	囚犯	
7818	囚人服	
7819	囚われの身	
7820	器具くぱぁ	
7821	噛みつき	
7822	噂のガノトトス	
7823	嘉米	
7824	喷水	
7825	喷乳	milk
7826	喪服	
7827	喉射	throat
7828	喉奥射精	cum throat
7829	商業誌	
7830	商業	
7831	商人ちゃん	
7832	唾液風呂	mouth
7833	唯登詩樹	
7834	唯	
7835	唐九夏还想再躺一下	
7836	唐九夏	
7837	哪吒之魔童闹海	
7838	哥布林	
7839	咲畑梨深	
7840	咥えゴム(使用済み)	mouth
7841	和風ビキニアーマー	costume
7842	和铃	
7843	和泉香織	
7844	和泉愛衣	
7845	和泉元エイミ(臨戦)	©
7846	和彫	
7847	和式便所	
7848	和室	
7849	咀嚼	
7850	呪術廻戦	
7851	周防桃子	
7852	周防有希	
7853	吹雪	
7854	吹寄制理	
7855	吸血鬼狩人フーリ	
7856	吸血鬼	
7857	吸い付きたくなるオッパイ	tit
7858	吟霖	
7859	吞精	cum
7860	君のことが大大大大大好きな100人の彼女	
7861	君たちにとっては多分、パラレルワールドの出来事だ	
7862	吐舌	tongue
7863	后入式	
7864	后入	
7865	名札	
7866	名探偵プリキュア!	
7867	名古屋団地	
7868	同意せざるを得ない	
7869	同人再録	
7870	同一CP	
7871	同キャラ	
7872	吊袜带	
7873	吊带袜天使	
7874	吊り革	
7875	吉田優子	
7876	吉安娜	
7877	合法乳首	nip
7878	司波深雪	
7879	右下のパイズリ	tit dick
7880	台詞無し4ページ・マンガ	
7881	可畏(碧蓝航线)	©
7882	可畏	
7883	可琳	
7884	可愛い女子	
7885	可愛い女の子	
7886	可哀想な藍様	
7887	召雷剣【麒麟帝】	
7888	召姦	
7889	召喚少女	
7890	古鷹(艦隊これくしょん)	©
7891	古鷹	
7892	古関ウイ	
7893	古賀ゆいな	
7894	古見さんは、コミュ症です	
7895	古装	
7896	古米	
7897	古手梨花	
7898	古代エジプト	
7899	口隠し	mouth
7900	口腔性交	mouth
7901	口球	mouth
7902	口内指責め	mouth
7903	口中射精	cum
7904	口マンコ	pussy mouth
7905	口	mouth
7906	叢雲改二	
7907	叢雲/古鷹/加古	
7908	受容死	
7909	受けツリ眼	
7910	取扱説明書	
7911	反差	
7912	双葉理保	
7913	双葉杏	
7914	友達の妹が俺にだけウザい	
7915	友人A	
7916	参加型	
7917	原神イラコン2周年衣装	
7918	原画	oc
7919	原田真琴	
7920	原尻	
7921	原创角色	oc
7922	厚化粧	
7923	即負け	
7924	即堕ち	
7925	卯月	
7926	卜灵	
7927	卜卜	
7928	博艾	
7929	博礫	
7930	博安	
7931	博傭	
7932	単行本宣伝(成人漫画)	
7933	単根	
7934	南野奏	
7935	南瓜	
7936	南夢芽	
7937	南半球×2	
7938	卒アルデリヘル	
7939	卑弥呼(Fate)	©
7940	半龍半人	
7941	半首(はつぶり・小具足)	©
7942	半熟英雄	
7943	午年	
7944	千鶴ちゃん開発日記	
7945	千鶴	
7946	千鳥ヶ淵愛音	
7947	千葉凪沙	
7948	千草ナナ	
7949	千織(原神)	©
7950	千枝	
7951	千束	
7952	千早愛音	
7953	千斗	
7954	千手攻め	
7955	千川ちひろ	
7956	千堂瑛里華	
7957	千凛あゆむ	
7958	北条沙都子	
7959	北条そふぃ	
7960	北方棲姫	
7961	北斗(原神)	©
7962	北大路さつき	
7963	勘解由小路ユカリ	
7964	動物耳	fantasy
7965	動物森友會	tm
7966	勇者用壁紙	
7967	勇者向け	
7968	勇者	
7969	勇気爆発バーンブレイバーン	
7970	勇儀姐さん	
7971	勃起ペニス	dick
7972	加賀道夫	
7973	加賀(艦隊これくしょん)	©
7974	加賀(アズールレーン)	©
7975	加奈子と千尋	
7976	劇画	
7977	割烹着	
7978	割れ目	
7979	剧情	
7980	剥製	
7981	剥ぎ取れそうなパンツ	
7982	剣士ミーティア	
7983	剣士ショート	
7984	剣オナニー	mast toy
7985	前転	
7986	前立腺	
7987	前掛けだけ隠岐奈	
7988	前手縛り	
7989	前戯	
7990	前屈み	
7991	前垂れ	
7992	前かがみ	
7993	刻刀	
7994	刻俄柏	
7995	刺青/タトゥー/巨乳首	tit
7996	刺客伍六七	
7997	制裁	
7998	制服裸足	
7999	利根型	
8000	利根(艦隊これくしょん)	©
8001	利根	
8002	利尿剤	uro
8003	別冊コミックアンリアル	
8004	初風	
8005	初音未来	
8006	初雪	
8007	初月	
8008	初春飾利	
8009	刑務所	
8010	切腹	
8011	切株	
8012	切原眞子	
8013	切り株	
8014	切り取り線	
8015	切り刻み	
8016	分身姦	
8017	刃物	
8018	刀使ノ巫女	
8019	出したい砲台	
8020	凰鈴音	
8021	処女ビッチ	
8022	処女アナル	anus
8023	凛(ウルトラヒロイン)	©
8024	凍傷	
8025	冷やし女の子はじめました	
8026	冴えカノ	
8027	冥土へ誘うものアイリ	
8028	冥冥	
8029	冒険者	
8030	再掲	
8031	再投稿	
8032	円城咲耶	
8033	円光	
8034	内視鏡	
8035	内田ユカ	
8036	兽人	
8037	共通点:へそ出し	
8038	共通点:おっぱい	tit
8039	六郷沙織	
8040	六角形の宝石を探す本	
8041	六本腕	
8042	六本木サディスティックナイト	
8043	六尺褌	
8044	公開処刑	
8045	公有物少女	
8046	公式が追いついた	
8047	公園	
8048	公共场合	
8049	八雷神	
8050	八重樱	
8051	八重桜	
8052	八重の桜	
8053	八神ヒカリ	
8054	八神コウ	
8055	八男って、それはないでしょう!	
8056	八王子直人	
8057	八潮瑠唯	
8058	八代護	
8059	兩穴	
8060	全身網タイツ	
8061	全身コキ	mouth dick
8062	全裸露出	
8063	全裸登校	
8064	全裸待機	
8065	全裸コート	
8066	全裸になると変身バンク開始	
8067	全年齢	
8068	全員集合	
8069	內臟	
8070	入須冬実	
8071	入れ墨	
8072	児玉りん	
8073	児玉さん	
8074	兎耳	
8075	兎と人参	
8076	克利奥佩特拉	
8077	光魔后妃リリス	
8078	光神話・パルテナの鏡	
8079	光焔の御子シャルロット	
8080	光焔の御子	
8081	光影练习	
8082	光学迷彩	
8083	光井ほのか	
8084	光る目	
8085	光のコヤンスカヤ	
8086	光と水のダフネ	
8087	光	
8088	先輩最高です。	
8089	先生ありのままでイキマショウw	cum
8090	先生!中出しは修正ですか?	cum
8091	先ホシ	
8092	先っぽちゅーちゅー	
8093	先っちょ当て	
8094	先っちょフェラ	dick
8095	優曇華	
8096	儀玄	
8097	僧侶	
8098	僕##のヒーローアカデミア	
8099	像素	
8100	傾国	
8101	傳說對決	
8102	催眠調教	
8103	催眠術2	
8104	催眠性指導	
8105	催眠JKシリーズ	
8106	催淫弾	
8107	催淫媚薬粘液	
8108	傘木希美	
8109	傘	
8110	偽島	
8111	側位	
8112	停云	
8113	倉敷麗華	
8114	俺ツイ	
8115	俺は全てを【パリイ】する	
8116	俺の知ってる落書きと違う	
8117	俺の名を言ってみろ	
8118	俺の主砲が一斉掃射	
8119	俺たちの青春	
8120	俺、ツインテールになります。	
8121	俯瞰	
8122	修羅場	
8123	信頼のおっぱい率	tit
8124	信濃	
8125	信浓	
8126	便秘	
8127	便女ブラシ	
8128	便器拘束	uro
8129	便器娘たちのドラゴンクエスト	uro
8130	便器埋め込み	uro
8131	便器の子	uro
8132	便利屋68	
8133	便ザー	
8134	依田芳乃	
8135	依存	
8136	供養	
8137	侑那	
8138	侍魂	
8139	例大祭8コンテスト+地霊殿	
8140	例大祭8コンテスト	
8141	例大祭14	
8142	例大祭11	
8143	例の下着	
8144	例のプール	
8145	使用済みコンドームフェイスベール	
8146	使い魔	
8147	佩丽卡	
8148	作者巡回済み	
8149	作者の花村好きは異常	
8150	何故か偏るアンケート	
8151	何このやらしい生き物	
8152	何かのキャラだと思う	
8153	体育館	
8154	体育着	
8155	体育倉庫	
8156	体罰	
8157	体液	
8158	体洗い	
8159	体外式ポルチオマッサージ	
8160	佐藤心/宮本フレデリカ	
8161	佐天涙子	
8162	佐倉愛里	
8163	佐倉ひびき	
8164	佐伯麗奈	
8165	佐久間怜子	
8166	佐々木柑奈	
8167	伪装拘束	
8168	伦道夫	
8169	伝説級のテクニカル	
8170	伝説の勇者の伝説	
8171	伝説のタイガー	
8172	伝承地底世界アガルタ	
8173	伝勇伝	
8174	优香	
8175	伏摩	
8176	伍六七	
8177	伊藤乃絵美	
8178	伊薇特	
8179	伊落マリー(体操服)	©
8180	伊莎蓓尔Isabel	
8181	伊莎蓓尔	
8182	伊草ハルカ	
8183	伊瀨見緹娜	
8184	伊東一刀斎	
8185	伊吹萃香	
8186	伊什塔尔	
8187	伊634	
8188	伊25(アズールレーン)	©
8189	伊19(アズールレーン)	©
8190	伊168	
8191	仲正イチカ	
8192	仰け反り	
8193	仮面	
8194	令嬢丼	
8195	仙道八	
8196	仙界伝封神演義	
8197	仙侠	
8198	他者変身	
8199	他所様の看板娘	
8200	仕込みローター	
8201	仕事	
8202	今週のまで読んだ	
8203	今夜は寝かさないぞ	
8204	今井リサ	
8205	人魚姦	
8206	人魚スーツ	
8207	人間椅子	
8208	人間便器マスク	uro
8209	人間トイレ	
8210	人造人間キカイダー	
8211	人造人間21号	
8212	人生終了	
8213	人権剥奪	
8214	人外肌	
8215	人外百合	not_solo yuri fantasy
8216	人体実験	
8217	人体かばん	
8218	人それをセクハラという	
8219	京極サツキ	
8220	京乃まどか	
8221	交尾	
8222	交互ズリ	
8223	亜美真美	
8224	亜也子(逃げ上手の若君)	©
8225	五郎	
8226	五花大绑	
8227	五月雨(艦隊これくしょん)	©
8228	五月雨	
8229	五十鈴華	
8230	五十鈴牧場	
8231	五十嵐響子	
8232	五十嵐梨花	
8233	互	
8234	云堇	
8235	二穴バイブ	
8236	二次创作	
8237	二次元ドリームマガジン	
8238	二次元コミックマガジン	
8239	二次元	
8240	二次エロ	
8241	二宮飛鳥/鷺沢文香/白坂小梅/白雪千夜/砂塚あきら	
8242	二宮飛鳥	
8243	二人三脚	
8244	二人	
8245	二プルファック	nip insert
8246	事後アイドル	
8247	乾紗寿叶	
8248	乾心寿	
8249	乳首開発	nip
8250	乳首責めフェラ	nip mouth dick
8251	乳首肥大化	nip
8252	乳首攻め	nip
8253	乳首吸引	nip
8254	乳首吊り/クリ吊り	clit nip
8255	乳首切断	nip
8256	乳首ローター	nip
8257	乳首ボルト	nip
8258	乳首ピアス/クリピアス/双頭ディルド/陰毛	clit nip pierc
8259	乳首ピアス/へそピアス/クリピアス/ジュエリーアナルプラグ	clit nip pierc anus
8260	乳首ビアス	nip pierc
8261	乳首コキ	nip  mouth dick
8262	乳首クランプ	nip
8263	乳首アクセサリー	nip
8264	乳首に防犯ブザー	nip
8265	乳首に鈴	nip
8266	乳首に名札/乳首ピアス	nip pierc
8267	乳首ちんこ	nip
8268	乳首いじり	nip
8269	乳链	nip
8270	乳釘	nip
8271	乳透け	nip
8272	乳輪/輪チラ	nip
8273	乳蜘蛛	nip
8274	乳虐	nip
8275	乳色吐息	milk
8276	乳舐め	nip tongue
8277	乳腺拡張	tit
8278	乳腺	tit
8279	乳胶	
8280	乳股弄り	nip
8281	乳縛	nip
8282	乳穴拡張	nip
8283	乳破壊	nip
8284	乳牛崎	© milk
8285	乳波	nip
8286	乳比べ	nip
8287	乳房拷問	tit
8288	乳尻太股	nip
8289	乳刺し	nip pierc
8290	乳伸ばし	nip
8291	乳乗せ	nip
8292	乳上	nip
8293	乳ベルト	nip
8294	乳ピアス	nip pierc
8295	乳ビンタ	nip
8296	乳ノ川きらら	
8297	乳テント	nip
8298	乳クラウン	nip
8299	乳は重そうですけどね	tit
8300	乳の所まで飲み干したら次はまさか・・・	tit
8301	乳のあるイケメン	tit
8302	乳なる神	tit
8303	乳いじめ	nip
8304	乱菊	
8305	乱シャ	
8306	乱れ髪	
8307	九重椿	
8308	九邪戦乱の章	
8309	九条裟羅の服	
8310	九尾	
8311	九一式徹甲乳	tit
8312	乙女ゲームの破滅フラグしかない悪役令嬢に転生してしまった…	
8313	乗馬マシン	
8314	乗っ取り	
8315	久川颯	
8316	乃木園子	
8317	主サレ	
8318	丹生谷森夏	
8319	丹瑾	
8320	丸眼鏡	
8321	串刺し貫通	pierc
8322	中間棲姫	
8323	中長手袋	
8324	中野美玖	
8325	中野四葉	
8326	中西獲座	
8327	中艦ぱい	
8328	中文	
8329	中指	
8330	中島ぺぺろ	
8331	中の人	
8332	両穴くぱぁ	
8333	両手に茎/エロ蹲踞/べろちゅー/対面座位/腕輪/網タイツ	
8334	両手に花	
8335	両儀式	
8336	东雪莲	
8337	世界樹の迷宮	
8338	世界樹でよくあること。	
8339	世界最高の暗殺者、異世界貴族に転生する	
8340	世界地図	
8341	世田谷まり	
8342	丑年	
8343	不良道-ギャングロード	
8344	不良ちゃん	
8345	不良	
8346	不破氷菓	
8347	不知火舞コス	
8348	不知火舞vsかすみ	
8349	不来方とあ	
8350	不夜城のキャスター	
8351	不二咲千尋	
8352	下脱ぎセーラー	
8353	下着艦娘	
8354	下痢便	
8355	下江コハル	
8356	下水道	
8357	下品	
8358	下克上	
8359	下乳艦娘南半球進出作戦	tit
8360	下ネタという概念が存在しない退屈な世界マン●篇	
8361	下ネタという概念が存在しない退屈な世界	
8362	下ズレ	
8363	下にも出したい	
8364	上野さんは不器用	
8365	上藤政樹	
8366	上葉みあ	
8367	上白沢慧音	
8368	上海人形	
8369	上海アリス幻樂団	
8370	上海	
8371	上条当麻	
8372	上履き	
8373	上原歩夢	
8374	上原彩也香	
8375	上半身裸	
8376	上伊那ぼたん、酔へる姿は百合の花	
8377	上伊那ぼたん	
8378	三鷹アサ	
8379	三面図	
8380	三隈	
8381	三角木马	
8382	三船美優	
8383	三玖	
8384	三点責め	
8385	三国無双7	
8386	三国無双	
8387	三匹の子豚	
8388	万乗パンツ	
8389	七草真由美	
8390	七海優乃	
8391	七海nana7mi	
8392	七咲逢	
8393	七七(原神)	©
8394	七七	
8395	七つの大罪(ホビージャパン)	©
8396	七つの大罪	
8397	丁礼田舞	
8398	一騎当千	
8399	一転攻勢	
8400	一番いい浅生さんを頼む	
8401	一番いいエロを頼む	
8402	一本鞭	
8403	一宮エルナ	
8404	一人称	
8405	一之瀬さん	
8406	一マリ	
8407	一ノ瀬アスナ	
8408	ヴェール	
8409	ヴェルメイ	
8410	ヴェリニー	
8411	ヴェリィ・ベリィ	
8412	ヴェナリータ	
8413	ヴィーナスランブル	
8414	ヴィヴィアン(M.vv)	
8415	ヴィヴィ	
8416	ヴィルトゥオーサ(アークナイツ)	©
8417	ヴィランズ	
8418	ヴィットリオ・ヴェネト級	
8419	ヴィットリオ・ヴェネト	
8420	ヴィタ	
8421	ヴィグナ(アークナイツ)	©
8422	ヴィクトル	
8423	ヴァンパイア(アズールレーン)	©
8424	ヴァルキリー	
8425	ヴァリアブル・ジオ	
8426	ヴァニラ	
8427	ヴァジラ	
8428	ヴァイス(アルカナハート)	©
8429	ヴァイス	
8430	ンドフィールド	
8431	ワールドフリッパー	
8432	ワーム	
8433	ワーフリ	
8434	ワーハクタク	
8435	ワーグ(ラストオリジン)	©
8436	ワレメ	
8437	ワニマガジン	
8438	ワダアルコ	
8439	ワシミミズク(けものフレンズ)	©
8440	ワクワクもんだぁ!	
8441	ワキ毛	
8442	ワキガ	
8443	ワイズナー	
8444	ローレン・ラーライア・ドゥ・ルビエルテ	
8445	ローレンス乃亜子	
8446	ローレシアの王子	
8447	ローレグ	
8448	ロール・キャスケット	
8449	ロールちゃん(ロックマン)	©
8450	ローラー搾乳	milk gear
8451	ローマ(艦これ)	©
8452	ローマ	
8453	ローファー	
8454	ロードオブヴァーミリオン	
8455	ローションプレイ	
8456	ローションガーゼ	
8457	ロングヘア	
8458	ロリ爆乳/乳内射精	cum tit loli
8459	ロリ巨尻	ass loli
8460	ロリ妊婦	loli
8461	ロリータ	loli
8462	ロリンチ	loli
8463	ロリババァ	loli
8464	ロリバニー	loli
8465	ロリィタ	loli
8466	ロマンティックあげるよ	
8467	ロマンス	
8468	ロボ娘	
8469	ロボット	
8470	ロボ	
8471	ロビン(スターレイル)	©
8472	ロックマンDASH	
8473	ロックマン	
8474	ロック	
8475	ロゼッタ(スーパーマリオ)	©
8476	ロシデレ	
8477	ロサリア(原神)	©
8478	ロサリア	
8479	ロケットモンスター	
8480	ロイヨル	
8481	ロイヤル・アイシング	
8482	ロイヤルレディの海	
8483	ロイヤルペンギン(けものフレンズ)	©
8484	ロイヤルプリンセス(花騎士)	©
8485	ロイヤルプリンセス	
8486	ロイド・ガッシュ	
8487	ロり	loli
8488	レースグローブ	
8489	レーシングスーツ	
8490	レヴィ	
8491	レンタルコキ	dick
8492	レミリア	
8493	レミュアン(アークナイツ)	©
8494	レポ漫画	
8495	レベッカ・ストライサンド	
8496	レベッカ	
8497	レナ・シャルロット・タイクーン	
8498	レディーデビモン	
8499	レッドブル	
8500	レッドフード(漫画)	©
8501	レゼ(チェンソーマン)	©
8502	レズ奴隷	not_solo yuri sm
8503	レジ袋みたいな服着やがって	
8504	レザ蛍	
8505	レザー(原神)	©
8506	レギンス	
8507	レキシントン(CV-16)	©
8508	レキシントン	
8509	レオナ・ウェスト	
8510	レオナルド・ダ・ヴィンチ(Fate)	©
8511	レオタ見せ衣装	
8512	レウィシア・アクアブルー	
8513	レイラン	
8514	レイブン	
8515	レイファン	
8516	レイナーレ	
8517	レイチェル(マーシャルチャンピオン)	©
8518	レイコ・ホリンジャー	
8519	レイぱい	
8520	ルーンファクトリー4	
8521	ルールー	
8522	ルーナ	
8523	ルージュ・ザ・バット	
8524	ルーシー(エッジランナーズ)	©
8525	ルーシィ・ハートフィリア	
8526	ルフユ	
8527	ルファス・マファール	
8528	ルピー(勝利の女神:NIKKE)	©
8529	ルビー	
8530	ルパン三世	
8531	ルバース	
8532	ルナプロフェシー	
8533	ルシファー(モンスト)	©
8534	ルシファー	
8535	ルシェ	
8536	ルカ様に鞭でしばかれ隊	
8537	ルカ様に踏まれ隊	
8538	ルカ様	
8539	ルカリお姉さん	
8540	ルイ友	
8541	ルイス・キャミー	
8542	リーリエ(トレーナー)	©
8543	リーリエ(アニポケ)	©
8544	リーリエ	
8545	リーフちゃん(ベルギロ産)	©
8546	リード(アークナイツ)	©
8547	リード	
8548	リーゼロッテ=シャルロック	©
8549	リーズレット	
8550	リース(聖剣伝説3)	©
8551	リーザ・フローラ・メルノ	
8552	リーザ	
8553	リーグオブレジェンズ	
8554	リン・シャオユウ	
8555	リンボー舞	
8556	リンネー	
8557	リンディス	
8558	リングギャグ	
8559	リン(アークナイツ)	©
8560	リリー	
8561	リリミヅ	
8562	リリス(Fate)	©
8563	リラ(トレーナー)	©
8564	リョナ･･･?	ryona
8565	リューネ・ゾルダーク	
8566	リュウ	
8567	リムアリーシャ	
8568	リム(魔弾の王と戦姫)	©
8569	リム	
8570	リボン縛り	
8571	リボンの武者	
8572	リベッチオ	
8573	リドリー	
8574	リトルマーメイド(勝利の女神:NIKKE)	©
8575	リトルマーメイド	
8576	リトルウィッチアカデミア	
8577	リッカー	
8578	リッカ	
8579	リチュア・マーカー	
8580	リチュア	
8581	リタ・ファレン	
8582	リタ	
8583	リゼ	
8584	リズきゅん	
8585	リズ	
8586	リストカット	
8587	リスカム(アークナイツ)	©
8588	リス	
8589	リジネッタさん	
8590	リシュリュー(アズールレーン)	©
8591	リコーダー	
8592	リアルなおへそ	
8593	ラーメン	
8594	ラーテル	
8595	ラース	
8596	ラージホール	
8597	ラ・プルマ(アークナイツ)	©
8598	ラ・ビ・アン・ローズ	
8599	ランボー	
8600	ランブルローズ	
8601	ランサーアルトリア	
8602	ラングレー	
8603	ラングリッサーモバイル	
8604	ラングリッサー	
8605	ラン	
8606	ラレンティア	
8607	ララ・サタリン・デビルーク	
8608	ラム生誕祭2017	
8609	ラムレッダ	
8610	ラムレザル	
8611	ラム(うる星やつら)	©
8612	ラプンツェル(勝利の女神:NIKKE)	©
8613	ラブレットピアス	pierc
8614	ラブラブ	
8615	ラブラバ	
8616	ラブライブサンシャイン	
8617	ラブライブ!サンシャイン	
8618	ラブライブ!PDP	
8619	ラブライカ	
8620	ラブアッパー	
8621	ラブ★アッパー!	
8622	ラフム	
8623	ラフィエル	
8624	ラピス	
8625	ラビリビ	
8626	ラビットヒーロー	
8627	ラバー拘束	
8628	ラバーメイド	
8629	ラバーナン	
8630	ラバーシスター	
8631	ラバーカップブラ	
8632	ラノベ	
8633	ラナの冒険	
8634	ラティファ	
8635	ラッピング	
8636	ラジエル(グラブル)	©
8637	ラグナロクオンライン三次創作	
8638	ラクス・クライン	
8639	ラクシュミー	
8640	ラウンドガール	
8641	ライラックmk2	
8642	ライラ	
8643	ライブ	
8644	ライナ	
8645	ライトノベル	
8646	ライチ(トレーナー)	©
8647	ライダーさん	
8648	ライダー(Fate/EXTRA)	©
8649	ライスシャワー(ウマ娘)	©
8650	ライスシャワー	
8651	ライザリン	
8652	ライザのアトリエ2	
8653	ライオン(アズールレーン)	©
8654	ライオン	
8655	ライアス	
8656	ヨーコさん	
8657	ヨン・チェヨン	
8658	ヨルハA型二号	
8659	ヨルハ2号B型	
8660	ヨルッパイ	
8661	ヨル	
8662	ヨウマオ	
8663	ユーベル(葬送のフリーレン)	©
8664	ユーニ(ゼノブレイド3)	©
8665	ユースティア(ブラウンダスト)	©
8666	ユースティア	
8667	ユリーカ	
8668	ユリ・サカザキ	
8669	ユリド戦記	
8670	ユフィリア・マゼンタ	
8671	ユニタード	
8672	ユニコーン	
8673	ユエル	
8674	ユエソシ	
8675	ユウリ(トレーナー)	©
8676	ユウキ(橙汁)	
8677	ユウキ(SAO)	©
8678	ユウカ	
8679	ヤ・シュトラ	
8680	ヤン・ナリ	
8681	ヤリ捨て	
8682	ヤリチン	
8683	ヤリステメスブター	
8684	ヤリたい放題催眠性活	
8685	ヤミィ	
8686	ヤマメ	
8687	ヤスダスズヒト	
8688	ヤギ耳	
8689	モーニングシャワーシリーズ	
8690	モードレッド(Fate)	©
8691	モードレッド	
8692	モンハンワイルズ	
8693	モンスター少女	
8694	モンスターボール	
8695	モンスターハンターワイルズ	
8696	モンスターエナジー	
8697	モンク	
8698	モルペコ	
8699	モルガン	
8700	モリリリ	
8701	モモカ	
8702	モブ姦	
8703	モブキャラ	
8704	モビルドール・サラ	
8705	モバマスアイドル乳責めシリーズ	tit
8706	モニカ(グラブル)	©
8707	モナーク	
8708	モナ(デスチャ)	©
8709	モナ	
8710	モデウス(Helltaker)	©
8711	モデウス	
8712	モダニア	
8713	モスティマ(アークナイツ)	©
8714	モザイクいらないから(良心)	
8715	モザイク	
8716	モイ	
8717	メークレンブルク(アズールレーン)	©
8718	メロンブックス	
8719	メロディブラッド	
8720	メルヘヴン	
8721	メルヘン・メドヘン	
8722	メルテス	
8723	メルティ	
8724	メルゥ	
8725	メリーランド(アズールレーン)	©
8726	メリークルシミマス	
8727	メリナ	
8728	メリケンサック	
8729	メリクリ	
8730	メフレックス	
8731	メビウス	
8732	メドゥーサ(Fate)	©
8733	メッシュ	
8734	メチャシコウ	
8735	メタルスラッグ	
8736	メタバース	
8737	メス豚	
8738	メス男子	
8739	メスミスト	
8740	メスドラ	
8741	メギド72	
8742	メガミデバイス	
8743	メガネっ子	
8744	メガストアα	
8745	メガストア	
8746	メガサーナイト(色違い)	©
8747	メガサーナイト	
8748	メカバレ	
8749	メイヴ(Fate)	©
8750	メイヴ	
8751	メイリン・ホーク	
8752	メイド少年	
8753	メイド喫茶	
8754	メイドラゴン	
8755	メイド/達磨/性器ピアス/ガバマン/アナルフィスト/人生終了	anus insert pussy pierc
8756	メイディン	
8757	メイジナイト	
8758	メアリー・リード	
8759	メアリー:メディカルラビット	
8760	メアリ・ノートン	
8761	メア	
8762	ムーンブルクの王女	
8763	ムツキ	
8764	ムチ	
8765	ムサシ(アニポケ)	©
8766	ムギ	
8767	ミーム汚染	
8768	ミーム	
8769	ミーティア姫	
8770	ミーア	
8771	ミンク族	
8772	ミルク工場	milk
8773	ミルクタンク	milk
8774	ミリム・ナーヴァ	
8775	ミリシタ	
8776	ミリオンアーサーイラコン魔	
8777	ミリアム(Bloodstained)	©
8778	ミランダ(神撃のバハムート)	©
8779	ミランダ	
8780	ミラルーツ	
8781	ミラバルカン	
8782	ミラクルミルコ	
8783	ミラ	
8784	ミミック	
8785	ミミちゃん助手	
8786	ミハラ:ボンディングチェーン	
8787	ミノタウロス	
8788	ミノってオスしかいなくて異種姦で繁殖するんですってw	
8789	ミネル	
8790	ミネア	
8791	ミヅリリ	
8792	ミッドナイト(僕のヒーローアカデミア)	©
8793	ミッドナイト	
8794	ミックスファイト	
8795	ミストレス(アラド戦記)	©
8796	ミストレス	
8797	ミスティオラ	
8798	ミサト(プリコネ)	©
8799	ミコト	
8800	ミクリトリス	clit
8801	ミカミ・リク	
8802	ミカグラ学園組曲	
8803	ミオリネ・レンブラン	
8804	ミオ(ゼノブレイド3)	©
8805	ミアンヌ	
8806	ミア(ワールドフリッパー)	©
8807	マーメイドボンデージ	bond
8808	マーメイド	
8809	マーハ・トウアハーデ	
8810	マーシー	
8811	マーシュ(トレーナー)	©
8812	マーガレット(ルーンファクトリー)	©
8813	マーこれかわいい	
8814	マン隠し	pussy
8815	マン開	pussy
8816	マン的	pussy
8817	マン淫電車	pussy
8818	マン汁	pussy
8819	マン毛	
8820	マン屁	pussy
8821	マンママン	pussy
8822	マンティコア(アークナイツ)	©
8823	マンカス	pussy
8824	マンぐり返し	pussy
8825	マロン(YAT安心!宇宙旅行)	©
8826	マルティナ(DQ11)	©
8827	マルティナ	
8828	マルタ(水着)	swim ©
8829	マルタ	
8830	マリー(GuP)	©
8831	マリカー	
8832	マリオメーカー	
8833	マリオシリーズ	
8834	マリア・テレサ	
8835	マリ(キカイダー)	©
8836	マヨめし	
8837	マヤ	
8838	マホ(プリコネ)	©
8839	マヒル	
8840	マネージャー	
8841	マドリン	
8842	マトイ	
8843	マッハブレイカーズ	
8844	マッジョーレ・バラッカ(アズールレーン)	©
8845	マチルダ・アジャン	
8846	マチュ	
8847	マゾ崎悪雌	
8848	マゾィちゃん	
8849	マズルガード	
8850	マスターベーション	mast
8851	マスクビキニ	swim
8852	マスカーニャコス	
8853	マジョリーナ	
8854	マジョリタ	
8855	マジアマゼンタ	
8856	マジで殺られる5秒前	
8857	マシロ	
8858	マシュー	
8859	マシュケベ礼装	
8860	マサル(トレーナー)	©
8861	マサマリ	
8862	マコトナナヤ	
8863	マグロ	guro
8864	マグマ団	
8865	マグナムX	
8866	マグショット	
8867	マクロスフロンティア	
8868	マクロスF	
8869	マクスウェル(勝利の女神:NIKKE)	©
8870	マキ・ア・ルージュ	
8871	マキマさん	
8872	マキマ(チェンソーマン)	©
8873	マカ=アルバーン	
8874	マオ(アニポケ)	©
8875	マインドブレイク	
8876	マイユ	
8877	マイクローンマガジン	
8878	マイクロビキニーソ	expose swim
8879	マイ=ナツメ	
8880	マァム	
8881	ポールギャグ	
8882	ポーズ	
8883	ポンポン	
8884	ポッキーゲーム	
8885	ポッキーの日	
8886	ポゼッションプレイ	
8887	ポケモン界の女神	
8888	ポケモンレンジャー	
8889	ポケモンマスターズ	tm
8890	ポケモンセンター	
8891	ポケモン♂×人間♀	
8892	ポケモン×人間	
8893	ポケモンORAS	
8894	ポケモンLPLE	
8895	ポケモンGO	
8896	ポケモノ	
8897	ポケットモンスターバイオレット	
8898	ポケットモンスターサン・ムーン	
8899	ポイズン(ファイナルファイト)	©
8900	ボールギャグ/猿轡	
8901	ボールガウンドレス	
8902	ボンボン	
8903	ボンディングチェーン	
8904	ボンテージゲーム	bond
8905	ボロボロ	
8906	ボムガキ	
8907	ボブカット	
8908	ボトル	
8909	ボディ落書き	
8910	ボコォ/ボテ腹/精液ボテ/産卵/目がハート/アヘ顔/トロ顔	cum
8911	ボクっ娘	
8912	ボイン	
8913	ボイスドラマ	
8914	ホールピアス	pierc
8915	ホワイトブリム	
8916	ホワイトデー	
8917	ホワイトタイガー	
8918	ホワイトスミス	
8919	ホログラフィック	
8920	ホルハイヤ(アークナイツ)	©
8921	ホルスタイン	
8922	ホムラ	
8923	ホノルル(艦隊これくしょん)	©
8924	ホテル	
8925	ホタル(ヤリステメスブター)	©
8926	ホタル(スプラトゥーン)	©
8927	ホタル	
8928	ホシノルリ	
8929	ホシノ	
8930	ホシグマ(アークナイツ)	©
8931	ペンチ	
8932	ペンギー	
8933	ペローナ	
8934	ペロペロ会場	tongue
8935	ペロペロ	tongue
8936	ペルナ	
8937	ペルソナ4	
8938	ペルソナ3	
8939	ペルシカ(ドールズフロントライン)	©
8940	ペリードット	
8941	ペリシー	
8942	ペヤングだばあ	
8943	ペニスバンド	dick
8944	ペニスソックス	dick
8945	ペド爆乳	tit
8946	ペットシーツ	
8947	ペコキャル	©
8948	ベータ(イナズマイレブンGO)	©
8949	ベータ	
8950	ベンチ	
8951	ベロニカ(DQ11)	©
8952	ベロチュー	
8953	ベレー帽	
8954	ベレス	
8955	ベルベット	
8956	ベルフェゴール	
8957	ベルナデッタ=フォン=ヴァーリ	
8958	ベルナデッタ	
8959	ベルトブラ	
8960	ベルゼブブ嬢のお気に召すまま。	
8961	ベルゼブブ	
8962	ベルセルク	
8963	ベルウィックサーガ	
8964	ベル(トレーナー)	©
8965	ベル	
8966	ベリーダンス	
8967	ベリーショート	
8968	ベスティア・ゼータ	
8969	ベスタニャ	
8970	ベスタ(異世界迷宮でハーレムを)	©
8971	ベアトリス	
8972	ベアトップ	
8973	ヘンゼル	
8974	ヘルヴァ・ボス	
8975	ヘルシング	
8976	ヘルエス	
8977	ヘラジカ(けものフレンズ)	©
8978	ヘッドフォーン.	
8979	ヘッドフォン	
8980	ヘッドショット	
8981	ヘソ出し	
8982	ヘアヌード	
8983	プールサイド	
8984	プレゼントは私	
8985	プレゼント	
8986	プルクラ(ゼンゼロ)	©
8987	プリーツスカート	
8988	プリースティス(アークナイツ)	©
8989	プリンセスプリキュア	
8990	プリンセスストライク❤️	
8991	プリンセスコネクト!	
8992	プリンセスコネクト	
8993	プリンセス	
8994	プリンシ	
8995	プリバティ:アンカインド・メイド	
8996	プリバティ	
8997	プリティーリズム・ディアマイフューチャー	
8998	プリシラ	
8999	プラマニクス(アークナイツ)	©
9000	プラマニクス	
9001	プライブユー	
9002	プライド	
9003	プッシーバル	pussy
9004	プチカラット	
9005	ブロンド	
9006	ブレードランナー2049	
9007	ブレスオブザワイルド	
9008	ブレスの代わりに潮を吹く	
9009	ブレイブリーデフォルト	
9010	ブレイブウィッチーズ	
9011	ブレイジングハート	
9012	ブレア・デイム	
9013	ブルー	
9014	ブルマ勇儀	
9015	ブルマ(ドラゴンボール)	©
9016	ブリトマート(Fate)	©
9017	ブリジット	
9018	ブリオン寮	
9019	ブラ見せ	
9020	ブラ着パイズリ	tit dick
9021	ブラ抜き	
9022	ブランコプレイ	
9023	ブラマジガール	
9024	ブラッドステインド	
9025	ブラック・マジシャン・ガ	
9026	ブラックレディ	
9027	ブラックラグーン	
9028	ブラックシティ	
9029	ブラックエース(アズールレーン)	©
9030	ブラチラ	
9031	ブラダマンテ(Fate)	©
9032	ブラダス2	
9033	ブラシ	
9034	ブラゴミ箱	
9035	ブラウザ三国志	
9036	ブラインドコンタクト	
9037	ブイラン	
9038	フーパ製グッズ	
9039	フーパ	
9040	フード	
9041	フーターズ	
9042	フンボルトペンギン(けものフレンズ)	©
9043	フンチラ	
9044	フローラ	
9045	フロストリーフ(アークナイツ)	©
9046	フロギィ装備	
9047	フレーム拘束	
9048	フレッシュ&スウィート!	
9049	フレイア鏡	
9050	フレイ	
9051	フルールドリス	
9052	フリードリヒ・デア・グローセ(アズールレーン)	©
9053	フリック	
9054	フランソワーズ	
9055	フランシス・ドレイク	
9056	フランちゃんウフフ	
9057	フラペチーノ	
9058	フラフープ	
9059	フラノ・スケーレット	
9060	フラット貞操帯	
9061	フブキ	
9062	フトモモ	
9063	フットカバー	
9064	フック	
9065	フジサワ・アヤ	
9066	フォーリシア	
9067	フォートナイト	
9068	フォン・ライカン	
9069	フォフォ	
9070	フォトカノ	
9071	フォカロルス	
9072	フェール	
9073	フェンリルナイト(聖剣伝説3)	©
9074	フェンリルナイト	
9075	フェンリル(ラストオリジン)	©
9076	フェリス・エリス	
9077	フェリ	
9078	フェラーリ	
9079	フェラピス	
9080	フェザータッチ	
9081	フェイト/エクステラ	
9082	フェイスハーネス	
9083	フェアリーテイルナイト	
9084	フィービー(鳴潮)	©
9085	フィービー	
9086	フィン・エ・ルド・スイ・ラフィンティ	
9087	フィオーレ・ブルネリ	
9088	フィオ・ジェルミ	
9089	フィオ	
9090	ファートゥース(アークナイツ)	©
9091	ファントム・ワールド	
9092	ファンタボトルの次デザイン候補にしよう	
9093	ファンサービス	
9094	ファルファラ	
9095	ファリス・シェルヴィッツ	
9096	ファティマ・ベトロラム	
9097	ファスナービキニ	expose swim
9098	ファイナルファンタジー13	
9099	ファイアーエムブレム無双風花雪月	
9100	ファイアーエムブレムEchoes	
9101	ピーチ	
9102	ピンク髪は淫乱	
9103	ピンクローター	
9104	ピンキーパイ	
9105	ピストンマシン	
9106	ピス	
9107	ピクボイス誕生祭	
9108	ピクシブたん	
9109	ピクサー	
9110	ピカチュウ	
9111	ピエロ娘	
9112	ピアノ	
9113	ピアスチェーン	pierc
9114	ビール売り子	
9115	ビーム	
9116	ビーチエンジェルズ	
9117	ビーズワクス(アークナイツ)	©
9118	ビーストクロエ	
9119	ビーストイリヤ	
9120	ビースト(Fate)	©
9121	ビンビビン	
9122	ビンタ跡	
9123	ビンタ	
9124	ビリヤード	
9125	ビリア	
9126	ビラビラ	
9127	ビビッドレッド・オペレーション	
9128	ビビり	
9129	ビニール	
9130	ビス子	
9131	ビスマルク	
9132	ビスチェ	
9133	ビスケット(勝利の女神:NIKKE)	©
9134	ビスケット	
9135	ビジンダー	
9136	ビギナーライダー(アズールレーン)	©
9137	ビキビキ	
9138	ビキニ水着	swim
9139	ビキニ・ウォリアーズ	swim
9140	ビキニパンツ	swim
9141	ビキニサンタ	swim
9142	ビキニアーマー/ブレスレット/アームレット/ガーターリング	costume
9143	ビキニのおねえさん(XY)	© swim
9144	ビキニのおねえさん	swim
9145	ビオラ(トレーナー)	©
9146	ビエロウ	
9147	ビアホール	
9148	ヒートテック	
9149	ヒンデンブルク(アズールレーン)	©
9150	ヒルダ	
9151	ヒビキ	
9152	ヒナタコス	
9153	ヒナぱい	
9154	ヒナさん(原神)	©
9155	ヒトハちゃん	
9156	ヒスイゾロア	
9157	ヒガナ	
9158	ヒカリ(プラチナ)	©
9159	ヒカリ(アニポケ)	©
9160	パールショーツ	
9161	パーミャチ・メルクーリヤ(アズールレーン)	©
9162	パープルハート	
9163	パープルシスター	
9164	パープル(ネプテューヌ)	©
9165	パーティードレス	
9166	パース	
9167	パーシュース(アズールレーン)	©
9168	パーカー女子	
9169	パンモロ	
9170	パンプギャグ	
9171	パンパパン	
9172	パンティーライン	
9173	パンツ内射精	cum
9174	パンツは見せつけるもの	
9175	パンツはかぶるもの	
9176	パンツに手	
9177	パンツで口塞ぎ	mouth
9178	パンツであやとり	
9179	パンツ!パンツです!	
9180	パンチラキック	
9181	パンダ春香	
9182	パンダ	
9183	パンスト直穿き	
9184	パンイチ	
9185	パレット(ブラウンダスト)	©
9186	パル子	
9187	パルテナ	
9188	パラリティク・バーサス	
9189	パラディン(アラド戦記)	©
9190	パパの言うことを聞きなさい!	
9191	パネルギャグ	
9192	パニシング:グレイレイヴン	
9193	パチュアリ	
9194	パチスロ	
9195	パジャマチャレンジ	
9196	パジャマ	
9197	パイ擦りフェラ	tit mouth dick
9198	パイ射	cum tit
9199	パインコーン(アークナイツ)	©
9200	パイロット	
9201	パイモンぱい	tit
9202	パイモン(原神)	©
9203	パイモロ	tit
9204	パイプレンチ	
9205	パイビロコウ	
9206	パイタッチ	tit
9207	パイズリ挟射	tit dick
9208	パイズリ射精	cum tit
9209	パイズリ出来ない…	tit dick
9210	パイズリフェラ	tit mouth dick
9211	パイズリアンドロイド	tit dick
9212	パイオツェッペリン	
9213	パイオツ	tit
9214	バーバーヤーガ	
9215	バーニス	
9216	バーテンダー	
9217	バーチャルライバー	
9218	バーチャルyoutuber	
9219	バーチャル	
9220	バーサーカー	
9221	バレー部ちゃん	
9222	バレー部	
9223	バレーユニフォーム	
9224	バレーボール	
9225	バレンタイン中止のお知らせ	
9226	バレンタインデー	
9227	バレリーナ	
9228	バレットフィリア達の闇市場	
9229	バレットガールズ	
9230	バルーンストッパー	
9231	バルログ(ストリートファイター)	©
9232	バリカタ	
9233	バランスボール	
9234	バラエティーアニマル	
9235	バラ	
9236	バフォメット	
9237	バニー衣装	
9238	バニーメイド	
9239	バニーウェアウルフ	
9240	バニラ(ネコぱら)	©
9241	バナナボート	
9242	バッドガール	
9243	バッドエンドプリキュア	
9244	バッドエンドビューティ	
9245	バックハート	
9246	バックアタック	
9247	バス停	
9248	バスタブ	
9249	バスタオル	
9250	バクマン	
9251	バカンス	
9252	バエル	
9253	バイブ貞操帯	
9254	バイブレーター	
9255	バイブ。(スイッチ入れよう)で	©
9256	バイブINパンツ/ボディハーネス/背後から胸揉み/乳首責め	tit nip
9257	バイパー:シャイン・オブ・ラブ	
9258	バイパー(勝利の女神:NIKKE)	©
9259	バイザー	
9260	バイオロイド	
9261	バイオ	
9262	ハールート・マールート	
9263	ハールート	
9264	ハーフパンツ体操着	
9265	ハーフグローブ	
9266	ハーフアップ	
9267	ハーピー	
9268	ハード	
9269	ハート服	
9270	ハートフルボッコストーリー	
9271	ハートの女王	
9272	ハーゼリーラ	
9273	ハンターハンター	
9274	ハロー、ハッピーワールド!	
9275	ハロウィン2025	
9276	ハロウィン2024	
9277	ハレゼナ	
9278	ハルバード	
9279	ハルカ(アニポケ)	©
9280	ハリベル	
9281	ハメ撮り	
9282	ハメピス	
9283	ハミ陰唇	pussy
9284	ハミデルタ	
9285	ハマーン・カーン	
9286	ハプニング	
9287	ハニートラップ特化	
9288	ハナヤマタ	
9289	ハドソン	
9290	ハシビロコウ	
9291	ハサミ	
9292	ハコス・ベールズ	
9293	ハケ水車	
9294	ハイレグ水着	swim
9295	ハイレグスーツ	
9296	ハイニー	
9297	ハイスクールDxD	
9298	ハイキック	
9299	ハイエンド尻穴ファッカー	ass insert
9300	ノーブルウィッチーズ	
9301	ノーブラサイン	
9302	ノービス	
9303	ノーハンド射精	cum
9304	ノーハンドフェラ	mouth dick
9305	ノーハンドパイズリ	tit dick
9306	ノーハンド	
9307	ノースリーブユニフォーム+バレーパンツ	
9308	ノワール(勝利の女神:NIKKE)	©
9309	ノワール(ネプテューヌ)	©
9310	ノワール	
9311	ノルニス	
9312	ノゾミ(プリコネ)	©
9313	ノエル・アンダーソン	
9314	ノエル(原神)	©
9315	ネーナ・トリニティ	
9316	ネーナ	
9317	ネージュ	
9318	ネロアリス	
9319	ネルソン(アズールレーン)	©
9320	ネルギガンテ	
9321	ネモフィラ	
9322	ネモっぱい	tit
9323	ネモ(ポケモン)	©
9324	ネメシス(ToLOVEる)	©
9325	ネメシス	
9326	ネプテューヌ	
9327	ネフェルピトー	
9328	ネフェルタリ・ビビ	
9329	ネフェル(原神)	©
9330	ネバ神様	
9331	ネト嫁	
9332	ネットカフェ	
9333	ネコミク	
9334	ネコマタ	
9335	ネコぱら	
9336	ネコ	
9337	ネグリジェ	
9338	ネクロ(ギルティギア)	©
9339	ネオンカラー	
9340	ネオポルテ	
9341	ネウロ様	
9342	ネイル	
9343	ネア(プリコネ)	©
9344	ヌードモデル	
9345	ヌンボラ	
9346	ニー子	
9347	ニーベルン	
9348	ニンジャスレイヤー	
9349	ニューハーフ	
9350	ニャンコロジ	
9351	ニマ大師	
9352	ニプルフックビキニ	nip sm expose swim
9353	ニプルファック凸	nip insert
9354	ニパ	
9355	ニノン	
9356	ニトクリス	©
9357	ニップルドーム	nip
9358	ニップルチェーン	nip
9359	ニットワンピ	
9360	ニッカ・エドワーディン・カタヤイネン	
9361	ニセコイ	
9362	ニジエたん	
9363	ニシキゴイ	
9364	ニコ(ブルーアーカイブ)	©
9365	ニキチッチ	
9366	ニオポリタン	
9367	ニアール(アークナイツ)	©
9368	ナヴィア	
9369	ナルヒナ	
9370	ナルト疾風伝	
9371	ナルガ装備	
9372	ナユタ(勝利の女神:NIKKE)	©
9373	ナムナ	
9374	ナナ・テスカトリ	
9375	ナナ・アスタ・デビルーク	
9376	ナナホシすず	
9377	ナナドラ	
9378	ナナカ(プリコネ)	©
9379	ナナとカオル	
9380	ナナ	
9381	ナツメ(ポケスペ)	©
9382	ナツメ(トレーナー)	©
9383	ナツ	
9384	ナコルル	
9385	ナガ(勝利の女神:NIKKE)	©
9386	ナウシカ	
9387	ナイルちゃん	
9388	ナイル(どうぶつの森	©
9389	ナイトプール	
9390	ナイト	
9391	ドールズフロントライン2	
9392	ドーラ	
9393	ドン引き	
9394	ドロッテ	
9395	ドレミコード	
9396	ドレインキッス	
9397	ドルフロ	
9398	ドルフィンパンツ	
9399	ドルテ・ドリーセン	
9400	ドリ子	
9401	ドリル拡張	
9402	ドリルバイブ	
9403	ドリル	
9404	ドリランド	
9405	ドリフターズ	
9406	ドラムマスター	tm
9407	ドラムエ	
9408	ドラフ族	
9409	ドラゴン娘	
9410	ドラゴンボールファイターズ	tm
9411	ドラゴンボールZ	tm
9412	ドラゴンボールGT	tm
9413	ドラゴンナイト(アラド戦記)	©
9414	ドラゴンクエストⅤ	tm
9415	ドラゴンクエストⅢ	tm
9416	ドラゴンクエスト8	tm
9417	ドラゴンクエスト3	tm
9418	ドラゴンクエスト11	tm
9419	ドラゴン	
9420	ドラゴニュート	
9421	ドラクエでよくあること。	
9422	ドラクエ9	tm
9423	ドラクエ4	tm
9424	ドラガリアロスト	tm
9425	ドヤ乳	milk
9426	ドブルイニャ・ニキチッチ(Fate)	©
9427	ドピュ	
9428	ドテ	
9429	ドッグプレイ	pet
9430	ドッグデイズ	tm
9431	ドギースタイル	sex
9432	ドキドキプリキュア	
9433	ドウモウ	tm
9434	ドゥルガー(Fate)	©
9435	ドイッチュラント	
9436	ドすけべオオカミ	
9437	ドМホイホイ	
9438	ドmホイホイ	
9439	トール(小林さんちのメイドラゴン)	©
9440	トール	
9441	トロール	
9442	トレーニング	
9443	トレーサー	
9444	トレスマジア	
9445	トレス	
9446	トルソー	
9447	トリミアン	
9448	トリプルフェラ	mouth dick
9449	トリッカル	
9450	トリカブト(花騎士)	©
9451	トランジスタグラマー	
9452	トランクス	
9453	トライエース	
9454	トナコス筑摩	
9455	トナカイ娘	
9456	トップ絵	
9457	トップレスブラ	
9458	トップをねらえ!	
9459	トコロテン	
9460	トゲヌキ	
9461	トキ	
9462	トイレ掃除	
9463	トイレ列(大)最後尾	
9464	トイレブラシ	
9465	トイレは綺麗に使いましょう。	
9466	トイレの神様	
9467	トイレには間に合った	
9468	デーゲンブレヒャー	
9469	デンマ	
9470	デンジ(チェンソーマン)	©
9471	デリバリーヘルスポケマン	
9472	デリシャスパーティ♡プリキュア	
9473	デュラン	
9474	デュエル・マスターズ_プレイス	
9475	デュエルリンクス	
9476	デュエプレ	
9477	デモ	
9478	デミトリ	
9479	デボラ	
9480	デボネア・ダイアモンド	
9481	デフォ絵	
9482	デフォルメエロ	
9483	デビルサバイバー2/	
9484	デビルサバイバー2	
9485	デビル	
9486	デッドマン・ワンダーランド	
9487	デッキ破壊	
9488	デスロックさん	
9489	デスサイズ	
9490	デジモンアドベンチャー	
9491	デジタルモンスター	
9492	デザイン	
9493	デコズリ	
9494	デカ乳輪	nip
9495	デカパイ	tit
9496	デイジー	
9497	ディーゼル(勝利の女神:NIKKE)	©
9498	ディルドー	
9499	ディルドオナニー	toy mast
9500	ディフュージョン	
9501	ディフェンスに定評のあるスカート	
9502	ディストピアの花嫁	
9503	ディスガイア5	
9504	ディスガイア	
9505	ディシア/キャンディス/レイラ/ファルザン/ドリー/ニィロウ	
9506	テープギャグ	
9507	テント撫で	
9508	テントを張る	
9509	テント	
9510	テンテン	
9511	テレーゼ	
9512	テルマエ衣装	
9513	テラー(アズールレーン)	©
9514	テラニー	
9515	テマリ	
9516	テトラ	
9517	テディベア	
9518	テスタロッサ	
9519	テキラプ	
9520	テキトーって何だっけ	
9521	テキスト差分	
9522	テカリ	
9523	テイルブルー	
9524	テイルズオブヴェスペリア	
9525	テイルズ	
9526	ティーンタイタンズ	
9527	ティルピッツ(アズールレーン)	©
9528	ティア・ハリベル	
9529	ティアマト	
9530	ティア(勝利の女神:NIKKE)	©
9531	ティア(スパイ教室)	©
9532	ツーショット	
9533	ツワブキ	
9534	ツリ目	
9535	ツバキ	
9536	ツツジ	
9537	ツタージャの存在感	
9538	ツインテちゃん	
9539	ツインエンジェル	
9540	ツイスターゲーム	
9541	ッ全力射精!	cum
9542	チーパオ	
9543	チン毛付きフェラ	mouth dick
9544	チン嗅ぎ	dick
9545	チン乗せ	dick
9546	チンポちょんまげ	dick
9547	チリ	
9548	チョッパー	
9549	チューリップ	
9550	チューブトップ	
9551	チュンリー	
9552	チュッパチャップス	
9553	チャリオット(B★RS)	©
9554	チャラ男	
9555	チャップス	
9556	チャイナ娘	
9557	チャイナボンテージ	bond
9558	チャイナ	
9559	チビ巨乳	tit
9560	チノ	
9561	チッティ	
9562	チセ	
9563	チェックスカート	
9564	チェインバー	
9565	チェイスチェイスジョーカーズ	
9566	チアーニャ	
9567	チアックス	
9568	チア	
9569	ダーティペア	
9570	ダークハンター	
9571	ダークネス	
9572	ダークソウル3	
9573	ダークソウル	
9574	ダークエルブン・フォレストレンジャー	
9575	ダヴィ・アートマン	
9576	ダンボール	
9577	ダンツフレーム(ウマ娘)	©
9578	ダンジョンズ&ドラゴンズ	
9579	ダンサー	
9580	ダルマ	
9581	ダブルパイズリ	tit dick
9582	ダブルディルド	
9583	ダスク(アークナイツ)	©
9584	ダエッタ	
9585	ダイ大	
9586	ダイワスカーレット(ウマ娘)	©
9587	ダイワスカーレット	
9588	ダイヤモンドバスト/即夜戦	
9589	ダイビング	
9590	ダイドー	
9591	ダイタクヘリオス(ウマ娘)	©
9592	ダイアリン	
9593	ダイの大冒険	
9594	タンポン	
9595	タンクボディスーツ	
9596	タペストリー	
9597	タバサ	
9598	タナトフィリア	
9599	タッカー	
9600	タシュケント(アズールレーン)	©
9601	タシュケント	
9602	タコ	
9603	タグ荒らし	
9604	タグ付き首輪	
9605	タキ	
9606	タカヤノリコ	
9607	タオルブラ	
9608	タオルパンツ	
9609	タウィル	
9610	タイトルなんて飾りです!	
9611	タイサイドビキニ	swim
9612	タイクーン姉妹	
9613	タイの学生服	
9614	ゾーイ(グラブル)	©
9615	ゾンビ娘	
9616	ゾン	
9617	ゾロ女神	
9618	ゾロア	
9619	ソーン(グラブル)	©
9620	ソーン	
9621	ソーマちゃん	
9622	ソーナ・シトリー	
9623	ソーダ(勝利の女神:NIKKE)	©
9624	ソロモン悪魔	
9625	ソロモン	
9626	ソリュシャン・イプシロン	
9627	ソラ:スプリングフライト	
9628	ソラ(アークナイツ)	©
9629	ソフトリョナ	ryona
9630	ソフィーヤ=オベルタス	
9631	ソフィーヤ	
9632	ソフィーティア・アレクサンドル	
9633	ソフィア・シルフィード	
9634	ソニック・ザ・ヘッジホッグ	
9635	ソニックキャット	
9636	ソドレミコード・グレーシア	
9637	ソデコ	
9638	ソウルイーター	
9639	ゼロツー(ダリフラ)	©
9640	ゼロスーツサムス	
9641	ゼルダ姫(スマブラSP)	©
9642	ゼルダの伝説ブレスオブザワイルド	
9643	ゼルダ(ブレスオブザワイルド)	©
9644	ゼファー	
9645	ゼシカ・ウォン	
9646	ゼイユ(ポケモン)	©
9647	ゼイユ(トレーナー)	©
9648	ゼイユ	
9649	セーラームーンなりきりブラセット	
9650	セーニャ	
9651	セーター	
9652	セーエキ	
9653	センチメンタルグラフティ	
9654	セン	
9655	セレフィラ	
9656	セレネ(キンスレ)	©
9657	セレネ	
9658	セレナっぱい	tit
9659	セル画風	
9660	セル画	
9661	セルポ星人	
9662	セルフ胸揉み	tit
9663	セルフ搾乳	milk
9664	セルフ授乳	tit milk
9665	セルフパイズリ	tit dick
9666	セルフィ	
9667	セリカ(ブルーアーカイブ)	©
9668	セリカ(FE外伝)	©
9669	セラフィータ	
9670	セラフィム(ONEPIECE)	©
9671	セラの蟲惑魔	
9672	セミラミス(Fate)	©
9673	セブンスロード・ウィッチ	
9674	セパレートユニフォーム	
9675	セセリ	
9676	セシリア・イマーグリーン	
9677	セクメト	
9678	セクシー軍服	
9679	セクシーでかわいいどうぶつコスプレショー	costume
9680	セクサロイド	
9681	セカフミ	
9682	セイレーン	
9683	セイバー・リリィ	
9684	セイバーオルタ	
9685	ズボン下ろし	
9686	スーロン	
9687	スーパーロボット大戦K	tm
9688	スーパーファミコン	
9689	スーパーヒロイン	
9690	スーパークラウン	
9691	スーテラ	
9692	スーツYouTuber	
9693	スー(アークナイツ)	©
9694	スワイヤー(アークナイツ)	©
9695	スレンダー	
9696	スリーパーホールド	
9697	スリーインワン	
9698	スリット(洋服)	©
9699	スラム街	
9700	スライム浣腸	
9701	スモモ(トレーナー)	©
9702	スメール	
9703	スマートフォン	
9704	スマホ	
9705	スマイルプリキュア!	
9706	スポーツ	
9707	スポユニ	
9708	スポコス	
9709	スペロケ団	
9710	スペクター(アークナイツ)	©
9711	スプリング・モニタリング	
9712	スプラッター	
9713	スプラッシュアート	
9714	スピリティア・ローゼンベルク	
9715	スパロボK	
9716	スパッツ艦娘	
9717	スパクロ	
9718	スパイオ装備	
9719	スノウブレイク	
9720	スノウ(MAR)	©
9721	ストレッチ繊維	
9722	ストリートファイタークロス鉄拳	
9723	ストリートパイター	
9724	ストリート	
9725	ストラトス(PSO2)	©
9726	ストライカーズ(ラストオリジン)	©
9727	ストⅤ	
9728	ステラーブレイド	
9729	ステラ・オーウェル	
9730	ステラソラ	
9731	ステラのまほう	
9732	ステア(GBD)	©
9733	スター団	
9734	スターミー	
9735	スターフォックス	
9736	スターシャ	
9737	スターオーシャン5	
9738	スターオーシアン	
9739	スタンガン	
9740	スタジオぴえろ	
9741	スタイリッシュ痴女	
9742	スタイリッシュ拘束	
9743	スジ	
9744	スケベパーカー	
9745	スケベニット	
9746	スク水セーラー	swim ©
9747	スキューバダイビング	
9748	スキャンティ	
9749	スカート付きレオタード	
9750	スカートの中から尻尾	
9751	スカートの中	
9752	スカーク	
9753	スカレズ	
9754	スカラ装備	
9755	スカラマシュ	
9756	スカフィズム	
9757	スカディ	
9758	スカジャン	
9759	スカイフレア(アークナイツ)	©
9760	スウツ	
9761	スイートプリキュア♪	
9762	スイプリ	
9763	ジンオウガ	
9764	ジン	
9765	ジル・スティングレイ	
9766	ジョーイ	
9767	ジョルジュ製造機	
9768	ジョリ腋	
9769	ジョッキ	
9770	ジョジョの奇妙な冒険	
9771	ジュリ	
9772	ジュピター	
9773	ジュニアブラ	
9774	ジュニアアイドル	
9775	ジュエリー・ボニー	
9776	ジャーヴィス	
9777	ジャンプ	
9778	ジャンヌ姉妹	
9779	ジャンヌ・ダルク(水着)	swim ©
9780	ジャンヌダルク(神撃のバハムート)	©
9781	ジャンヌダルク	
9782	ジャック・ザ・リッパー	
9783	ジャック・オー	
9784	ジャケット	
9785	ジャガー(けものフレンズ)	©
9786	ジムリーダー(ジョウト)	©
9787	ジムリーダー(カントー)	©
9788	ジム	
9789	ジズ(メギド72)	©
9790	ジジ・ムリン	
9791	ジジ・フジサキ	
9792	ジオン軍	
9793	ジオン兵	
9794	ジェーナス(アズールレーン)	©
9795	ジェンティルドンナ(ウマ娘)	©
9796	ジェンツーペンギン(けものフレンズ)	©
9797	ジェフティ(パン屋作戦)	©
9798	ジェネ	
9799	ジェシー・ラズベリー	
9800	シーニィ	
9801	シーツ掴み	
9802	シーツおばけ	
9803	シーエ	
9804	シンメトリカルドッキング	
9805	シンデレラブレイド	
9806	シンデレラ:ガラスのプリンセス	
9807	シンダラ	
9808	シンクライリアナの人	
9809	シンクライリアナ(花騎士)	©
9810	シロネン	
9811	シロ(ボンバーガール)	©
9812	シロ	
9813	シルヴァ	
9814	シルフィー	
9815	シリーズ化希望	
9816	シラユリ・サクラ	
9817	ショーパン	
9818	ショートヘアー	
9819	ショートパンツ体操着	
9820	ショートパンツお漏らし	uro
9821	ショートセレナ	
9822	ションベンぶっかけ	uro
9823	ションベン	uro
9824	ショッピングカート	
9825	ショタ椛	
9826	ショタモンゲットだぜ!	
9827	ショタエルフ	
9828	ショジョナ	
9829	ショコラ(ネコぱら)	©
9830	ショコラ&バニラ	
9831	ショウ(ポケモン)	©
9832	ショアキーパー(鳴潮)	©
9833	シュルクーフ(アズールレーン)	©
9834	シュルクーフ	
9835	シュリンカー	
9836	シュブ=ニグラス	
9837	シュネー・ヴァイスベルグ	
9838	シュタルク	
9839	シャーリー・グランズ	
9840	シャーチル	
9841	シャンプー	
9842	シャンデラ	
9843	シャワー室	
9844	シャルロット・デュノア	
9845	シャルロット・カトリーヌ・クルーエ	
9846	シャルティア	
9847	シャル	
9848	シャムシェル	
9849	シャボン玉	
9850	シャフ度	
9851	シャハナ=ナーナ	
9852	シャノア	
9853	シャドー	
9854	シャドウミストレス優子	
9855	シャトラ	
9856	シャインミラージュ	
9857	シャイリリー	
9858	シフォン	
9859	シビアン	
9860	シノン(SAO)	©
9861	シノアリス	
9862	シニョーラ(原神)	©
9863	シドニー・オールム	
9864	シドニー	
9865	シドの嫁	
9866	シトラス	
9867	シズク=ムラサキ	
9868	シスターマリン	
9869	シスターサキュバス	
9870	シスタークレア	
9871	シスタークエスト	
9872	シグニット(アズールレーン)	©
9873	シギィ	
9874	シオン・アルフィーネ	
9875	シェルファニール	
9876	シェリー・バーキン	
9877	シェリル・ノーム	
9878	シェフィールド	
9879	シェズ	
9880	シイコ・スガイ	
9881	シィンズゥ(アークナイツ)	©
9882	シアシスターズ	
9883	シアシス	
9884	ザー飲	
9885	ザーメン風呂	cum
9886	ザーメン塗れ	cum
9887	ザーメンリンス	cum
9888	ザーメンシャンプー	cum
9889	サ胸ホイホイ	
9890	サーリャ	
9891	サーヤ(翠星のガルガンティア)	©
9892	サーヤ	
9893	サーバル(けものフレンズ)	©
9894	サークルカット	
9895	サーカル	
9896	サンバイザー	
9897	サンディエゴ(アズールレーン)	©
9898	サンダー龍子	
9899	サンダース	
9900	サンダー(ドールズフロントライン)	©
9901	サンダル	
9902	サンタ女子	
9903	サンタクロース	
9904	サンセットシマー	
9905	サンシャインクリエイション60	
9906	サンシャインクリエイション	
9907	サンオイル	
9908	サロペット	
9909	サレン(プリコネ)	©
9910	サラーサ(グラブル)	©
9911	サラーサ	
9912	サラトガ(艦隊これくしょん)	©
9913	サラトガ	
9914	サヤ	
9915	サメガール	
9916	サメ	
9917	サムネ	
9918	サマーアードウルフ	
9919	サマルトリアの王子	
9920	サマルトリアの王女	
9921	サバゲー	
9922	サナっぱい	tit
9923	サトノダイヤモンド(ウマ娘)	©
9924	サディちゃん	
9925	サッキュバス	
9926	サッカースピリッツ	
9927	サターニャ	
9928	サタノファニ	
9929	サザレ(ポケモン)	©
9930	サグラレ堕メ	
9931	サクラギ・コハル	
9932	サクナヒメ	
9933	サキュバス荘の大家さん	
9934	サキュバスメイド	
9935	サキュバスホームステイ	
9936	サキュバスクイーン	
9937	サキュバス(このすば)	©
9938	サキぽよ	
9939	サウナ	
9940	サイレント(SlaytheSpire)	©
9941	サイリ	
9942	サイボーグ009_	
9943	サイボーグ	
9944	サイバーフォーミュラ	
9945	サイバーパンク2077	
9946	サイバーパンク	
9947	サイドオーダー	
9948	サイコキ	dick
9949	サイコ	
9950	サイクロプス	
9951	サイクルヘルメット	
9952	ゴールドビキニ	swim
9953	ゴールデンロア	
9954	ゴールデンパインジュース	
9955	ゴールデングロー(アークナイツ)	©
9956	ゴーリキー	
9957	ゴースト(ポケモン)	©
9958	ゴロー(原神)	©
9959	ゴロー	
9960	ゴルロア	
9961	ゴルゴプスカバ(けものフレンズ)	©
9962	ゴム購入	
9963	ゴム着用	
9964	ゴム手袋	
9965	ゴム	
9966	ゴミ箱	
9967	ゴミ捨て場	
9968	ゴミを見るような目	
9969	ゴミ	
9970	ゴブリン娘	
9971	ゴブリンライダー	
9972	ゴブリンスレイヤーの登場人物一覧	
9973	ゴッドイーター2	
9974	コーナータイム	
9975	コードギアス双貌のオズ	
9976	コーデリア・エメリー	
9977	コンバース	
9978	コンドーム腰簑	
9979	コン(東京レイヴンズ)	©
9980	コン	
9981	コロラド(アズールレーン)	©
9982	コロマグちゃん	
9983	コロッサス(グラブル)	©
9984	コレ絶対入ってるよね	
9985	コルフェン	
9986	コルニ	
9987	コリィ・スナイパー	
9988	コミティア106	event
9989	コミティア	event
9990	コミック真激	
9991	コミックミルフ	
9992	コミックマーケット94	event
9993	コミックマーケット93	event
9994	コミックマーケット85	event
9995	コミックマーケット84	event
9996	コミックマーケット82	event
9997	コミックマーケット79	event
9998	コミックマーケット78	event
9999	コミックマーケット104	event
10000	コミックマーケット100	event
10001	コミックマショウ	
10002	コミックボンボン	
10003	コミックトレジャー	
10004	コミックE×E(エグゼ)	©
10005	コミック1	
10006	コミケ78	event
10007	コハル(アニポケ)	©
10008	コハク(Dr.STONE)	©
10009	コノハ博士	
10010	コトブキマコト	
10011	コップ	
10012	コッコロ	
10013	コックリーシュ	
10014	コズミックブレイク	
10015	コスモス	
10016	コスプレ公衆便所	
10017	コスプ	
10018	ココ・バンディクー	
10019	コケティッシュ	
10020	コギト(ポケモン)	©
10021	コウモリ	
10022	コウテイ	
10023	コウサカ・チナ	
10024	ゲーム画面風	
10025	ゲーム機	
10026	ゲームボーイ	
10027	ゲーマー	
10028	ゲート	
10029	ゲンブ(けものフレンズ)	©
10030	ゲンガー	
10031	ゲロ出しゲロ飲み	sca
10032	ゲロゲロ	sca
10033	ゲロイン	
10034	ゲルド族	
10035	ゲルググ	
10036	ゲップ	
10037	ケヴィン(聖剣伝説3)	©
10038	ケンタウロス娘	
10039	ケンタウロス	
10040	ケロ様	
10041	ケロロ軍曹	
10042	ケルベロス(Helltaker)	©
10043	ケルシー(アークナイツ)/	©
10044	ケルゲレン子	
10045	ケリ姫スイーツ	
10046	ケモ豆先生	
10047	ケモ娘	
10048	ケモ奴隷	
10049	ケモノ娘	
10050	ケモノ姉妹	
10051	ケモノふれんず	
10052	ケモセーフ	
10053	ケモストア	
10054	ケモぱい	tit
10055	ケモっぱい	tit
10056	ケツァル・コアトル(Fate)	©
10057	ケツァルコアトル	
10058	ケツァぐだ♀	
10059	ケツ	
10060	ケッコンカッコカリ	
10061	ケッコン(アズールレーン)	©
10062	ケイ(トレーナー)	©
10063	ケイ	
10064	グーラ人	
10065	グロ注意	
10066	グロマン/子宮脱/ガバマン/BDSM	ryona-
10067	グロチンポ	dick
10068	グレープフルーツクロー	
10069	グレートマザー	
10070	グレーテル	
10071	グレアン	
10072	グリース	
10073	グリマス	
10074	グリッドマンの下半身担当	
10075	グラーフ・ツェッペリン(艦隊これくしょん)	©
10076	グラーフ・ツェッペリン	
10077	グラヴィラ	
10078	グランバニア王女	
10079	グラン	
10080	グラメル	
10081	グラマラスグラマー	
10082	グラマラスカバ	
10083	グラベル(アークナイツ)	©
10084	グラベア	
10085	グラブル主人公	
10086	グラビティフォールズ	
10087	グラビア	
10088	グラニ(アークナイツ)	©
10089	グラナル	
10090	グラジタ	
10091	グラケット	
10092	グラアニ	
10093	グッズ	
10094	グダ子	
10095	グズマ	
10096	グアム(アズールレーン)	©
10097	クーラードリンク	
10098	クーネ	
10099	クンニリングス	mouth
10100	クロージャ(アークナイツ)	©
10101	クロリンデ	
10102	クロスホルタービキニ	swim
10103	クロエ(プリコネ)	©
10104	クロエ	
10105	クレー(原神)	©
10106	クレマンティーヌ	
10107	クレベース	
10108	クレオパトラ(Fate)	©
10109	クレア・アンドリュース	
10110	クレア	
10111	クルミ(リコリス・リコイル)	©
10112	クルシュ	
10113	クリ肥大化	clit
10114	クリ皮	clit
10115	クリ淫紋	clit
10116	クリ散歩	clit
10117	クリ拡張	clit
10118	クリ乳首吸引	clit nip
10119	クリーチャー	
10120	クリリード…いやチンリード?	clit dick pierc
10121	クリムゾン・タイフーン	
10122	クリフハート	
10123	クリトリス包皮	clit
10124	クリチラ	clit
10125	クリス・モーガン	
10126	クリスマス2024	
10127	クリスマス2023	
10128	クリス(このすば)	©
10129	クリカバー	clit
10130	クリオナ	clit
10131	クラ婚	
10132	クランプ	
10133	クラリス(シンデレラガールズ)	©
10134	クララ(トレーナー)	©
10135	クララ	
10136	クラッシュバンディクー	
10137	クラスに1人いる巨乳シリーズ	tit
10138	クラス3	
10139	クラゲ	
10140	クラエア	
10141	クラウンピース	
10142	クライムバスターズ	
10143	クムリ先輩	
10144	クパァ	
10145	クノイチ	
10146	クトゥルフ神話TRPG	
10147	クトゥルフ神話	
10148	クッパ	
10149	クソビッチ	
10150	クスリ漬け	
10151	クスリ	
10152	クシャルダオラ	
10153	クォーツ	
10154	クエンシー(勝利の女神:NIKKE)	©
10155	クイーンズブレイドリベリオン	
10156	クイーンズゲイト	
10157	ギロチン拘束	
10158	ギルモン	
10159	ギルベルタ(エンドフィールド)	©
10160	ギルティギアストライヴ	
10161	ギルます	
10162	ギリギリアウト	
10163	ギョロ目	
10164	ギャルピース	
10165	ギャラクティカ	
10166	ギャグハーネス	
10167	ギタリスト	
10168	ギザ歯	
10169	ギガサイズ	
10170	キーロフ	
10171	キヴォトスゲップ部	
10172	キンシコウ(けものフレンズ)	©
10173	キンシコウ	
10174	キング・シーザー	
10175	キングオブファイターズ	
10176	キリコ	
10177	キリグバイツ	
10178	キラッ☆	
10179	キョンシー頼光	
10180	キョンシー娘	
10181	キョウカ(プリコネ)	©
10182	キュービィ	
10183	キュロク	
10184	キュベレイMk‐Ⅱ	
10185	キュアロゼッタ	
10186	キュアリリアン	
10187	キュアリズム	
10188	キュアマーチ	
10189	キュアマリン	
10190	キュアホワイト	
10191	キュアピース	
10192	キュアビート	
10193	キュアヒョウタンヤマ	
10194	キュアニャミー	
10195	キュアトヨカワ	
10196	キュアトゥインクル	
10197	キュアソード	
10198	キュアサンシャイン	
10199	キュアアルカナ・シャドウ	
10200	キャンディス(原神)	©
10201	キャンディス	
10202	キャリア潰し	
10203	キャラ配布(ハニーセレクト2)	©
10204	キャラ配布	
10205	キャラクター	
10206	キャメルトゥ	
10207	キャプションに全力で同意	
10208	キャプションで台無し	
10209	キャットガール	
10210	キャッツィバニィ!	
10211	キャッシフスルート	
10212	キャストリス	
10213	キャストオフ	
10214	キャスター(Fate/EXTRA)	©
10215	キャスカ	
10216	キミの瞳に欲情してる	
10217	キノコ	
10218	キズナアイ	
10219	キスショット・アセロラオリオン・ハートアンダーブレード	
10220	キサラ	
10221	キサキ	
10222	キカイダー01	
10223	キアサージ(アズールレーン)	©
10224	ガールズバー	
10225	ガーネット	
10226	ガーター	
10227	ガンダム試作2号機	
10228	ガンダム戦記	
10229	ガンダムSEEDDESTINY	
10230	ガンダム00	
10231	ガンスリンガー	
10232	ガングロ	guro
10233	ガレージキット	
10234	ガレス(Fate)	©
10235	ガルーダ	
10236	ガルチュー	
10237	ガルガンティア	
10238	ガラスの中	
10239	ガハママ	
10240	ガチ百合	not_solo yuri sex
10241	ガチレズ	not_solo yuri sex
10242	ガスタの静寂カーム	
10243	ガジェットリョナ	ryona
10244	ガク痙攣	
10245	ガキ犯	
10246	ガキに戻ってヤリ直し	
10247	ガオー	
10248	カーリー	
10249	カーリナ	
10250	カーミラ(水着)	swim ©
10251	カーミラ(Fate)	©
10252	カーミラ	
10253	カーマ(水着)	swim ©
10254	カーディガン	
10255	カーディ(アークナイツ)	©
10256	カーセックス	
10257	カンナ	
10258	カンタレラ・フィサリア	
10259	カレンちゃん	
10260	カレラ	
10261	カレット	
10262	カルロッタ(鳴潮)	©
10263	カルム(トレーナー)	©
10264	カルデアチアリーディング部	
10265	カルデアキッチン組	
10266	カルテイラ	
10267	カリン・ウィクス	
10268	カリザ(プリコネ)	©
10269	カリカリ	
10270	カリオストロ(グラブル)	©
10271	カラーリップ	
10272	カラータイツ	
10273	カラカル(けものフレンズ)	©
10274	カムイ♀	
10275	カムイ(FEif)	©
10276	カミツレ	
10277	カミチア・ネーラ	
10278	カボチャ挿入	insert
10279	カホ	
10280	カフェ	
10281	カヒリ(ポケモン)	©
10282	カバーイラスト	
10283	カノン(ポケモン)	©
10284	カノン(プリコネ)	©
10285	カノジョも彼女	
10286	カニバリズム	
10287	カナン・ル・ユーパトリウム	
10288	カナン(アラフォー男の異世界通販生活)	©
10289	カットアウェイショルダー	
10290	カタリナ・クラエス	
10291	カタリナ	
10292	カズクリ	clit
10293	カスミ(電撃ピカチュウ)	©
10294	カクビク	
10295	カクテル	
10296	カガリ(ポケモン)	©
10297	カカオ	
10298	カオリ・フジワラ	
10299	カオスヘッド	
10300	カオスゼロナイトメア	
10301	カウベル	
10302	カウパー	
10303	カイ・ハーン	
10304	オーロ・クロニー	
10305	オーロラ	
10306	オーメストグランデ	
10307	オーベム	
10308	オープンニップル	nip
10309	オーバー・ザ・カラー	
10310	オーバーロード(アニメ)	©
10311	オートバイ	
10312	オーガ(DQ10)	©
10313	オーガ	
10314	オーイエーアハーン	
10315	オレンジ髪	
10316	オレンジペコ(GuP)	©
10317	オルレアン	
10318	オルドリン・ジヴォン	
10319	オルテガ	
10320	オルガスム	
10321	オリビエ	
10322	オリジナル漫画	oc
10323	オリジナルセーラー戦士	oc
10324	オリジナルXIII	oc
10325	オリキャラ全部描く	oc
10326	オリキャラゆづき	oc
10327	オリオトライ・真喜子	
10328	オヤジ	
10329	オムツ	
10330	オマーン・コーン	
10331	オマンコアップ	pussy
10332	オマル	
10333	オベリスクフォース	
10334	オフパコ	
10335	オフェリア(FEif)	©
10336	オフィスラブ	
10337	オファーはメイドさん	
10338	オパイニダス神話	
10339	オナホ扱い	
10340	オナホ妖精	
10341	オナホ化	
10342	オナホコキ	dick
10343	オナホ	
10344	オナニー配信	expose mast
10345	オトメ*ドメイン	
10346	オトスパス	
10347	オトコノコHEAVEN	
10348	オトギリさん	
10349	オッホアイ	
10350	オッティモ!!	
10351	オスクロル	
10352	オスガキ	
10353	オシリナル	
10354	オシリス文庫	
10355	オクトリング	
10356	オカルトマニア(Z-A)	©
10357	オカマニ	
10358	オオカミ	
10359	オウカテンコウ	
10360	オイルマッサージの虜になった私	
10361	オイルプレイ	
10362	オイナリプリキュア	
10363	エーデルガルト=フォン=フレスベルグ	
10364	エーテル財団職員	
10365	エーギル(アズールレーン)	©
10366	エヴァQ	
10367	エンジェルクラブ	
10368	エロ魔女	
10369	エロ運動会	
10370	エロ蹲踞/尻神様/極上の乳/クリスマス	tit
10371	エロ絵	
10372	エロ画像	
10373	エロ校則	
10374	エロ本	
10375	エロ忍者	
10376	エロ制服	
10377	エロ写メ	
10378	エロピン	
10379	エロビキニ	swim expose
10380	エロトラップダンジョン	
10381	エロキュア	
10382	エロカッコイイ	
10383	エロアクセサリー	
10384	エロかわいい	
10385	エロおにぎり	
10386	エレベーターガール	
10387	エレベーター	
10388	エレナ・ブラヴァツキー(水着)	swim ©
10389	エレナ・ブラヴァツキー(Fate)	©
10390	エレナ・ダグラス	
10391	エレナ(ストリートファイター)	©
10392	エレグ:ブーム・アンド・ショック	
10393	エレグ(勝利の女神:NIKKE)	©
10394	エレグ	
10395	エル子	
10396	エルーン	
10397	エルメ	
10398	エルボーサポーター	
10399	エルボー&ニーパッド	
10400	エルブン・フォレストメーカー	
10401	エルフでビキニでマシンガン!	fantasy swim
10402	エルフ(DQ10)	©
10403	エルデンリング:ナイトレイン	
10404	エルデンリング	
10405	エルザ・ブルックス	
10406	エルザ(シンフォギア)	©
10407	エル(GuP)	©
10408	エル	
10409	エリーチカ	
10410	エリーゼ・カタリーナ・フォン・ホーエンハイム	
10411	エリス(このすば)	©
10412	エリス	
10413	エリザベス・ローズ・ブラッドフレイム	
10414	エリサ	
10415	エリコ(プリコネ)	©
10416	エミリー	
10417	エマ	
10418	エピックセブン	
10419	エビ殿(ペティオ)	©
10420	エパリダ	
10421	エニシアと契約紋	
10422	エナメル	
10423	エナジードリンク	
10424	エデンズリッター	
10425	エディンバラ(アズールレーン)	©
10426	エディンバラ	
10427	エッジランナーズ	
10428	エチケット袋	
10429	エターナルアルカディア	
10430	エスプガルーダ	
10431	エサ	
10432	エコー	
10433	エクソシスター・イレーヌ	
10434	エクスブレイズ	
10435	エクシア(勝利の女神:NIKKE)	©
10436	エクシア(アークナイツ)	©
10437	エキドナ(ラストオリジン)	©
10438	エキゾチックチャイナ	
10439	エウレカセブン	
10440	エウルア(原神)	©
10441	エウリュアレ(Fate)	©
10442	エウリュアレ	
10443	エイリーク	
10444	エイリアン	
10445	エイミー(翠星のガルガンティア)	©
10446	エイミー	
10447	エイプリルフール	
10448	エイダ・ウォン	
10449	エイキーグレート	
10450	エアマット	
10451	エアコミケ	
10452	エアグルーヴ(ウマ娘)	©
10453	エアグルーヴ	
10454	エアガイツ	
10455	ェーガー	
10456	ウーバーイーツ	
10457	ウンディーネ(ギルティギア)	©
10458	ウロボロス(ドールズフロントライン)	©
10459	ウルリッヒ・フォン・フッテン(アズールレーン)	©
10460	ウルピスフォリア(アークナイツ)	©
10461	ウルシ(ボンバーガール)	©
10462	ウル	
10463	ウラビティ	
10464	ウマ娘ブルマーダービー	
10465	ウツロイド	
10466	ウチの子	
10467	ウシ娘	
10468	ウサ耳	
10469	ウサギ娘	
10470	ウォースパイト(艦隊これくしょん)	©
10471	ウエディングランジェリー	
10472	ウェーブヘア	
10473	ウェービーロングヘアー	
10474	ウェルロッドMkII(ドールズフロントライン)	©
10475	ウェルロッド	
10476	ウェルカムドリンク	
10477	ウェディング下着	
10478	ウェディング	
10479	ウェットスーツ	
10480	ウェット&メッシー	
10481	ウェストバージニア(アズールレーン)	©
10482	ウインク	
10483	ウィドウメーカー	
10484	ウィドウメイカー	
10485	ウィッチブレイド	
10486	ウィッチクラフト・ハイネ	
10487	ウィッチクラフト	
10488	ウィズ(このすば)	©
10489	ウィスラッシュ(アークナイツ)	©
10490	ウィステリアシリーズ	
10491	ウィクロス	
10492	イーブルローズ	
10493	イージス	
10494	インモラル	
10495	インプラカブル	
10496	インプモン	
10497	インプ	
10498	インフィニット・ストラトス2	
10499	インフィニットストラトス	
10500	インドミタブル	
10501	インディアン	
10502	インディアナポリス(アズールレーン)	©
10503	イングリス・ユークス	
10504	インキュバス	
10505	インガオホー	
10506	イワトビペンギン(けものフレンズ)	©
10507	イロドリミドリ	
10508	イレイナ	
10509	イルル(小林さんちのメイドラゴン)	©
10510	イリヤビースト	
10511	イラリク消化	
10512	イラスト本	
10513	イラストリアス	
10514	イラスティガール	
10515	イヤーガード	
10516	イブシコ	
10517	イナズマイレブン	
10518	イトウクッキー	
10519	イデア・リー	
10520	イチカ	
10521	イザベラ・バレンタイン	
10522	イサコ	
10523	イグゥ系	
10524	イクラクン	
10525	イクしかない/連結ピアス/アイデア	cum pierc
10526	イクしかない/緊縛高手小手胸縄逆さ吊り放置アイデア3点連結ピ	cum pierc bond
10527	イクしかない/緊縛後手M字開脚吊り放置強制絶頂乳首ピアス	cum nip pierc bond
10528	イクしかない/拘束後手連結乳首ピアス	cum nip pierc
10529	イクしかない/拘束後手放置強制絶頂首輪	cum
10530	イクしかない/拘束バイブ固定放置強制絶頂3点ピアス	cum nip clit pierc
10531	イクしかない/拘束2点連結乳首ピアスバイブ強制絶頂	cum nip pierc
10532	イクしかない/後手拘束放置強制絶頂/連結乳首ピアス	cum nip pierc
10533	イクしかない/完全緊縛高手小手胸縄M字開脚強制絶頂	cum bond
10534	イクしかない/完全緊縛高手小手胸縄M字開脚吊り放置強制絶頂	cum bond
10535	イクしかない/完全緊縛胡座縛り吊りアイデア放置3点ピアス強制	cum pierc bond
10536	イクしかない/完全拘束後手バイブ固定放置強制絶頂乳首ピアス	cum nip pierc
10537	イクしかない/完全拘束後手M字開脚2穴放置強制絶頂	cum
10538	イクしかない/完全拘束バイブ固定放置強制絶頂/美乳	cum tit
10539	イクしかない/吊り/美乳巨乳	cum tit
10540	イクしかない/オナニー/乳首責め	cum nip mast
10541	イクしかない/アイデア/強制絶頂	cum
10542	イクしかない	cum
10543	イカ娘	
10544	イカがわしい	
10545	イオ・ユークレース	
10546	イオ	
10547	イェーガー	
10548	イェラ(アークナイツ)	©
10549	ア艦これ	
10550	アームレット	
10551	アードウルフ(けものフレンズ)	©
10552	アーチャーフィッシュ(アズールレーン)	©
10553	アーチャーフィッシュ	
10554	アークロイヤル	
10555	アークザラッド2	
10556	アヴリル・ヴァン・フルール	
10557	アヴリル	
10558	アヴィエーレ	
10559	アン・ボニー	
10560	アンミラ	
10561	アンナ・錦ノ宮	
10562	アンチラ(グラブル)	©
10563	アンチョビ	
10564	アンダーヘア	
10565	アンダーグラウンド	
10566	アンスリウム	
10567	アンジェリーナ・菜夏・シーウェル	
10568	アンジェリーナ(アークナイツ)	©
10569	アンジェラ(聖剣伝説3)	©
10570	アンジェラ	
10571	アンケートに全部が無い	
10572	アン(神撃のバハムート)	©
10573	アロエ(異種族レビュアーズ)	©
10574	アレディの嫁	
10575	アルミナ	
10576	アルマ	
10577	アルプ・スイッチ	
10578	アルプスの少女ハイジ	
10579	アルバコア(アズールレーン)	©
10580	アルテラ(Fate)	©
10581	アルティメットディーバ	
10582	アルティメットまどか	
10583	アルシャト(プリコネ)	©
10584	アルコール浣腸	
10585	アルギュロス	
10586	アルカナ:フォーチュンメイト	
10587	アルカナ(勝利の女神:NIKKE)	©
10588	アルカディア	
10589	アル	
10590	アリーゼ	
10591	アリス・カータレット	
10592	アリスフィーズ・フェイタルベルン	
10593	アリスソフトはにほー	
10594	アリス(原神)	©
10595	アリシア・メルキオット	
10596	アリサ(シャドウバース)	©
10597	アリサ	
10598	アリアンロッド・サガ	
10599	アラ・ハーン	
10600	アラフォー男の異世界通販生活	
10601	アラビアン	
10602	アラバマ(アズールレーン)	©
10603	アラトロン	
10604	アラクネ	
10605	アヤメ(GBD)	©
10606	アマリリス組	
10607	アマビエ	
10608	アマテ・ユズリハ	
10609	アマゾネス	
10610	アポロニア・ヴァール	
10611	アポロキャップ	
10612	アベル(モンスト)	©
10613	アヘ顔ピース	
10614	アヘ顔/強制開脚/Dilation_belt/性器ピアス	pierc
10615	アヘガオ	
10616	アフリカオオコノハズク(けものフレンズ)	©
10617	アビゲイル・ウィリアムズ(水着)	swim ©
10618	アバドーン	
10619	アネモネ	
10620	アネット	
10621	アニパロ	
10622	アニスフィア・ウィン・パレッティア	
10623	アニス	
10624	アニエス・オブリージュ	
10625	アナールレーン	
10626	アナーキー・パンティ	
10627	アナル騎乗位	anus
10628	アナル飲酒	anus
10629	アナル調教	anus
10630	アナル相撲	anus
10631	アナル皺	anus
10632	アナル出産	anus
10633	アナルフック/ボンデージ/アームバインダー/ペニスギャグ	anus mouth bond dick
10634	アナルファック	anus insert
10635	アナルパール/アナルビーズ	anus
10636	アナルゼリー相撲	anus
10637	アナルジュエリー	anus
10638	アナルしっぽ	anus
10639	アナルきつきつ丸	anus
10640	アナスタシア・ニコラエヴナ・ロマノヴァ(Fate)	©
10641	アナスタシア/速水奏/鷹富士茄子/新田美波/高垣楓/三船美優	
10642	アナスタシア(Fate)	©
10643	アドミラル・ナヒーモフ(アズールレーン)	©
10644	アドミラル・グラーフ・シュペー(アズールレーン)	©
10645	アドベンチャータイム	
10646	アトランタ(艦隊これくしょん)	©
10647	アトランタ	
10648	アダルトグッズ	
10649	アダルトアニメ化/OVA化	
10650	アセロラ(ポケモン)	©
10651	アズールレーン陣営	
10652	アズールレーン七周年記念	
10653	アズールはもう駄目だ	
10654	アスナ(ポケモン)	©
10655	アストルフォ(Fate)	©
10656	アステシア(アークナイツ)	©
10657	アスティカシア高等専門学園	
10658	アスカリ	
10659	アジタ	
10660	アシュリー	
10661	アサ狐	
10662	アサギ(ボンバーガール)	©
10663	アコぱい	
10664	アゲハ	
10665	アグライア(スターレイル)	©
10666	アクリルキーホルダー	
10667	アクメビーム	
10668	アクションクルーズ	
10669	アクシズ教	
10670	アクエリオンEVOL	
10671	アクア・ケントルム	
10672	アキラ(ゼンゼロ)	©
10673	アカネ	
10674	アオリ(スプラトゥーン)	©
10675	アオリ	
10676	アオイ(ポケモンSV)	©
10677	アオのハコ	
10678	アウター・ラビア・ピアス	pussy pierc
10679	アイリスフィール・フォン・アインツベルン	
10680	アイリスは天使	
10681	アイリス(トレーナー)	©
10682	アイリス(アニポケ)	©
10683	アイリス	
10684	アイリ	
10685	アイラ	
10686	アイマスク	
10687	アイマス×ラブライブ	tm
10688	アイボー	
10689	アイプラ	
10690	アイナちゃん	
10691	アイドルマスターミリオンライブ!シアターデイズ	
10692	アイドリープライド	
10693	アイテール	
10694	アイス	
10695	アイシャ・ベルカ	
10696	アイオワ	
10697	アイちゃん(月曜日のたわわ)	©
10698	アへ顔ダブルピース	
10699	わたしの幸せな結婚	
10700	わき	
10701	わがままおっぱい	tit
10702	わかめ酒	
10703	わかさぎ姫	
10704	ろーあんぐる	
10705	れいかのバッドエンドビューティ虐め	
10706	れいか(DOA)	©
10707	るるのアトリエ	
10708	り陸奥たか	
10709	りーさん	
10710	りんごの森とパラレルタウン	
10711	りんかん学校ではよくある風景	
10712	りぼんヘアピンちゃん	
10713	らんゆか	
10714	らんま	
10715	らんぱい	
10716	らくがきとはなんだったのか	
10717	よわよわ先生	
10718	よもまつ10yo	
10719	よもまつ	
10720	よいみや	
10721	よいこの萌えっ娘!	
10722	ゆる触手	
10723	ゆり	not_solo yuri
10724	ゆら	
10725	ゆゆゆ	
10726	ゆゆっぱい	tit
10727	ゆみこ先生と僕	
10728	ゆまちゃん	
10729	ゆっくりTRPG	
10730	ゆきしま	
10731	ゆきおんな	
10732	ゆかきり	
10733	ゆうえんち(けものフレンズ)	©
10734	ゆいなちゃん	
10735	やり手水	
10736	やぶれタイツ	
10737	やはり俺の青春ラブコメはまちがっている	
10738	もーもーふれっしゅ	
10739	もんじゃ	
10740	もりあがってまいりました	
10741	ももちゃん	
10742	もみじえろえろ	
10743	もふりたい尻尾	
10744	もふもふしたい	
10745	もっと逃避するべき	
10746	もっと評価されるべき	
10747	もっと・・・	
10748	もっとカッとなるべき	
10749	もしドラ	
10750	もう助からないゾ♡	
10751	もうホモでいいや	
10752	もうこれが公式でいいよ	
10753	めーりん	
10754	めんま	
10755	めゆーめゆー	
10756	めだかボックス	
10757	めぐりねルカ	
10758	めがねっ娘	
10759	むらナイ	
10760	むらびと	
10761	むっちり	
10762	むしろ描いてください	
10763	むしろ女王樣	
10764	みんなの着せ替え!	
10765	みなみけ	
10766	みつバチすずめバチ	
10767	みつる君	
10768	みつあみ	
10769	みたらしアンコ	
10770	みずタイプ	
10771	みこぱい	
10772	みうらっは	
10773	まんこ見えそう	pussy
10774	まんぐり返し/ぐぱぁ/拡張/ケツ毛	pussy ass
10775	まろんちゃん	
10776	まり	
10777	まな板の上の鯉	
10778	まどマギ	
10779	まどか	
10780	まとめ	
10781	まつりは絵っち	
10782	まったく、駆逐艦は最高だぜ‼︎	
10783	ましろ色シンフォニー	
10784	まこぴーをいぢめ隊	
10785	まこぴー	
10786	まえばり	
10787	まいてつ	
10788	まあ30分もゲザればなんとかしてくれる…よね…	
10789	ま○こ習字	pussy
10790	ぽんこつ娘の日常	
10791	ぽっかり乳首	nip
10792	ぽいっぱい	tit
10793	ぼったくり	
10794	ほーぅ、さっぱりだ	
10795	ほろ酔い	
10796	ほっぺをチンポつつき	dick face
10797	ほっこり	
10798	ほたる	
10799	ぺコリーヌ	
10800	ぺろくん	tongue
10801	へんたいよくできました	
10802	へそ出しチャイナ	
10803	へそぱんち	
10804	ぷりけつ	ass
10805	ぷよぷよSUN	
10806	ぷにケット21	
10807	ぶっ掛け	cum
10808	ぶっともも	
10809	ぶっかけ眼鏡舐め	cum tongue
10810	ぶっかけ専用	cum
10811	ぶっかけうどん	cum
10812	ぶっかけ/巨乳首/痴女/眼鏡/スパンキング/舌ピアス/爆乳	cum tongue pierc tit nip
10813	ぶち込みたい尻	
10814	ぶざまんこ	pussy
10815	ふとましい	
10816	ふたなり化	
10817	ふたなりテント	
10818	ふぐり	
10819	ふぁーすと4	
10820	ぴっちり	
10821	ぴたけっと	
10822	ぴえろ魔法少女シリーズ	
10823	ひゃぁ!もう我慢できねぇ!	
10824	ひもパン	
10825	ひなこのーと	
10826	ひとは	
10827	ひつじ	
10828	ひぐらしのなく頃に業	
10829	ぱんもろ	
10830	ぱいずり	tit
10831	ばん馬	
10832	ばっちゃが言うなら間違いない	
10833	ばくにゅう!!	tit
10834	はるあみ	
10835	はみ出したい乳	tit
10836	はみクリ	clit
10837	はねらぎ	
10838	はつらつ	
10839	はたらく細胞	
10840	はじけて♪サマー	
10841	はぐれ魂獣イヅナ	
10842	はあみこ	
10843	はあとArt	
10844	のほほんさん	
10845	のけ反り	
10846	ねぶた	
10847	ねじ込む	
10848	ねこ耳	
10849	ねここ	
10850	ねこ	
10851	ぬら孫	
10852	ぬいぐるみと女の子	
10853	にょーそろー	
10854	にゃんにゃんでにゃんにゃんするにゃん	
10855	にゃふぅ	
10856	にじそうさく	
10857	にこにー	
10858	にくみ	
10859	なんだあのでっかいモノ・・・	
10860	なるほど、わからん	
10861	なめこ	
10862	なのは	
10863	なにしてもいいのよ	
10864	なにこれ切ない	
10865	なにこれエロカワイイ	
10866	なにこれエロかっこいい	
10867	なにこれエロい	
10868	ななしいんく	
10869	なぜか偏るアンケート	
10870	ながらプレイ	
10871	ながもんなキャプション	
10872	どや顔	
10873	どたぷ～ん	
10874	どたぷ〜ん	
10875	どえむ	
10876	どう森	tm
10877	とんがり帽子	
10878	とら祭り2015	
10879	とら祭り	
10880	とらぶる	
10881	とらのあな	
10882	ととぱい	
10883	ととさと	
10884	としょかんコンビ	
10885	でんぐり返し	
10886	でんきタイプ	
10887	できる瑞鶴	
10888	でかすぎ姫	
10889	てゐ	
10890	てっぺん	
10891	てぃくび	
10892	つるーぴー	
10893	つま先	
10894	つけ耳	
10895	つう	
10896	ついんげ	
10897	ちんちんない男の娘のちんちん	
10898	ちんこローター	dick toy
10899	ちんぐり騎乗位	
10900	ちりこ	
10901	ちょろイン	
10902	ちょっと乳がでかいくらい	tit
10903	ちょこぱい	
10904	ちびムーン	
10905	ちはまこ	
10906	ちっくちっくびー☆	
10907	ちちりん	
10908	ちちゅーごく	
10909	ちさたき	
10910	だれうま	
10911	だるま/四肢欠損/四肢切断	
10912	だばぁ	
10913	だが男だ	
10914	だがそれがいい	
10915	たんこぶ	
10916	たわわチャレンジ	
10917	たわわな幼馴染	
10918	たわわなおっぱい	tit
10919	たわわ	
10920	たゆんげ	
10921	たぷたぷ	
10922	たぶんバッチパパ	
10923	たちばなももか	
10924	ただのやらしいマリア	
10925	たこがため	
10926	たおやかじゃないわね	
10927	たいせつなきみのために、ぼくにできるいちばんのこと	
10928	それは気のせいです	
10929	その発想は無かった	
10930	そに子ちゃん10周年	
10931	そに子	
10932	そして次の瞬間!!	
10933	そしてこのプロフ画である。	
10934	そうりゅう	
10935	そ、そこー!	
10936	ぜひ揉んでみたいおっぱい	tit
10937	ぜかま尻	ass
10938	ぜかまし	
10939	せいふく	
10940	ずっぽり	
10941	ずっしり乳	tit
10942	すーぱーたま娘	
10943	すりすり	
10944	すばら汁	
10945	すたっどばんぎゃっしゅ	
10946	すじスク	swim expose
10947	すじまん	
10948	すこティッシュ	
10949	すいかっぷ	
10950	す―ぱーそに子	
10951	しーっ	
10952	しり	ass
10953	しょこらーと	
10954	しゃがみション	
10955	しめじ	
10956	しまむー	
10957	しばられいむ	bond
10958	しばきながら罵詈雑言を浴びせてください	
10959	しない	
10960	しつけ	
10961	したいのにできない	
10962	しずりん	
10963	しずか	
10964	しぐぱい	
10965	しかし犯される	
10966	し〜むす!8	
10967	さや杏	
10968	さとぱい	
10969	さとしさとり	
10970	さくらんぼ	
10971	さくら	
10972	さくにゅう	
10973	さかまた飼育日記	
10974	ご褒美	
10975	ご依頼	
10976	ごらんの有様だよ!	
10977	ごみ袋	
10978	ごっちん	
10979	ご、誤字はなおさないもん;w;	
10980	こんるる	
10981	こんな家に住みたい	
10982	こんなに飛ばないけど	
10983	これは良い「あーん」	
10984	これはいい初音	
10985	これはいいおっぱい	tit
10986	これでラフ・・・だと・・・!?	
10987	これが現実	
10988	これからが本番	
10989	こりこり祭り	
10990	こまえーき	
10991	この世、全ての欲	
10992	このヘンタイ!	
10993	このままながめてるのもいいか	
10994	このおっぱいで魔女は納得でしょ	tit
10995	このおっぱいで仙女は無理でしょ	tit
10996	このおっぱいで37kgは無理でしょ	tit
10997	このあと滅茶苦茶セックスした	
10998	ことよろ	
10999	こたつプレイ	
11000	こたつ	
11001	こすてろ	
11002	ここに軍法会議を設置しよう	
11003	ここに住みたい	
11004	こがぱい	
11005	こいちち	
11006	こぁ	
11007	げろを吐く	sca
11008	げろ	sca
11009	げっぷ	
11010	けも耳	
11011	けもフレ風景画	
11012	けもフレ	
11013	けもケット9.5	
11014	けもの	
11015	けもにょ	
11016	けっこう仮面	
11017	けしからん乳	tit
11018	けしからんもっとかいて下さい	
11019	けしからんふともも	
11020	けしからん	
11021	けいおん!!	
11022	ぐーてんもーげん♡ぐーてんもーげん♡	
11023	ぐるぐる目	
11024	ぐだ邪ン	
11025	ぐだネロ	
11026	ぐだセミ	
11027	ぐだなぎ	
11028	ぐだぐだ邪馬台国	
11029	くんずほぐれつ	
11030	くろシス	
11031	くぱあ	
11032	くぱぁの日	
11033	くぱぁ?	
11034	くつろぐおっぱい	tit
11035	くっころ	
11036	くせっ毛	
11037	くおん	
11038	くいこみ	
11039	きんたまモザイク	
11040	きれいなスッパテンコー	
11041	きれいなにゅう	
11042	きらめくセレナーデ	
11043	きょとんハテナ	
11044	きゅうくらりん	
11045	がんばれ♥がんばれ♥	
11046	かんぱに☆ガールズ	
11047	かんこうきゃく(トレーナー)	©
11048	かわみょん	
11049	かわいい子	
11050	かまかまーと	
11051	かぼちゃの本気	
11052	かばんちゃん	
11053	かつて魔法少女と悪は敵対していた。	
11054	かっこかわいい	
11055	かげわか	
11056	かがみもちち	
11057	かがみ	
11058	お風呂ポスター	
11059	お金	
11060	お酒	
11061	お薬	
11062	お竜	
11063	お札	
11064	お散歩	
11065	お掃除クンニ	mouth
11066	お持ち帰り	
11067	お巡りさんこっちです	
11068	お尻少し見えてる	ass
11069	お尻ちん	ass dick
11070	お宝マーク	
11071	お嬢貧乳	tit
11072	お姫乳	tit
11073	お姫ちん	dick
11074	お姉様	
11075	お姉さんのおっぱい	tit
11076	お前のような潜水艦がいるか	
11077	お前それ次やったらマジで〝これ〟だからな	
11078	お兄様ホイホイ	
11079	お仕置きシリーズ	
11080	お仕事絵	
11081	お仕事募集中	
11082	お仕事	
11083	お互いに温めあいましょう	
11084	おパンツ	
11085	おやこ	
11086	おもらし寸前	
11087	おもらしっ娘	
11088	おもらし×放尿○	uro
11089	おもらし,お漏らし	uro
11090	おみぃさん	
11091	おまんこ丸出し	pussy
11092	おまんこカーテン	pussy
11093	おまわりさんこの人です	
11094	おまわりさんこっちです	
11095	おまる	
11096	おへそ窓	
11097	おへそくぱぁ	
11098	おぱーい	tit
11099	おぱい	tit
11100	おばさん	
11101	おのえねっと	
11102	おねロリ	loli
11103	おねだり	
11104	おねえさん	
11105	おにロリ	loli
11106	おっパルテナ	tit
11107	おっパブ	tit
11108	おっぱまりさ	
11109	おっぱい魔女	tit
11110	おっぱい責め	tit
11111	おっぱい固め	tit
11112	おっぱい丸出し	tit
11113	おっぱいロープウェイ	tit
11114	おっぱいマウスパッド	tit
11115	おっぱいプレート	tit
11116	おっぱいフック	tit
11117	おっぱいピカチュウ	tit
11118	おっぱいサンシャイン	tit
11119	おっぱいグラブ	tit
11120	おっぱいカーテン	tit
11121	おっぱいオバケ	tit
11122	おっぱいアイマスク	tit
11123	おっぱいの中身	tit
11124	おっぱいこわい	tit
11125	おっぱい/腹筋/飲み物	tit
11126	おっき	
11127	おちんぽミルク	dick milk
11128	おちんちん	dick
11129	おちくびごくもん	nip
11130	おだんご	
11131	おすわり	
11132	おしっこ漏らし競技ソロ	uro
11133	おしっこの穴	uro
11134	おしがま	
11135	おしおき	
11136	おさわりまんこのひとです	pussy
11137	おかあさん	
11138	えーちち様	
11139	えろケモ先生	
11140	えろいほんツリーズ07	
11141	えろいほんツリーズ03	
11142	えりんげ	
11143	えりか	
11144	うんりゅう	
11145	うんちまみれ	sca
11146	うんこ付き	sca
11147	うんこまみれ	sca
11148	うわキツ	
11149	うるぱい	
11150	うど純	
11151	うつくしい	
11152	うちの娘	
11153	うずまきクシナ	
11154	うさみみポーズ	
11155	うさだヒカル	
11156	うさぎちゃん	
11157	うごイラ、	
11158	うごくアズレン	
11159	いろは(侍魂)	©
11160	いろは	
11161	いぬみみ	fantasy
11162	いつも頬を赤らめているみうらっは	
11163	いつもの水龍敬	
11164	いっぱい	tit
11165	いっそ塗り絵企画に	
11166	いちご100%	
11167	いたって普通のにゅう	
11168	いただきっ!	
11169	いずれ最強の錬金術師?	
11170	いずみちゃん	
11171	いすず	
11172	いい肉乳	tit-
11173	いい肉の日	
11174	いい笑顔	
11175	いいスジしてる	
11176	いいだしっぺの法則	
11177	いいえ、ケフィアです。	
11178	いいえ、ケフィアです	
11179	あんぱんの日	
11180	あんあんあんな♡	
11181	あわせてしょりしょり無処理しょり	
11182	あるある	
11183	あやらぶ絵巻	
11184	あやもみ	
11185	あやね	
11186	あやかしランブル!	
11187	あばら	
11188	あの花	
11189	あにゃまる探偵キルミンずぅ	
11190	あと4人	
11191	あててんのよ	
11192	あつ森	tm
11193	あそびにいくヨ!	
11194	あそう…け…?	
11195	あずぱい(アイマス)	©
11196	あずにゃん	
11197	あざとい	mouth
11198	あさかぜ学園おっぱい組	tit not_solo
11199	あけましておめでとう	
11200	あけおめこ	
11201	あくび	
11202	あおり	
11203	ああっ女神さまっ	
11204	ああ、次はメガシンカだ･･･	
11205	ああ!窓に!窓に!	
11206	【同人再録】	
11207	【VS】魔女	
11208	【R-18】グリモア伝	
11209	★★	
11210	●REC	
11211	⑨	
11212	※小学生です	
11213	※公式です	
11214	※よいこはマネしないでね	
11215	※しません	
11216	※6歳です	
11217	Оригинальный_персонаж	oc
11218	π/	
11219	zombies	
11220	zerotwo	
11221	zelda	
11222	yupachu	
11223	yukiちゃん	
11224	younggirl	
11225	yoruichishihouin	
11226	yoruichi	
11227	yokai	
11228	yoimiya	
11229	yiyi	
11230	x-ray	
11231	wow	
11232	wife_slut	
11233	widowmaker	
11234	whitney	
11235	whitehair	
11236	wetting	uro
11237	wet	
11238	wedding	
11239	wapeach	
11240	wallpaper	
11241	w	
11242	vtber	
11243	vshojo	
11244	voyeur	
11245	vomit	sca
11246	vocaloid_china	©
11247	vliver	
11248	viper-f50	
11249	vindictus	
11250	vampire	
11251	v_flower	
11252	uzaki	
11253	usagi	
11254	urophagia	uro mouth
11255	uropha	uro mouth
11256	urination	uro
11257	urethra	
11258	ump45	
11259	ullr	
11260	tsukishiroyanagi	
11261	tracer	
11262	touko	
11263	tomboy	
11264	toilet	
11265	tickle	
11266	thigh	
11267	tenten_nipples	nip
11268	tears	
11269	teamrocket	
11270	swordswallowingposition	
11271	swordmaiden	
11272	sweat	
11273	supermario	
11274	sunset_shimmer	
11275	sukja	
11276	suicidesquadfanart	
11277	suicidesquad	
11278	suggestive	
11279	studio	
11280	street	
11281	stocking	
11282	stella	
11283	stable	ai
11284	squigly	
11285	squeeze	
11286	sporty	
11287	splatoon3	
11288	spit	mouth
11289	soulworker	
11290	soultide	
11291	soulcalibur	
11292	soraka	
11293	sonicthehedgehog	
11294	sona	
11295	soles	
11296	socks	
11297	snuffy	
11298	smoking	
11299	smile	
11300	slave	
11301	skeb依頼絵	
11302	shylily	
11303	shorthair	
11304	shiranui	
11305	shimapan	
11306	shihouin_yoruichi	
11307	shenhe	
11308	shanoa	
11309	shadowheart	
11310	sf5	
11311	sexygirl	
11312	sexyart	
11313	sexpolice	
11314	seieki	
11315	seethrough	
11316	see-through	
11317	sc60	
11318	sam	
11319	sailormercury	
11320	sailor	
11321	rule34	
11322	ruirui	
11323	roxannewolf	
11324	roxanne	
11325	rov	
11326	ring	
11327	revy	
11328	reversebunnysuit	
11329	retro	
11330	residentevil	
11331	rbq	
11332	raycast	
11333	raidian	
11334	raccoon	
11335	pussyjuice	pussy
11336	pussy	pussy
11337	purah	
11338	punk	
11339	psplive	
11340	psg	
11341	prostitute	
11342	princesszelda	
11343	pony	
11344	playhome	
11345	play_home	
11346	pixiv年賀状2010	
11347	pixivSnowEffect	
11348	pixivGlow2024	
11349	pinup	
11350	pinkie_pie	
11351	pinkhair	
11352	phone	
11353	petplay	pet
11354	pervert	
11355	persona3	
11356	persica	
11357	pawpose	
11358	panties	
11359	panit	
11360	painting	
11361	p3	
11362	overlord	
11363	original_character	oc
11364	oral_sex	mouth
11365	onimai	
11366	oni	
11367	onepunchman	
11368	one_bar_prison	
11369	olivier	
11370	okayu	
11371	occultism	
11372	nun	
11373	nude	
11374	nozama	
11375	nippletape	nip
11376	nipplepiercing	nip pierc
11377	nintendoRP	
11378	niku便器ですよ。兄さん。	uro
11379	nierautomata	
11380	neuro-sama	
11381	nerd_slut	
11382	nekomata	
11383	neko	
11384	native	
11385	naruto	
11386	nami	
11387	naked	
11388	nadia	
11389	musclegirl	
11390	mujin	
11391	mothman	
11392	mother_and_daughter	
11393	morrigan	
11394	moon	
11395	mona	
11396	miniskirt	
11397	milking	milk
11398	milk	milk
11399	milf_project	
11400	miku	
11401	messyhair	
11402	meme	
11403	medusa	
11404	mature	
11405	marina	
11406	marian	
11407	maplestory	
11408	manga	
11409	manface	
11410	makima	
11411	mai	
11412	lu輪姦	not_solo sex sm
11413	luna	
11414	lulu	
11415	loen	
11416	lillie	
11417	leonaheidern	
11418	leona	
11419	legs	
11420	legend	
11421	league_of_legends	
11422	latexnuns	
11423	lass	
11424	lapwing	
11425	lappland	
11426	lactation	milk
11427	kuromaru	
11428	kujousara	
11429	kos-mos	
11430	komishouko	
11431	komi-san	
11432	kingsraid	
11433	kimono	
11434	kimetsunoyaiba	
11435	kiana	
11436	kefla	
11437	kda	
11438	katarina	
11439	karlach	
11440	kajinman	
11441	kajin	
11442	justia	
11443	jowyanderson	
11444	jolyne	
11445	jill	
11446	jack-o	
11447	itadaki	
11448	irodori版けものフレンズ	©
11449	invertednipple	nip
11450	inuitoko	
11451	illust	
11452	iPad	
11453	iDOLSURVIVAL	
11454	i2v	
11455	hyuugahinata	
11456	hypnosis	
11457	hunter	
11458	hrak男性向け	
11459	hotvr	
11460	horizonwalker	
11461	hooker	
11462	holojustice	
11463	highheels	
11464	hex_maniac	
11465	hex	
11466	hentai	
11467	harevutai	
11468	hanfu	
11469	handjob	dick
11470	halloween	
11471	hagane.f	
11472	h	
11473	gyaru	
11474	gundam	
11475	guiltygear	
11476	gril	
11477	grab	
11478	gothic	
11479	gore	
11480	goldenshower	uro
11481	goddess	
11482	goblinslayer	
11483	glasspress	
11484	ghost	
11485	ggstrive	
11486	genshinimpact	
11487	gbf	
11488	garter	
11489	gangroad	
11490	gamemarket	
11491	gamefreak	
11492	gag	
11493	futa	
11494	fur	
11495	footfetish	
11496	flou	
11497	five_nights_at_freddy's	
11498	figure	
11499	fighter	
11500	ffvii	
11501	ff7r	
11502	fetish	
11503	femboy	
11504	femaleninja	
11505	fellatio	mouth dick
11506	fategrandorder	
11507	facial	
11508	f2p	
11509	exhibitionism	
11510	exercise	
11511	etheriarestart	
11512	etheria	
11513	epicseven	
11514	epic7	
11515	emily	
11516	elphelt	
11517	elegg	
11518	dualtail	
11519	dragon	
11520	doublepeace	
11521	double_penetration	insert
11522	doomer	
11523	doodle	
11524	doll	
11525	doggystyle	sex
11526	diletta	
11527	dildo	
11528	dilation_belt	
11529	digital	
11530	diaper	
11531	design	
11532	demongirl	
11533	demon	
11534	demitri	
11535	deepthroat	throat
11536	debonair	
11537	dark_magician_girl	
11538	daphne_blake	
11539	danmachi	
11540	dalle3	
11541	d.va_(overwatch)	©
11542	cynthia	
11543	cyberpunk2077	
11544	curry	
11545	cuming	cum
11546	cuckold	
11547	cryptids	
11548	crying	
11549	creampie	
11550	cowboy	
11551	cow	
11552	corruption	
11553	conceptart	
11554	commy	
11555	comicアンスリウム	
11556	comics	
11557	comic1☆4	
11558	comdost	
11559	cocobandicoot	
11560	closer	
11561	chun_li	
11562	chiwan	
11563	child	
11564	chii	
11565	chastitybelt	
11566	chastity	
11567	catfight	
11568	castlevania	
11569	card	
11570	capcom	
11571	cammywhite	
11572	cameltoe	
11573	callillust	
11574	callie	
11575	callidrip	
11576	cacus	
11577	c91	
11578	c85	
11579	c84	
11580	c82	
11581	c78	
11582	butt	ass
11583	buruaka	
11584	bunny_girl	
11585	bunny	
11586	bubbline	
11587	browndust	
11588	bowsette	
11589	booty	
11590	booette	
11591	bonndage	
11592	bodysuit	
11593	boahancock	
11594	blush	
11595	bluesona	
11596	blonde	
11597	blindfold	
11598	blender	
11599	blazblue	
11600	bitchsuit	
11601	biohazard	
11602	bibi	
11603	bellybutton	
11604	belly	
11605	belldandy	
11606	beheading	
11607	beautifuldress	
11608	baseball	
11609	ballgag	
11610	baldursgate	
11611	avielynn	
11612	avie-lynn	
11613	armpit	
11614	armbinder	
11615	ara	
11616	aphrodisiac	
11617	aov	
11618	anythingv3	
11619	anythingV3	
11620	animeart	
11621	angry	
11622	anarchy	
11623	amyrose	
11624	alternate_hair_color	
11625	allout	
11626	akenohimejima	
11627	akali	
11628	ai少女	
11629	aigirl	
11630	aiart	ai
11631	ahri	
11632	ah!mygoddess	
11633	acerola	
11634	abs	
11635	Z指定なのに性交できないこんな世の中じゃ(ノД`)	
11636	Zでも家庭用では乳首は出ないんだ…出ないんだよ!	nip
11637	Zxyori	
11638	ZhuYuan	
11639	Zbrush	
11640	ZZZ	
11641	Z11(アズールレーン)	©
11642	Z1	
11643	Z/X	
11644	Yuri	not_solo yuri
11645	Yukikaze_Panettone_alter	
11646	Yujin	
11647	Youth	
11648	YouTube	
11649	You	
11650	Yoruichi	
11651	Yor	
11652	Yoimiya	
11653	Yelan	
11654	Yanfei	
11655	Yanagi	
11656	YaeMiko	
11657	YES/NO枕	
11658	YDIYA	
11659	YAT安心!宇宙旅行	
11660	X字拘束	
11661	Xhiemi	
11662	Xenosaga	
11663	Xayah	
11664	XY(アニポケ)	©
11665	XFrog	
11666	XBLAZE	
11667	X-02	
11668	X-00ティアマト	
11669	W手コキ	dick
11670	Wプリンツ・オイゲン	
11671	Wファー	
11672	Wアナル挿入	anus insert
11673	Wrestling	
11674	WorldofWarcraft	
11675	Wooden_Horse	
11676	Wolfychu	
11677	With	
11678	WhiteTails	
11679	Welrod	
11680	Webjob	dick
11681	WatsonAmelia	
11682	Warwick	
11683	Waitress	
11684	WTエロ	
11685	WOMAN	
11686	WIZ	
11687	WIXOSS	
11688	WAXED	
11689	WA5	
11690	WA2000(ドールズフロントライン)	©
11691	WA2000	
11692	W	
11693	V字水着	swim expose
11694	Vチューバー	
11695	Vサイン	
11696	Vulpisfoglia	
11697	Vocaloid	©
11698	Vivian	
11699	VirtualYouTuber	
11700	VirtuaReal	
11701	ViperGTS	
11702	Vidya	
11703	VestiaZeta	
11704	VenusBlood	
11705	VelmaDinkley	
11706	Veibae	
11707	Vargr	
11708	ValentinesDay2020	
11709	Valentine(スカルガールズ)	©
11710	Valentine	
11711	VTuber可憐	
11712	VShojo	
11713	VOICEVOX	
11714	VIPER(PCゲーム)	©
11715	VEE	
11716	VA-11_HALL-A	
11717	V4/A4	
11718	V.G.	
11719	Urophagia	uro mouth
11720	Ubel	
11721	UW	
11722	UNIY	
11723	UMP45(ドールズフロントライン)	©
11724	U-47(アズールレーン)	©
11725	Type.II	
11726	Twitterまとめ	
11727	TwinBox学園	
11728	TsukatsukiRio	
11729	Trigger	
11730	Trickcal	
11731	Tracer	
11732	Touhou	
11733	Torture	
11734	Torso	
11735	Tongue	tongue
11736	TinaIsami	
11737	Tiffy	
11738	TifaLockhart	©
11739	ThornSin	
11740	Tenh	
11741	Tekken	
11742	Tayelle	
11743	Tanning	
11744	Tamatoys	
11745	Taki	
11746	TakanashiKiara	
11747	TV	
11748	TSUGUNAI	
11749	TRPG	
11750	TOX2	
11751	TOWART	
11752	TOV	
11753	TOKYO天魔	
11754	TOKYOEXEGIRLS	
11755	THE_資本主義	
11756	TEENTITANS	
11757	TAIHO	
11758	T-elos	
11759	T-3レプリコン	
11760	Sランクモンスターのベヒーモス	
11761	Swimsuit	swim
11762	SummerPockets	
11763	Succubus_Queen	
11764	Stockings	
11765	StellaSora	
11766	Steamセールちゃん	
11767	SteamSpringSale	
11768	Steam	
11769	Starfire	
11770	Spider	
11771	Sparkle	
11772	SoulWorker	
11773	Snuffy	
11774	SlaytheSpire	
11775	Skadi	
11776	Siren	
11777	Sipher	
11778	SilverWolf	
11779	Shizuku	
11780	Shinji_Ikari	
11781	Shampoo	
11782	Shadowverse	
11783	Selfcest	
11784	SecretAgent〜騎士学園の忍びなるもの〜	
11785	Secazz	
11786	ScoobyDoo	
11787	Scat	sca
11788	SamsungSam	
11789	SamekoSaba	
11790	SakuradaHane	
11791	Sabrith	
11792	SUPERCOMICCITY25	
11793	STG	
11794	SSSS.DYNAZENON	
11795	SR-3MP	
11796	SPYxFAMILY	
11797	SPH	
11798	SONA	
11799	SO5	
11800	SKEB	
11801	SHOWBYROCK!!ましゅまいれっしゅ!!	
11802	SHIROBAKO	
11803	SF	
11804	SEKIRO	
11805	SEED	
11806	SDXL	
11807	SDGO	
11808	SD	
11809	S-スネーク	
11810	S-Force乱破小夜丸	
11811	Rｰ18	
11812	Rosenkreuzstilette	
11813	Rosaria	
11814	Rope	
11815	Roma	
11816	RockwaLadynoTashinamidesh	
11817	Riasgremory	
11818	Reina	
11819	Regina	
11820	Redh	
11821	Recluse	
11822	Raven	
11823	Rapi	
11824	Ranma1/2	
11825	Ranma	
11826	Rane	
11827	RaidenMei	
11828	RagnarokOnline	
11829	Rabi-Ribi	
11830	RabbitGarden	
11831	RQ	
11832	ROOMガール	
11833	RO635	
11834	RJいじめ	
11835	RIOTMUSIC	
11836	R17.9	
11837	R.ミカ	
11838	R.O.D	
11839	R.Mika	
11840	R-17	
11841	Qpixiv2水着	swim
11842	QRコード	
11843	QMA	
11844	QBZ-97(ドールズフロントライン)	©
11845	QBZ-95	
11846	Q-Bee	
11847	Procreate	
11848	PrinzEugen	
11849	PrincessConnect!Re:Dive	
11850	PriConne	
11851	Pramanix	
11852	Police	
11853	Pokémon	
11854	PokemonBW	
11855	Plump	
11856	Pixai.Art	ai
11857	Phrolova	
11858	Persona	
11859	Perlica	
11860	Penny	
11861	Parasoul	
11862	Palutena	
11863	Palette	
11864	Pacific_Rim	
11865	PSPo2i	
11866	PPP(けものフレンズ)	©
11867	PPK(ドールズフロントライン)	©
11868	PPAP	
11869	POSER	
11870	POOTERS	
11871	PMNP	
11872	PLAYHOME	
11873	PAさん	
11874	Olga	
11875	OlchaS	
11876	Obese	
11877	OTs-12	
11878	ORASハルカ	
11879	NottyTiffy	
11880	Nipple	nip
11881	Nikke	
11882	Nicole	
11883	Neopolitan	
11884	Neo-Porte	
11885	Nekomimi	
11886	Nejire	
11887	Naruto	
11888	Nana	
11889	Nachoneko	
11890	NY	
11891	NTRではない	
11892	NSFW	
11893	NIJISANJI	
11894	NEWGAME!	
11895	NCISさんこっちです	
11896	M字開脚/ストライプソックス/ぐぱぁ/子宮口	
11897	M字	
11898	Märchen_Star	
11899	Muscle	
11900	Mt.レディ	
11901	Ms.Fortune	
11902	Mr.インクレディブル	
11903	Mother	
11904	MoriCalliope	
11905	Moona_Hoshinova	
11906	Mitumi_Shiba	
11907	MitsuruKirijo	
11908	Mita	
11909	Misato_Katsuragi	
11910	MillenniumCAT	
11911	Milk_Gun	milk
11912	Miku	
11913	Mika	
11914	Mihara	
11915	Midnight	
11916	MiSide	
11917	Mhu'Tiki	
11918	Metamorphy	
11919	Mercury	
11920	Meikasama	
11921	Megurine	
11922	Maya	
11923	May	
11924	Mavuika	
11925	Mars	
11926	Marnie	
11927	Marina	
11928	Maishiranui	
11929	Mai_Shiranui	
11930	Mahouka	
11931	MahoSakuramori	
11932	Magiabese	
11933	MX	
11934	MUGEN	
11935	MONSTER	
11936	MMDR18	
11937	MLP	
11938	MIKU	
11939	MID	
11940	MI6さんこっちです	
11941	MHW	
11942	MF文庫J	
11943	MERCY	
11944	MARVEL	
11945	M249	
11946	Lynae	
11947	Lusamine	
11948	Lupin_III	
11949	Lumine	
11950	LumiNyu	
11951	Luka	
11952	Louis	
11953	Loona	
11954	Lolita	loli
11955	LoV3	
11956	Lillie	
11957	Libeccio	
11958	LeagueofLegends	
11959	LeagueOfLegends	
11960	Latex	
11961	Lapwing	
11962	Lancer	
11963	LUX	
11964	LPLE	
11965	LEGENDSアルセウス	
11966	LEGENDSZ-A	
11967	LCL	
11968	LATEX	
11969	K点越えおっぱい	tit
11970	Kyou	
11971	Kuritorisu	clit
11972	Kokomi	
11973	Kohaku	
11974	KelliSiren	
11975	Karera	
11976	Kal'tsit	
11977	KaiSa	
11978	KENZEN	
11979	K/DA	
11980	Juvia	
11981	Juri	
11982	JotTouch	
11983	Jk	
11984	Jinx	
11985	Jessie	
11986	JaneDoe	
11987	Jaina_Proudmoore	
11988	JUNGLE	
11989	JK沙都子	
11990	JKリフレ	
11991	JKめし!	
11992	JD	
11993	JAV	
11994	JAPANESE	
11995	I字放尿	uro
11996	I型の谷間	
11997	Iバック	
11998	Irelia	
11999	Iono(Pokemon)	©
12000	InugamiKorone	
12001	ISUKO	
12002	IRyS	
12003	INAXがアップを始めました	
12004	IGNITION	
12005	IDOLY_PRIDE	
12006	IDOLM@STER	
12007	Hな水着	swim expose
12008	Hな下着	
12009	Hysilens	
12010	Honkaiimpact3rd	
12011	HoneyWorks	
12012	HololiveID	
12013	Histoire-d'A	
12014	Hinata	
12015	HelluvaBoss	
12016	Helltaker	
12017	HeavyCruiser	
12018	Hatsune	
12019	HarleyQuinn	
12020	HappyNewYear2024	
12021	HappyNewYear2022	
12022	HappyHalloween	
12023	Haman_Karn	
12024	HalloweenParty2025	
12025	HakuiKoyori	
12026	HakosBaelz	
12027	HTH	
12028	HS2	
12029	HOTLIMIT	
12030	HONEYSELECT	
12031	H	
12032	Gストリング	
12033	Gwen(LoL)	©
12034	Gwen	
12035	GushingoverMagicalGirls	
12036	GuiltyGear	
12037	GravityFalls	
12038	Goldenglow	
12039	GoldenShower	uro
12040	God	
12041	Go!プリンセスプリキュア	
12042	Go!プリプリ	
12043	Genshinimpact	
12044	GawrGura	
12045	Garrote	
12046	GQuuuuuuX	
12047	GOTH	
12048	GODEATER	
12049	GLF	
12050	GJ部	
12051	GIF	
12052	GGXrd	
12053	GG	
12054	GATE	
12055	GAINGAUGE	
12056	G41(ドールズフロントライン)	©
12057	G15	
12058	F子	
12059	Fちゃん	
12060	Fujiko_Mine	
12061	Fox	
12062	Formidable	
12063	Forger	
12064	Footjob	foot dick
12065	Fleurdelys	
12066	FineFaunart	
12067	FinalFantasy	
12068	Figure	
12069	Fgo	
12070	Fern	
12071	Feet	
12072	Fate×スーツ	
12073	FateGO	
12074	Fate/unlimitedcodes	
12075	Fate/Zero	
12076	Fate/GrandOrderArcade	
12077	Fate/EXTELLA	
12078	FUWAMOCO	©
12079	FORTUNE_ARTERIAL	
12080	FNAF	
12081	FLOWER_KNIGHT_GIRL	
12082	FGOイラコン4	
12083	FGOイラコン3	
12084	FFXV	
12085	FFX	
12086	FFVII	
12087	FF7リバース	
12088	FF7remake	
12089	FF15	
12090	FANZA	
12091	FANBOX	
12092	Eye	
12093	Ewica	
12094	EvilRose	
12095	Emma_Hardy	
12096	ElvenForestMaker	
12097	EllenJoe	
12098	Elin	
12099	ElectricChair	
12100	Edelgard	
12101	Echidna	
12102	E_Myo	
12103	EXCEED	
12104	EUDETENUS	
12105	Dva	
12106	DrunkOak	
12107	Dragonquest	
12108	DragonNest	
12109	Dr.STONE	
12110	Dom/Sub	
12111	DogDays,	tm
12112	Dilation_belt/一穴二本/大量挿入/ガバマン	sm insert
12113	Dilation_belt	
12114	Digimon	
12115	Dies_irae	
12116	Dewi	
12117	DestinyChild	
12118	Derpy_Hooves	
12119	Degenbrecher	
12120	Darkness	
12121	Dandadan	
12122	Dance	
12123	DW	
12124	DRAGONBALL	
12125	DQX	
12126	DQ9	
12127	DQ5	
12128	DQ2	
12129	DOGDAYS	tm
12130	DIZZY	
12131	DESTINY	
12132	DAZStudio	
12133	DAZ	
12134	DARKSOULS3	
12135	DARKSOULS	
12136	DAP	
12137	DAL	
12138	DAF	
12139	D:キラーワイフ	
12140	D:KillerWife	
12141	D.VA	
12142	D(勝利の女神:NIKKE)	©
12143	Cストリング	
12144	Cynthia	
12145	Cyberpunk2077	
12146	Cyberpunk	
12147	Cumvomit	cum sca
12148	Cradle	
12149	CrackleCradle	
12150	Cow	
12151	Comicアンスリウム	
12152	ComicMILF	
12153	Club	
12154	Cliffheart	
12155	ClaireRedfield	
12156	Citrus	
12157	Citlali	
12158	Cinderella	
12159	Chizuru	
12160	ChinatsuKashino	
12161	Chel	
12162	Character	
12163	Cerberus	
12164	Catwoman	
12165	CategoryM	
12166	Cat's	
12167	Cantarella	
12168	Cabbit	
12169	CV:種田梨沙	
12170	CV:ゆかな	
12171	COMITIA124	
12172	COMITIA122	
12173	COMITIA120	
12174	COMITIA106	
12175	COMITIA	
12176	COMICリュウ	
12177	COMIC1☆8	
12178	COMIC1☆13	
12179	COMIC1☆11	
12180	CHUNITHM	
12181	CHAOS;HEAD	
12182	CCさくら	
12183	C90(3日目)	event
12184	C79	
12185	C77	
12186	C100	
12187	Brownhair	
12188	Browndust2	
12189	Bremerton	
12190	Bowser	
12191	Booette	
12192	Boobs	tit
12193	BlueBox	
12194	Blowjob	mouth dick
12195	BlazBlue	
12196	Blades	
12197	Bernadetta	
12198	BanGDream!	
12199	Baiken	
12200	BUNNYSUIT	
12201	BOX戦闘少女	
12202	BORUTO	
12203	BNHA	
12204	BNA	
12205	BLAZBLUE	
12206	BLACKLAGOON	
12207	BKエクソシスト	
12208	BC自由学園	
12209	BBホテップ	
12210	BBペレ	
12211	BBW	
12212	BBB	
12213	BBA	
12214	Aランクパーティを離脱した俺は元教え子たちと迷宮深部を目指す	
12215	Aztec	
12216	AyaToujou	
12217	AveMujica	
12218	Ashe	
12219	Arona	
12220	ArcTheLad	
12221	AnnaYamada	
12222	Anime	
12223	Angelina	
12224	Angela_Ziegler	
12225	Android21	
12226	Alter	
12227	AliceThymefield	©
12228	Alice	©
12229	Alabama	
12230	AkinoWisteria	
12231	Akino	
12232	Akali	
12233	Aibo	
12234	After	
12235	AdventChildren	
12236	Acheron	
12237	AbyssOrangeMix	
12238	AV	
12239	ASUKA	
12240	ARKNIGHTS	
12241	ANUBIS	
12242	ANGEL倶楽部	
12243	ANAL	anus
12244	ANA	
12245	AK-12(ドールズフロントライン)	©
12246	AK-12	
12247	AI着色	ai
12248	AI生成作品	ai
12249	AIR	
12250	AIBO	
12251	AI-girl	
12252	AI-Syoujyo	
12253	AI(加筆)	ai
12254	AG-1ネレイド	
12255	AF	
12256	AA-12(ドールズフロントライン)	©
12257	A2	
12258	>>アンケ_ﾄﾞｺﾞｫ	content
12259	97式	
12260	95式	
12261	8号(Splatoon)	©
12262	765	
12263	6P	
12264	69	
12265	5頭身	
12266	5本腕	
12267	5月26日はこころの日	
12268	500円橙	
12269	3穴バイブ攻め	
12270	3段階	
12271	3歳	
12272	3p	
12273	2穴責め	
12274	2穴破壊	
12275	2次元風俗学園	
12276	2月2日はレムとラムの誕生日	
12277	2対1は卑怯だろ	
12278	2Pカラー	
12279	2025年	
12280	2022年	
12281	2015	
12282	2014年賀状	
12283	2013	
12284	2.5次元	
12285	2.5D	
12286	1枚で何この破壊力・・・	
12287	1日1シッコ	uro
12288	1ノリコ=7時間	
12289	1girl	
12290	1920x1080	
12291	18+	
12292	17岁美少女(真)	
12293	14歳	
12294	10月27日はふみふみの誕生祭	
12295	10年進化録	
12296	109号シティ	
12297	108回じゃヌけない煩悩	
12298	100冊買うから乳首見せてください	nip
12299	100億$$$の歌姫ファルファラ	
12300	100カノ	
12301	00	
12302	.nsp	
12303	.	
12304	-○-○-○-	
12305	*無名(甲鉄城のカバネリ)	©
12306	*コウテイペギン(けものフレンズ)	©
12307	(・ω・)	
12308	(Pokémon)	tm
12309	(:´д`)	
12310	(*´ω`*)	