TAG	CATEGORY	NOTES / TRANSLATION
R-18	r18	
オリジナル	oc	
おっぱい	tit-	
巨乳	tit-	big breasts
乳首ピアス	nip pierc	nipple piercing
拘束	bond	bondage - restraint - kōsoku
女の子	content-	girl
おしっこ	uro	pee
ぶっかけ	cum	bukkake
極上の乳	tit-	first-rate breasts
R-18G	guro	R-18G
飲尿	uro mouth	urophagia
尻神様	ass-	ass god
浴尿	uro	meat urinal - urine bath - yokunyō
母乳	tit milk	breast milk
肉便器	uro	meat toilet - niku benki
ピアス	pierc	piercing
艦これ	tm	KanColle
爆乳	tit-	big breasts
極上の女体	body-	superb female body
陰毛	pussy-	pubic hair
首輪	sm- pet	collar - kubiwa (choker)
漫画	content	manga
魅惑の谷間	tit	cleavage - enchanting cleavage - miwaku no tanima
うごイラ	anim	ugoira - moving illustration
緊縛	bond	bondage - kinbaku
褐色	tan	dark skin
調教	sm	training - chōkyō (sm related)
中出し	cum	creampie - internal ejaculation
ボディスーツ	expose underwear	Bodysuit
ロリ	loli	loli
アズールレーン	tm	Azur Lane
AIイラスト	ai	AI illustration
ポケモン	tm	Pokémon
ブルーアーカイブ	tm	Blue Archive
おもらし	uro	peeing
バーチャルYouTuber	©	vtuber
スカトロ	sca	scat - sukatoro
露出	expose	exhibitionism - exposure - roshutsu
百合	not_solo yuri	yuri
乳首責め	nip	nipple stimulation - nipple torture - chikubizeme
放尿	uro	urination - hōnyō
アナル	anal	anal
魅惑のふともも	thigh-	bewitching thighs - enchanting thighs - Miwaku no futo momo
原神	tm	Genshin Impact
東方	tm	Touhou
パイズリ	tit dick	paizuri - titty fuck
フェラ	mouth dick	fellatio / blowjob
エロ衣装	expose	sexy clothes / erotic costume
輪姦	dick	gangbang
むちむち	chubby-	plump
拷問	sm	torture
Fate/GrandOrder	tm	Fate/Grand Order
くぱぁ	pussy	Kuppaa - spread pussy
ホロライブ	tm	Hololive
猿轡	mouth sm	mouth gag
東方Project	tm	Touhou Project
揉みしだきたい乳	tit	boobs I want to massage
アナログ	not_ai	analog / traditional art
身体に落書き	bodymark-	body doodling
レイプ	sm	rape
リョナ	ryona	ryona
アイマス	tm	IMAS - Idolmaster
艦隊これくしょん	tm	Kantai Collection
Fate/GO	tm	Fate/GO
裸足	foot-	barefoot
水着	swim	swimsuit
奴隷	sm	slave
制服	costume	uniform
アヘ顔	face	ahegao
アイドルマスターシンデレラガールズ	tm	THE IDOLM@STER CINDERELLA GIRLS
全裸	body- expose	completely naked
淫紋	bodymark	sexual demon tattoo - Indecent Crest
目がハート	bodypart	heart eyes
腋	armpit	armpits
ポケモン人間絵	©	human characters in Pokémon
FGO	tm	FGO
猫耳	fantasy	cat ears
メイド	costume	maid
ふたなり	tit dick expose	futanari
AI	ai	AI
オナニー	mast	masturbation
サキュバス	fantasy	succubus
顔射	cum	facial ejaculation
コピック	not_ai	copic
触手	beast	tentacle
全身タイツ	expose underwear	full bodysuit / zentai
おへそ	belly-	navel / bellybutton
GenshinImpact	tm	GenshinImpact
クリピアス	clit pierc	clitoris piercing
金髪	hair-	blonde
敗北	sm	defeat
VTuber	©	VTuber
搾乳	milk	milking
催眠	sm-	hypnosis
ロリ巨乳	loli tit	loli with huge breasts
ボンデージ	bond	bondage
ボールギャグ	mouth sm	ball gag
溢れ精液	cum	creampie - overflowing semen
女子高生	id	high school girl
SM	sm	SM
エロ蹲踞	expose thight pussy	sexy squatting
アークナイツ	tm	Arknights
NTR	type-	NTR / Netorare
明日方舟	tm	Arknights (Chinese name)
お尻	ass-	butt / ass
濡れ透け	expose	wet see-through clothes
ケモノ	fantasy	kemono / furry
眼鏡	glasses	glasses
拡張	expose pussy	dilation / stretching
ブルアカ	tm	Buruaka - Blue Archive (Abbreviation)
グラブル	tm	Granblue Fantasy
騎乗位	sex	Cowgirl position
ツインテール	hair-	twin ponytails (hairstyle)
塗糞	sca	scat smearing
BlueArchive	tm	Blue Archive
失禁	uro	incontinence - wetting - shikkin
メスケモ	fantasy	Female Furry / Anthro girl - Female Kemo
AI生成	ai	AI Generated Content
性奴隷	sm	Sex slave
ボテ腹	belly-	pregnant belly / swollen belly
裸	body- expose	nude
美少女	content-	Beautiful girl / Bishoujo
美少女戦士セーラームーン	tm	Pretty Guardian Sailor Moon
乳首	nip-	nipples
セーラームーン	tm	Sailor Moon
洗脳	sm-	Brainwashing / Mind Control
野外露出	expose	Outdoor exposure / Exhibitionism
獣耳	fantasy	Animal ears (Kemomimi)
乳揉み	tit	breast rub / breast massage / breast groping
StableDiffusion	ai	Stable Diffusion
タトゥー	bodymark	tattoo
グランブルーファンタジー	tm	Granblue Fantasy
黒髪	hair-	black hair
バニーガール	costume	bunny girl costume
潮吹き	wet	squirting
日焼け跡	tan	tanlines
使用済みコンドーム	condom	used condom
エルフ	fantasy	elf
NovelAI	ai	NovelAI
鞭打ち	sm	whipping / flogging
腹筋	belly-	abs
下乳	tit	underboob
にじさんじ	tm	nijisanji
食糞	sca	coprophagy
动图	anim	GIF / Animated Image (Chinese tag)
ペットプレイ	pet	pet play
目隠し	sm	blindfold
痴女	type	female pervert / nymphomaniac / lewd woman
悪堕ち	sm	corrupted / falling to evil
ビッチ	type	bitch / slut archetype
シスター	costume	nun uniform
ふともも	thigh-	thighs
透け乳首	nip	nipples through clothes / See-through nipples
背後から胸揉み	tit	breast groping from behind
レズ	not_solo yuri	yuri / lesbian
フェラチオ	mouth dick	fellatio / blowjob
すじ	expose	cameltoe outline / pussy line
3D	not_ai	3D Models
羞恥	sm- expose	humiliation / shame
女体美	body-	beautiful female bodies
監禁	sm	confinement / imprisonment
乱交	not_solo dick sex	group sex / orgy / gangbang
ギャル	type	gyaru
異物挿入	insert	foreign object insertion
ケモミミ	fantasy	kemomimi
hololive	tm	Hololive
狐耳	fantasy	fox ears
手コキ	dick	handjob
マイクロビキニ	swim expose	micro bikini
イラマチオ	throat dick insert	facefucking / deep throat / irrumatio
精液	cum	semen - seieki
鼻フック	sm	nose hook
挟まれたい谷間	tit	plump cleavage / cleavage you want to get caught in
尻	ass-	butt / ass
JK	id	joshikousei / high school girl
少女	id	young girl / shoujo
便女	uro	female human toilet / toilet girl / human urinal (Niku benki variation)
お漏らし	uro	wetting oneself / incontinence / peeing
筋肉娘	type	muscle girl / fit girl
立ちション	uro	peeing standing up / standing urination
ヒロピン	sm	heroine in a pinch / ryona light / Hiropin
うちの子	oc	OC / Original Character (Utchinoko)
BDSM	sm	BDSM
脱糞	sca	defecation / scat
機械姦	gear	intercourse with machinery / machine sex
バイブ	toy	vibrator / toy
横乳	tit	side breasts / side-breast
ビキニ	swim	bikini
落書き	not_ai	doodle / sketch
事後	setting	after sex / aftermath
褐色肌	tan	tan skin / dark skin
無様エロ	expose	uncouth erotic / clumsy erotic state / awful erotic
足裏	foot-	soles of feet
スパンキング	sm	spanking
3DCG	not_ai	3D Computer Graphics
汗	wet	sweat
ゼンレスゾーンゼロ	tm	Zenless Zone Zero
着衣巨乳	tit	clothed breasts / oppai hidden by shirt
マニキュア	bodypart-	nail polish
ディルド	toy	dildo
メスガキ	loli	sassy loli - female brat - mesugaki
ザーメン	cum	semen - cum - zamen
セーラー服	costume	sailor uniform
異種姦	fantasy sex	interspecies sex
小便	uro	urine / pee (shouben)
口内射精	cum mouth	oral ejaculation / cum in mouth
プラグスーツ	expose underwear	Plugsuit (Evangelion context/Sci-fi latex)
CLIPSTUDIOPAINT	content	Clip Studio Paint
胸ポチ	nip	nipple poke / nipples protruding through clothes (munepochi)
スリングショット	swim expose	slingshot swimsuit / bikini
輪チラ	nip	areola flash / areola peek
勝利の女神:NIKKE	tm	Goddess of Victory: NIKKE
アイドルマスターシャイニーカラーズ	tm	THE iDOLM@STER Shiny Colors
着衣噴乳	milk wear	Milk spraying through clothing
おねショタ	type	Onee-Shota
性器ピアス	pussy pierc	Genital piercing
乳合わせ	tit dick	paizuri sharing / breasts pressing / breast-to-breast rub
pokemon	tm	Pokémon (English tag)
貧乳	flat-	flat chest / small breasts
ラテックス	sm expose underwear	Latex / Rubber wear
うんこ	sca	poop / scat 
服越し母乳	tit milk	breastfeeding / lactation through clothes
エロ処刑	ryona	erotic execution / sexy punishment / lewd punishment
裸足裏	foot-	bare soles
碧蓝航线	tm	Azur Lane (Chinese name)
極上の貧乳	flat-	first-rate flat breasts / superb small breasts / premium flat chest
チンカス	cum	smegma
furry	fantasy	furry (English tag)
ラバースーツ	sm expose underwear	Rubber suit / Catsuit
四肢切断	guro	desmemberment / amputation / guro
乳吸い	tit	breast sucking
ローション	oil	lotion / lube
アナル尻尾	anal pet toy	anal tail plug
鬼畜	sm	brutal
開脚放尿	uro	spread leg urination / kaikyakuhounyou
愛液	wet	sexual fluids / female lubrication / love juice
崩壊スターレイル	tm	Honkai: Star Rail
創作	oc	OC / Original Creation
セックス	sex	sex
アナルビーズ	anal toy	anal beads
まんぐり返し	pussy	piledriver position / upward pussy display
おトイレ間に合わなかった系女子	uro	girls who didn't make it to the toilet in time
girl	content-	girl (English tag)
熟女	type	milf / mature woman
子宮脱	pussy ryona	uterine prolapse
乳房破壊	tit ryona	breast destruction
トイレ	uro toilet	toilet play / bathroom setting
スク水	swim	sukumizu / school swimsuit
遊戯王	tm	Yu-Gi-Oh!
腋毛	armpit-	armpit hair
白髪	hair-	white/silver hair
手マン	insert	fingering / manual stimulation
乳責め	tit	breast torture / stimulation
ハニーセレクト	tm	Honey Select
FF	tm	Final Fantasy
常識改変	setting+	change in common sense / common sense alteration / mind control
ポケットモンスター	tm	Pocket Monsters / Pokémon
チンコ包囲網	not_solo dick	surrounded by cocks / dick encirclement
NIKKE	tm	NIKKE (Abbreviation)
膣内放尿	pussy uro	vaginal urination / internal pee
両手に茎	not_solo dick	double handjob / holding two dicks / stems in both hands
三角木馬	sm gear	wooden horse
ブルマ	id	bloomer shorts
ハロウィン	setting	halloween themed
アイドルマスター	tm	THE IDOLM@STER
聖水	uro	golden shower / holy water / urine
積極お漏らし	uro	intentional pants wetting
崩坏星穹铁道	tm	Honkai: Star Rail (Chinese name)
寝取られ	type-	Netorare / Cuckold
口枷	mouth sm	Gag / Mouth shackle
凌辱	sm	sexual assault / rape / outrage / lewd violation
人妻	type	married woman / wife
乳暖簾	tit dick	milk warms / paizuri curtain / milk noren effect
はいてない	expose-	bottomless / not wearing panties / no-pan status
Arknights	tm	Arknights (English tag)
ぱんつ	underwear	panties
陵辱	sm	rape / lewd violation
男の娘	type	otokonoko / femboy
パンツ	underwear	panties (Katakana variation)
へそピアス	pierc	navel piercing
逆バニー	costume	reverse bunny suit
獣姦	beast	bestiality / zoophilia
悪魔っ娘	fantasy	devil girl / demon girl
仕事絵	content	commission / professional work
二穴	insert	DP / double penetration / two holes
ナース	costume	nurse uniform
ストリートファイター	tm	Street Fighter
黒髪ロング	hair-	long black hair
舌出し	tongue	tongue out
服ビリ	expose-	torn clothes / clothes tearing / ripped clothes
射精	cum	ejaculation / cumming
変身ヒロイン	id	transformable heroines
メイ(トレーナー)	©	Rosa / Mei (Pokémon Trainer)
パンチラ	expose-	panty flash / pantsu peek / panchira
レオタード	underwear	leotard
コルセットピアス	pierc	corset piercing
ILLUSION	tm	ILLUSION
黒ギャル	type	kuro-gyaru / dark-skinned gal
巨乳輪	nip	large areolas
小スカ	sca	Minor Scat / Light scat
宣伝	content	Advertisement / Promo art
娘乳	flat milk	Daughter's milk / Young lady lactation / Nyannyu
妊婦	type	Pregnant woman
公衆便所	toilet	Public toilet
僕のヒーローアカデミア	tm	My Hero Academia
ビンビンにおっ勃てたエロ乳首	nip	rock-hard erect erotic nipples
ヒトイヌ	pet sm	walking on fours / Human dog / Petplay pet
下着	underwear	underwear / lingerie
ニプレス	nip expose	nipple pasties
クリ責め	clit	clit stimulation / clit torture
オリキャラ	oc	Original Character / OC
開脚	open	spread legs
足コキ	foot dick	footjob
舌ピアス	tongue pierc	tongue piercing
縛り	bond	bound / tie-up (Bondage light)
ニーソ	underwear	Thighhighs / Knee-high socks (Knee-so) 
牛柄ビキニ	swim expose	cow print bikini
後背位	sex	doggy style
パンスト	underwear	Pantyhose
貞操帯	sm gear	chastity Belt
神羅万象	tm	Shinra Bansho
噴乳	tit milk	Lactation squirt / Spraying breast milk
前から見えるお尻	ass	butt visible from the front
プリンセスコネクト!Re:Dive	tm	Princess Connect! Re:Dive
ニプルファック	nip insert	nipple fuck
テカテカ	oil	gleaming / shiny / glossy skin filter / baby oil texture
ゼンゼロ	tm	Zenless Zone Zero (Japanese abbreviation)
ぽっかりアナル	anal	gaping anal / gaping asshole
おまんこ	pussy	pussy / vagina
電気責め	sm gear	electro torture / electric shock torture / electro-stimulation
舐め回したい穴	anus tongue	lickable asshole
腹ボコ	pussy toy sm	foreign objects in the stomach
ポニーガール	pet sm	pony girl play (bdsm)
フィギュア	art_style	figure-like style / garage kit look
くらすめいと	id	Classmate
あばれる乳	tit	abareruchichi / wildly bouncing breasts
bondage	bond	bondage (English tag)
VOCALOID	tm	Vocaloid
B★RS	tm	Black★Rock Shooter
巨根	dick	large penis / huge cock / monster penis
太もも	thigh-	thighs (Alternative kanji)
八重神子	©	Yae Miko (Genshin Impact character)
ローター	toy	rotor / egg vibrator
ポニーテール	hair-	ponytail
M字開脚	open	M-shaped spread legs
針責め	pierc	needle torture / piercing pins
牛娘	fantasy	cow girl / minotaur girl
松村馬之助	©	Umanosuke Matsumura (OC)
快楽堕ち	lust	succumbing to pleasure / mindbroken by pleasure / falling to ecstasy
尿	uro	urine
大量射精	cum	huge ejaculation
不知火舞	©	Mai Shiranui (Fatal Fury / KOF)
ガーターベルト	underwear	Garter belt
高品質パンツ	underwear	High-quality panties / Extremely detailed underwear
League_of_Legends	tm	League of Legends
陥没乳首	nip	inverted nipples
野外	setting expose	Outdoor setting
绝区零	tm	Zenless Zone Zero (Chinese name)
狐娘	fantasy	Fox girl / Kitsunemimi
断面図	expose	X-ray view / Cross-section view (Hentai anatomy)
女の子の立ちション	uro	Girl peeing standing up
便器	uro	Toilet / Human urinal context
乳神様	tit-	breast god / holy boobs appreciation
メガネ	glasses	Glasses (Katakana variation)
ピンク髪	hair-	pink hair
サイハイソックス	underwear	thigh-highs
ZenlessZoneZero	tm	Zenless Zone Zero (English tag)
魔法少女	id	Magical Girl
魅惑の顔	face	alluring face / fascinating face / ecstasy face expression
魅惑の乳	tit-	bewitching breasts / enchanting breasts
餓狼伝説	tm	Fatal Fury (Garou Densetsu)
銀髪	hair-	Silver hair
足指	foot-	toes
胸合わせ	tit	breasts pressed together / breast rubbing / cleavage-to-cleavage
濡れ	wet	wet / soaked clothes or skin
巫女	costume	shrine maiden / miko outfit
尿道	uro expose	urethra
初音ミク	©	Hatsune Miku
修道女	costume	Nun / Sister outfit
パイパン	pussy	shaved pubic area / bare pussy
セーラーマーキュリー	©	Sailor Mercury
ニーソックス	underwear	Knee socks / Over-knee socks
クンニ	mouth	Cunnilingus / Eating out
くノ一	costume	Kunoichi / Female ninja
WutheringWaves	tm	Wuthering Waves
鸣潮	tm	Wuthering Waves (Chinese name)
白丝	underwear	white silk pantyhose / Hakuhei
看板娘	id	Mascot girl / Poster girl
尿道責め	sm gear	Urethral torture / sounding
八雲藍	©	Ran Yakumo (Touhou character)
乳首吊り	nip bond	Nipple suspension / Nipple hanging bondage
ヴァンパイア	fantasy	Vampire
ワンピース	tm	One Piece
ロリビッチ	loli type	slutty lolita / loli-bitch / lewd loli archetype
ティファ・ロックハート	©	Tifa Lockhart (Final Fantasy VII)
セーラージュピター	©	Sailor Jupiter
けものフレンズ	tm	Kemono Friends
ai	ai	AI content (Lowercase tag)
HoneySelect	tm	Honey Select (English tag)
AzurLane	tm	Azur Lane (English tag)
鞭	sm gear	whip
裸ニーソ	expose-	wearing only knee-high socks / naked with knee-high socks
裸エプロン	expose-	naked apron
着衣脱糞	sca	clothed defecation / clothed bowel movement / pooping in clothes
眼鏡っ娘	glasses	girl with glasses / megane-ko
強制絶頂	sm	coerced orgasm / forced orgasm / forced climax
崩壊:スターレイル	tm	Honkai: Star Rail
勃起乳首	nip	erect nipples
ラブライブ!	tm	Love Live!
マシュ・キリエライト	©	Mash Kyrielight (Fate/Grand Order)
ランジェリー	underwear	Lingerie
オカルトマニア	©	Hex Maniac (Pokémon Trainer)
よその子	oc	Someone else's OC / Guest character
谷間	tit-	cleavage
汗だく	wet	sweating / covered in sweat / drenched in sweat
水野亜美	©	Ami Mizuno (Sailor Mercury)
変態	type	pervert / hentai
人間便器	uro	human toilet / meat urinal archetype
乳内放尿	tit dick uro	urination during paizuri / breast pee
乳	tit-	breasts
プリズマ☆イリヤ	tm	Fate/kaleid liner Prisma ☆Ilya
ヌード	expose	nude
ソックス足裏	foot	soles through socks / stocking feet
クリトリス	clit	clitoris
キス	not_solo	kissing
ねじ込みたい尻	ass-	ass I want to screw
おしっこ我慢	uro	pee-holding / holding back pee / urine patience
DOA	tm	Dead or Alive
鼠蹊部	thigh	groin / groin area / inguinal crease (sokeibu)
鬼滅の刃	tm	Demon Slayer (Kimetsu no Yaiba)
雷電将軍	©	Raiden Shogun (Genshin Impact character)
閃乱カグラ	tm	Senran Kagura
調月リオ	©	Rio Tsukatsuki (Blue Archive character)
有刺鉄線	sm gear	barbed wire
小便器	uro	urinal setting
女オナニー	mast	female masturbation
モンスター娘	fantasy	Monster Girl
ファンタジー	setting	fantasy setting
ビッチ化	lust	transforming into a bitch / become a bitch / turning into a bitch / lewd corruption
チャイナドレス	costume	cheongsam / china dress
コンドーム	condom	condom
エヴァ	tm	Evangelion
アナルセックス	anal insert	Anal sex
このすば	tm	Konosuba
いじめ	sm	bullying / domination humilation
FF14	tm	Final Fantasy XIV
透け	expose	see-through clothes / sheer
浣腸	sca	enema
性器破壊	ryona	genital destruction
女性を乳首責め	nip	nipple torture on a woman / joseiwochikubizeme
天雨アコ	©	Ako Amau (Blue Archive character)
体操服	costume	gym uniform / bloomer set
仰臥	body	supine position / lying on back
三つ編み	hair-	braids (Hairstyle)
フィギュア風	art_style	figure style / plastic toy filter
トップレス	tit-	topless
セーラーマーズ	©	Sailor Mars
シースルー	expose	see-through
網タイツ	underwear	fishnets
ガバマン	pussy	loose pussy / gaping pussy / stretched vagina
ずらし挿入	insert	clothed penetration / shifting clothes to insert / quick unbuttoned sex
Skeb	content	Skeb Commission art
SAO	tm	Sword Art Online
首絞め	sm	choking / erotic asphyxiation
精液ボテ	cum	belly filled with semen / semen bulge / swollen belly filled with cum
申鶴	©	Shenhe (Genshin Impact character)
日焼け	tan	sunburn / heavy tan
対魔忍	tm	Taimanin (Asagi/Yukikaze universe)
宇崎ちゃんは遊びたい!	tm	Uzaki-chan Wants to Hang Out!
妹	id	little sister / Imouto
嘔吐	sca	vomiting / emetic fetish
串刺し	ryona gear	skewer / impalement / spitted style
一之瀬アスナ	©	Asuna Ichinose (Blue Archive Bunny Girl)
ボディハーネス	sm	body harness (BDSM straps)
ブラックマジシャンガール	©	Black Magician Girl (Yu-Gi-Oh!)
ギルティギア	tm	Guilty Gear
KOF	tm	King of Fighters
開口マスク	mouth sm	open-mouth mask / Gag mask
痴漢	not_solo sm	molester / groping / molestation play
火野レイ	©	Rei Hino (Sailor Mars)
紐パン	underwear	Side-tie panties / String panties
悪魔	fantasy	demon
ブラ	underwear	Bra
傷跡	bodymark-	scar
乳出し	tit expose	exposed breasts / flashing tits
ラバー	costume	rubber / latex material
黒下着	underwear	black underwear
ドラクエ	tm	Dragon Quest (DQ)
チクニー	nip mast	nipple masturbation (Chikuni)
ダブルピース	hand-	double peace sign
ショタ	type	shota
コスプレ	costume	cosplay
クリスマス	setting	christmas themed
キャットファイト	not_solo	catfight / girl-on-girl brawl
エロ	content	erotic / ecchi
イラスト	content	illustration / general artwork
アナル拡張	anal	anal expansion / anal dilation / anal stretching
アナルプラグ	anal sm- toy	anal plug
アズレン	tm	Azur Lane (Japanese abbreviation)
この素晴らしい世界に祝福を!	tm	God's blessing on this wonderful world!
おしり	ass	butt
Vtuber	id	Vtuber
Ugoira	anim	Ugoira
Fate	tm	Fate
葬送のフリーレン	tm	Funeral Freelen
色紙	art_style	Colored paper
艦ぱい	© tit-	KanColle cleavage
腹パン	sm	Belly punch
股縄	bond pussy	crotch rope
精液風呂	cum	cum bath
競泳水着	costume	Competitive swimsuit / High-cut school swimsuit
発情	lust	In heat
猫娘	fantasy	Cat girl (Nekomusume)
猫又おかゆ	©	Nekomata Okayu (Hololive VTuber)
欠損	ryona	Amputee
木野まこと	©	Makoto Kino / Sailor Jupiter
提督LOVE	©	Admiral LOVE
悪魔娘	fantasy	Devil Girl / Akumamusume
ぴっちりスーツ	underwear expose	tight bodysuit / skintight suit
メイド服	costume	Maid outfit / Maid uniform
ボーイッシュ	type	Boyish girl / Tomboy archetype
Tバック	underwear expose	t-back thong
プリコネ	tm	Princess Connect! (Short casual tag)
ブレマートン(アズールレーン)	©	Bremerton (Azur Lane)
ハイレグ	swim	High-leg leotard / High-cut swimwear
トウコ(トレーナー)	©	Hilda / Touko (Pokémon Black/White Trainer)
チアガール	costume	Cheerleader outfit
ちっぱい	flat-	small breasts / chippai / tiny breasts / flat chest
かわいい	art_style	Cute / Kawaii (General aesthetic tag)
pee	uro	Pee / Urination (English lowercase tag)
overwatch	tm	Overwatch
DQ	tm	Dragon Quest (Short abbreviation tag)
Breasts	tit-	breasts (English capitalized tag)
髪コキ	hair dick	Hairjob / Frottage using long hair
食ザー	cum	Semen ingestion / Eating cum (Corrigido!)
食い込み	ass expose	wedgie / underwear wedged between butt cheeks
限界放尿	uro	can't hold the urge to pee / Limit urination / Urinating past the bladder limit
調教済み	sm	well-trained / Already trained / Conditioned submissive (BDSM)
見せ槍	dick	cock shock
着衣放尿	uro	clothed urination - chakui hōnyō / wetting oneself while fully dressed
猟奇マゾ	guro	Bizarre masochism / Guro-masochist build / rixyoukimazo
版権	tm-	copyrighted work / Fanart of official IP
授乳	tit milk	breastfeeding
捆绑	bond	bondage / shibari (Chinese characters variant tag)
手描きイラスト	not_ai	hand-drawn illustration
快楽天ビースト	tm	the quintessential quintuplets
レイプ目	face-	empty eyes / mind-broken eyes / dead eyes expression
メカ娘	fantasy	mecha girl / Mecha Girl
ムチムチ	chubby-	fat / muchimuchi / chubby / plump / thick thighs
フェルン	©	Fern (Sousou no Frieren - A maga gordinha emburrada)
ドMホイホイ	sm	Do M Hoi Hoi / Magnet for extreme masochists / Extreme M bait
トロ顔	face	melty face / torogao / intoxicated dazed expression
ティファ	©	Tifa Lockhart (Final Fantasy VII - Short name tag)
ダンまち	tm	DanMachi (Short casual abbreviation)
セルフ乳揉み	tit mast	self tit play / Self breast massage / Self breast fondling / Masturbating own tits
エロ下着	underwear expose	sexy underwear
エッチ	content	Ecchi
アナルフック	anal sm gear	anal hook
けもみみ	fantasy	Kemomimi
うる星やつら	tm	Urusei Yatsura
pixiv今日のお題	content	pixiv Today's Theme
ToLOVEる	tm	To LOVE Ru
魔法少女にあこがれて	tm	Gushing over Magical Girls (Mahouako)
魔女	id	Witch / Majo
髪掴み	sm hair	Hair grab
針	gear	needle
自撮り	body-	selfie
搾乳機	tit milk gear	milker / breast pump
微スカ	pov	Slight skirt view / Low angle peek (Micro-skirt glimpse)
巨乳化	tit	Breast expansion / Sudden growth fetish
宇崎花	©	Hana Uzaki (Uzaki-chan Wants to Hang Out!)
僕は友達が少ない	tm	Boku wa Tomodachi ga Sukunai (Haganai)
体に落書き	bodymark-	Body doodling / Writing markers on skin
ヴァンパイアシリーズ	tm	Darkstalkers / Vampire series (Capcom)
剥ぎ取りたいブラ	underwear expose	enticing brassiere
ヤフオク	content	Yahoo! Auctions
モンハン	tm	Monster Hunter (Casual abbreviation tag)
ポケモンSV	tm	Pokémon Scarlet & Violet
ノーブラ	expose-	No bra / Bralless state
ドット絵	art_style	Pixel art
ソードアート・オンライン	tm	Sword Art Online
セーラーヴィーナス	©	Sailor Venus
スーパーマリオ	tm	Super Mario
アームバインダー	bond	Arm binder (BDSM leather restraint sleeve)
scat	sca	Scat / Coprophilia (English lowercase tag)
ONEPIECE	tm	One Piece
OC	oc	Original Character (Abbreviation tag)
NovelAIDiffusion	ai	NovelAI Diffusion generated art tag
BMG	©	Black Magician Girl (Yu-Gi-Oh!)
裏乳	tit back	back boobs
舌	tongue	Tongue
美脚	thigh	Beautiful legs / Bikaku
竜娘	fantasy	Dragon Girl / Ryuumusume
黒タイツ	underwear-	Black tights
汁	pussy	fluid / bodily fluids / juices / vaginal secretion (Corrigido!)
抜け陰毛	sm	Shed pubic hair / Stray pubic hairs on skin
崩坏3rd	tm	Honkai Impact 3rd (Chinese characters tag)
尻尾	fantasy	Tail (Animal/monster girl tail feature)
少女前線	tm	Girls' Frontline (Chinese characters tag)
対魔忍アサギ	©	Asagi Igawa (Taimanin Asagi)
妊娠	bodypart	Pregnancy
博衣こより	©	Hakui Koyori (Hololive VTuber - A cientista coiote coyote)
刺青	bodymark	Tattoo / Shisei
乳カーテン	tit expose	tit curtains / Breast curtain / Tits hanging down covering view
乳だけ出してる	tit expose	boobs out of clothes / exposure of only the breasts
ローアングル	pov	Low angle shot / Aomori look up
フェラ素振り	tongue	Blowjob air practice / Tongue mimics sucking motion
ファイナルファンタジー	tm	Final Fantasy (Full katakana tag)
黒スト	underwear-	black stockings / tights
スクール水着	swim	Sukumizu / Japanese school swimsuit
クリリード	clit pierc sm	clitoris leash / clit chain attachment
ガールズ&パンツァー	tm	Girls und Panzer (Full katakana version)
ウェディングドレス	costume	Wedding dress
アラド戦記	tm	Arad Senki / Dungeon Fighter Online (JP name)
ごっくん	cum	Gokkun / Swallowing semen act
commission	content	Paid commission work (English tag)
boobs	tit-	Boobs (English lowercase plural tag)
R-15	content	R-15 rating / Mild restriction
FF7	tm	Final Fantasy VII (Abbreviation tag)
BLEACH	tm	Bleach series
鷺沢文香	©	Fumika Sagisawa (The Idolm@ster Cinderella Girls)
長瀞さん	©	Hayase Nagatoro (Nagatoro-san short tag)
童貞を殺すセーター	costume	Virgin Killer Sweater (Full japanese name tag)
汚いおっさん	type-	Ugly bastard / Dirty old man archetype
正の字	bodymark-	Tally marks / Counting orgasms drawn on skin with 'Sei'
月野うさぎ	©	Usagi Tsukino / Sailor Moon
晒し者	expose	public humiliation / Public exhibition / Exposed person to crowd
拷問館	gear	Torture Device
愛宕	©	Atago (Azur Lane / KanColle single name tag)
原创	oc	Original / OC (Chinese characters variant tag)
即夜戦	setting-	Instant Night Battle (Kantai Collection)
千年戦争アイギス	tm	Millennium War Aigis
側面全裸	tit expose	naked side / No sides dress / Sideboob-to-hip exposure
便器舐め	tongue	Toilet bowl licking (BDSM extreme degradation)
乳打撃	tit	Breast slapping / Tit punching (Ryona/Rough sex)
ランドセル	id	Randoseru / Elementary school backpack
ポケモン剣盾	tm	Pokémon Sword & Shield
ボンテージ	bond gear	Bondage gear / Leather strappy wear
ネコミミ	fantasy	Cat ears / Nekomimi (Katakana spelling tag)
セーラー対魔忍	tm	Sailor Taimanin crossover project
グロ	guro	Guro / Grotesque / Gore content indicator
アへ顔	face	ahegao
sexy	body-	Sexy (English lowercase tag)
large_breasts	tit-	Large Breasts (English lowercase snake_case tag)
cute	body-	Cute (English lowercase tag)
ahegao	face	Ahegao (English lowercase tag)
Re:ゼロから始める異世界生活	tm	Re:Zero - Starting Life in Another World (Full name)
R18	content	R-18 explicit rating tag
OL	costume-	Office Lady (Occupation archetype)
LOL	tm	League of Legends
青肌	fantasy	Blue skin (Monster girls, alien or demon skin)
開口器	mouth sm	Speculum / Mouth gag / Oral spreader device
鎖	bond gear	Chains / Metal chains bondage
腋見せのポーズ	armpit	showing off armpits
ストッキング	underwear-	stockings
甘雨(原神)	©	Ganyu (Genshin Impact character)
犬走椛	©	Momiji Inubashiri (Touhou character)
焼印	bodymark	Branding / Hot iron marking (BDSM extreme)
泣き顔	face-	teary-eyed / Crying face (Expression preference)
東風谷早苗	©	Sanae Kochiya (Touhou character)
巨尻	ass-	Huge ass / Big butt
妖姿媚態	lust-	seductive appearance & posture / Bewitching figure and seductive behavior
城ヶ崎美嘉	©	Mika Jogasaki (The Idolm@ster Cinderella Girls)
地雷系	type	Jirai-kei / Minefield girl archetype
乳揺れ	tit	bouncing breasts / Breast jiggle / Breast shaking
白タイツ	underwear-	white tights / Thigh-high socks / Thigh-highs
ラムちゃん	©	Lum-chan (Urusei Yatsura)
ラム	©	Ram (Re:Zero character or Lum short name)
ラストオリジン	tm	Last Origin
ヨル・フォージャー	©	Yor Forger (Spy x Family)
ボンバーガール	tm	Bomber Girl
ボディペイント	bodymark expose	Body paint
ビットギャグ	mouth sm	Bit gag / Bridle gag (BDSM horse play)
パイフェラ	tit mouth dick	Paizuri into fellatio / mammary intercourse & fellatio
バック	anal-	Doggy style / From behind
ニラマレ	face-	Glaring expression / Scowling look
セルフ浴尿	uro	Self urine bath / Urinating on oneself (Urola avançada)
まったく、駆逐艦は最高だぜ!!	©	Geez, Destroyers are the best! (Meme clássico de KanColle)
ねこみみ	fantasy	Nekomimi / Cat ears (Hiragana variant)
たくしあげ	expose-	Tucking up skirt/shirt / Lifting up clothes to expose
お腹	belly-	Stomach / Belly / Abdomen focus
loli	loli	Loli (English lowercase tag)
fanart	tm-	Fanart (English lowercase tag)
SPY×FAMILY	tm	Spy × Family
FE	tm	Fire Emblem (Abbreviation tag)
C84	event	Comiket 84 reference tag
Ahri	©	Ahri (League of Legends)
90年代風	art_style	90s anime style aesthetic
鼻輪	pierc	Nose ring / Septum piercing
野ション	uro	No-shon / Outdoor urination / Peeing in public
踊り子	costume	Dancer outfit / Belly dancer costume
英雄联盟	tm	League of Legends (Chinese characters variant tag)
花嫁	id	Bride / Wedding dress context
精飲	cum	Semen drinking / Seinin / Swallowing cum (A sua 'sopa')
立ちバック	sex	Standing doggy style / Standing from behind
破瓜	sex	Defloration / Loss of virginity / First time (Corrigido!)
着衣パイズリ	tit dick	Clothed paizuri / Titfuck through fabric
着衣セックス	sex	Clothed sex / Intercourse while wearing clothes
ルーズソックス	underwear-	Loose socks / Kogal style socks
申鹤	©	Shenhe (Genshin Impact - Chinese tag)
温泉	setting expose	Hot Spring / Onsen setting
早瀬ユウカ	©	Yuuka Hayase (Blue Archive - A tesoureira favorita!)
撫で回したいお腹	belly-	A belly I want to caress/stroke
授乳手コキ	tit milk dick	Lactation handjob / Breastfeeding handjob
抱き枕カバー	content	Dakimakura cover / Body pillow design
手ブラ	tit	Hand bra (Covering breasts with hands)
愛野美奈子	©	Minako Aino / Sailor Venus
少女と小便器	uro	Girl using a urinal (Mais uma pro complexo de galeria!)
小学生	id	Elementary school student / Shougakusei
口内放尿	uro mouth	Mouth urination / Peeing in mouth
人外娘	fantasy	Monster Girl / Non-human girl (Jingaimusume)
乳房切断	tit guro	Breast amputation / Mastectomy (Guro/Ryona pesado)
マングソ	sca	Manguso / Extreme scat context (Vá com calma nas galerias!)
プロジェクトセカイ	tm	Project Sekai (Vocaloid rhythm game)
バンドリ	tm	BanG Dream! (Bandori)
ドラゴンクエスト	tm	Dragon Quest (Full name)
ダンジョンに出会いを求めるのは間違っているだろうか	tm	DanMachi / Is It Wrong to Try to Pick Up Girls in a Dungeon?
セーラープルート	©	Sailor Pluto
トレンカ	underwear-	stirrup leggings / Trenka
ストレングス	©	Strength (Black★Rock Shooter)
スケベボディ	lust-	Lewd body / Slutty physique
シロナ	©	Cynthia (Pokémon Diamond/Pearl - Deusa absoluta)
ゲロ	sca	Vomit / Emetic fetish (Guro light)
グロマン	pussy	grotesque pussy
キャミィ	©	Cammy White (Street Fighter)
カテーテル	pussy gear sm	Catheter play (Fetiche médico/BDSM)
アヘ顔ダブルピース	face	Ahegao double peace sign pose
アナル舐め	anal tongue	Anal licking / Anilingus
アナルくぱぁ	anal expose	Anal spread
アスカ	©	Asuka Langley Soryu (Evangelion)
だがしかし	tm	Dagashi Kashi
お姉さん	type	Oneesan / Big sister type
zzzero	tm	Zenless Zone Zero (Short casual tag)
skeb	content	Skeb art commission (Lowercase tag)
originalcharacter	oc	Original Character (English tag)
arknights	tm	Arknights (English tag)
VOICEROID	tm	Voiceroid series
Shenhe	©	Shenhe (Genshin Impact - English tag)
M女	type	Masochistic woman / M-girl (BDSM role)
C95	event	Comic Market 95 / Comiket 95
C91	event	Comic Market 91 / Comiket 91
C83	event	Comic Market 83 / Comiket 83
BBC	dick	Big Black Cock (Interracial trope)
80年代風	art_style	80s anime style filter
鹿島	©	Kashima (Kantai Collection - Short tag)
鳴潮	tm	Wuthering Waves (Chinese characters kanji variant)
顔面騎乗	sm	Facesitting
赤面	face-	Blushing face
舌射	cum tongue	Cum on tongue / Ejaculation on tongue
羽川ハスミ	©	Hasumi Hanekawa (Blue Archive - As asas gigantes dela!)
羞恥プレイ	sm expose	Humiliation play / Shame play
繋がれピアス	nip clit pierc	Connected piercings (Nipple to clit, etc.)
種付けプレス	sex	Mating press / Breeding press (Posição intensa!)
白銀ノエル	©	Shirogane Noel (Hololive VTuber - Peito nível Knight)
犬耳	fantasy	Dog ears (Inumimi)
浜風	©	Hamakaze (Kantai Collection)
死体	guro	Corpse / Necrophilia context (Guro supremo)
抱き枕	content	Dakimakura / Hugging pillow (General tag)
愛のあるセックス	sex	Loving sex / Passionate consensual sex (Raro no Pixiv kkk)
恥辱	sm expose	Humiliation / Disgrace
巨クリ	clit	large clit
女の子に急所攻撃	ryona	Attack on girl's vital spot (Guro/Ryona groin attack)
大鳳(アズールレーン)	©	Taihou (Azur Lane)
同人	content	Doujin / Self-published work
勃起クリトリス	clit	erect clitoris
今泉影狼	©	Kagerou Imaizumi (Touhou werewolf girl)
乳首イキ	nip	Nipple orgasm
タイツ	underwear-	Tights
レズキス	not_solo yuri	Lesbian kiss / Yuri kiss
ふんどし	underwear-	Fundoshi / Traditional loincloth
リゼロ	tm	Re:Zero - Starting Life in Another World
リコリス・リコイル	tm	Lycoris Recoil
ブラジャー	underwear-	Bra
モリガン	©	Morrigan Aensland (Darkstalkers - Short tag)
ポケモンXY	tm	Pokémon X and Y
ボディピアス	pierc	Body piercing
ファイアーエムブレム	tm	Fire Emblem
ハーレム	not_solo	Harem
ハーネス	sm gear	Harness (BDSM leather straps)
ドールズフロントライン	tm	Girls' Frontline / Dolls Frontline
染みパン	uro underwear	stained panties
ディープキス	tongue	Deep kiss / French kiss
セーラーサターン	©	Sailor Saturn
コンドーム腰蓑	condom	Condom skirt / Condom belt (Fetiche de excessos)
ケモ耳	fantasy	Animal ears (Kemomimi)
キョンシー	fantasy	Jiangshi / Kyonshi (Chinese hopping vampire)
エヴァンゲリオン	tm	Neon Genesis Evangelion (Full name)
エンジェル倶楽部	tm	Angel Club
エルフ耳	fantasy	Elf ears (Duplicate tag in katakana)
アイドルマスターミリオンライブ!	tm	THE IDOL@STER Million Live!
うんち	sca	Poop / Feces (Scat explícito)
HonkaiStarRail	tm	Honkai: Star Rail (English tag)
C87	event	Comic Market 87 / Comiket 87
C86	event	Comic Market 86 / Comiket 86
AIart	ai	AI Art (English tag)
鬼娘	fantasy	Oni Girl / Demon girl (Onimusume)
髪ブラ	tit	Hair bra (Covering breasts with long hair)
馬姦	beast	Bestiality with a horse / Horse sex (Galeria maldita! kkk)
長乳	tit	Long/sagging breasts / nagachichimatahachounyuu
遊戯王OCG	tm	Yu-Gi-Oh! Official Card Game
足	foot-	Foot / Feet / Legs
褐色娘	tan	Dark-skinned girl
肉感少女	lust-	Fleshy girl / Voluptuous young girl
聖園ミカ	©	Mika Misono (Blue Archive - A princesa caída)
美乳	tit-	Beautiful breasts
精液便所	cum	Cum dumpster / Semen toilet archetype
笑顔	face-	Smiling face
看護婦	costume	Nurse (Outfit/archetype)
白上フブキ	©	Shirakami Fubuki (Hololive VTuber - Fox waifu!)
流血	ryona	Bleeding / Bloodshed (Ryona/Guro explicit)
正常位	sex	Missionary position
春麗	©	Chun-Li (Street Fighter)
撫で回したい尻	ass-	An ass I want to caress/stroke
手描き	not_ai	Hand-drawn / Traditional feel digital art
愛宕(アズールレーン)	©	Atago (Azur Lane)
性職者	id	Clergy worker / Lewd nun or priest (Trote com 'sex worker')
常闇トワ	©	Tokoyami Towa (Hololive VTuber)
宝鐘マリン	©	Houshou Marine (Hololive - A capitã mais sedenta do YT)
女囚	costume	Female prisoner
女体化	content	Feminization / Gender-bend (Genderswap)
女	content-	Woman / Female
四肢拘束	bond	Full limb restraint / Four-limb bondage
喜多川海夢	©	Marin Kitagawa (My Dress-Up Darling)
単行本	content	Tankobon / Manga volume release
包茎	dick	phimosis / uncircumcised penis
剥けチン	dick	peeled foreskin / circumcised / exposed glans
処女	type	Virgin
八重歯	face	Snaggletooth / Yaeba (Dente de canino saltado fofo)
佐々城柑奈	©	Kanna Sasaki (Visual Novel character/OC)
仰け反り絶頂	sex	Arched-back climax / Bending backwards orgasm
乳首に名札	nip	Name tag pinned on nipple
乳内射精	cum tit	Ejaculation inside breasts / Cleavage creampie
モリガン・アーンスランド	©	Morrigan Aensland (Darkstalkers - Full name)
ポールダンス	gear	Pole dancing
プロセカ	tm	Project Sekai (Japanese abbreviation)
プリコネR	tm	Princess Connect! Re:Dive (Abbreviation)
プリキュア	tm	Pretty Cure (Precure)
長手袋	wear-	long gloves
フォーミダブル(アズールレーン)	©	Formidable (Azur Lane)
ビキニアーマー	costume	Bikini Armor
バイブINパンツ	toy	Vibrator inside panties
ハイスクールD×D	tm	High School DxD
ナンジャモ	©	Iono / Nanjamo (Pokémon Scarlet/Violet Gym Leader)
白長手袋	wear-	white long gloves / opera gloves
ゼルダの伝説	tm	The Legend of Zelda
セクシー	body-	Sexy (Duplicate tag in katakana)
キューティーハニー	tm	Cutie Honey
ガルパン	tm	Girls und Panzer (Garpan)
アナル中出し	anal cum	Anal creampie
アイギス	©	Aigis (Persona 3 / Millennium War Aigis)
よだれ	mouth	drool / saliva
へそ	belly-	Navel / Bellybutton (Short kanji tag)
たかぎさん	©	Takagi-san (Teasing Master Takagi-san)
さなぱい	tit ©	Sanapai / Sanae's big breasts (Touhou fandom joke)
けしからん谷間	tit	naughty cleavage / Outrageous/Indecent cleavage
お風呂	toilet	Bath / Bathroom setting
piercing	pierc	Piercing (English lowercase tag)
nsfw	content	NSFW (Not Safe For Work - English tag)
WanVideo	ai	WanVideo (AI Video generation tool reference)
Iray	art_style	Daz3D Iray Render engine reference
C89	event	Comic Market 89 / Comiket 89 (Duplicate tag)
AZKi	©	AZKi (Hololive VTuber)
髪射	cum	Cum on hair / Ejaculation on hair
金髪碧眼	hair-	Blonde hair and blue eyes (Duplicate tag)
遠坂凛	©	Rin Tohsaka (Fate/stay night)
透けへそ	expose-	see-through navel / Navel visible through clothing / Translucent navel
踏みつけ	sm	Trampling / Foot stepping (BDSM domination)
调教	sm	Training / Discipline (BDSM - Chinese character variant)
美女	content-	Beautiful woman
サイハイブーツ	wear-	Thigh-high boots
破れストッキング	expose-	Torn stockings / Ripped tights
眼帯	glasses-	Eyepatch
盛るペコ	© lust	Pekora in heat / Horny Pekora trope (Corrigido! kkk)
白瀬咲耶	©	Sakuya Shirase (The Idolm@ster Shiny Colors)
甘雨	©	Ganyu (Genshin Impact - Short name tag)
瑞鶴	©	Zuikaku (Kantai Collection - Short name tag)
獣人	fantasy beast	Beastman / Anthropomorph / Theriantrope
ショートパンツ	wear-	Short pants / Booty shorts
擬人化	fantasy	Anthropomorphism
搾精	cum	Semen harvesting / Intense milking (Chinese/JP variant)
掌受け	cum	Catching cum in hands / Palm pooling
恐怖失禁	uro	Fear incontinence / Wetting oneself out of terror (Ryona)
幼女	loli	Young girl / Loli variant (Youjo)
崩壊3rd	tm	Honkai Impact 3rd
学園アイドルマスター	tm	Gakuen Idolmaster
女性上位	sex	Female on top / Cowgirl position (Alternative term)
女子校生	id	High school girl / JK (Duplicate tag)
四楓院夜一	©	Yoruichi Shihoin (Bleach)
原創	oc	Original Creation (Chinese characters tag for OC)
勃起ズル剥け	dick	bokkizurumuke / fully exposed erect glans / exposed erection
加賀	©	Kaga (Kantai Collection - Short tag)
刻晴	©	Keqing (Genshin Impact - Kanji tag)
八雲紫	©	Yukari Yakumo (Touhou Project)
俺の妹がこんなに可愛いわけがない	tm	OreImo / My Little Sister Can't Be This Cute
例のセーター	costume	Virgin Killer Sweater
人外	fantasy beast	Non-human / Monster (General category)
乳鷲掴み	tit	Eagle-grip breast squeeze / Rough breast grab
ロリ爆乳	loli tit type	Loli with massive breasts
レム(リゼロ)	©	Rem (Re:Zero - Explicit character tag)
ライザリン・シュタウト	©	Reisalin Stout / Ryza (Atelier Ryza - As coxas mais famosas)
ライザのアトリエ	tm	Atelier Ryza series
ヤンデレ	type	Yandere (Archetype preference)
ホタル(スターレイル)	©	Firefly / Hotaru (Honkai: Star Rail)
ヘスティア	©	Hestia (DanMachi - A deusa da fita azul!)
手袋	wear-	gloves
ファイナルファンタジー7	tm	Final Fantasy VII
ハート目	face-	Heart eyes / Pupil arousal expression
ノーパン	expose	No panties / Commando state
ニコ・デマラ	©	Nicole Demara (Zenless Zone Zero)
ナルメア	©	Narmaya (Granblue Fantasy - A big sister definitiva)
チューブ連結	sm gear	Tube connection / Medical fluid tubes
セルフパイ舐め	tit tongue	Self breast/nipple licking
セリフ付き	content	With dialogue lines / Text included
スマイルプリキュア	tm	Smile Precure!
スプリットタン	tongue	forked tongue / split tongue
ハイヒール	wear-	high heels
イリヤスフィール・フォン・アインツベルン	©	Illyasviel von Einzbern (Fate series - Alerta de loli!)
イジらないで、長瀞さん	tm	Don't Toy with Me, Miss Nagatoro
アナルパール	anal sm- toy	Anal pearls / Anal beads
まんこ	pussy	Manko / Pussy
ふつくしい	art_style	beautiful
にあ☆みぃ	©	Nia☆Mii (Poser 3D Character)
つぶれおっぱい	tit	squished breasts / collapsed breasts
elsword	tm	Elsword (English lowercase tag)
Wフェラ	mouth dick	Double blowjob / Two girls on one guy
Splatoon	tm	Splatoon series
I字バランス	open	I-shaped balance vertical split / Extreme leg stretch
C82	event	Comic Market 82 / Comiket 82
3Dカスタム少女	tm	3D Custom Girl (Classic H-game simulator)
魔法少女まどか☆マギカ	tm	Puella Magi Madoka Magica
長乳首	nip	long nipples / elongated nipples
錦木千束	©	Chisato Nishikigi (Lycoris Recoil)
達磨	guro	Daruma / Limbless doll state (Ryona/Amputação extrema)
逆レイプ	sm sex	Reverse rape / Femdom forced sex
逆さ吊り	bond	Hanging upside down restraint (Inversion bondage)
辱め	sm expose	Humiliation / Disgrace treatment
超乳	tit-	extra large breasts / hyper breasts / gigantic tits
角楯カリン	©	Karin Kakutate (Blue Archive - Empregada coelha chocólatra)
血	ryona	Blood (Ryona/Guro light indicator)
自慰	mast	Masturbation (Full kanji spelling)
肉体破壊	ryona	Body destruction (Guro pesado / Ryona terminal)
聖白蓮	©	Byakuren Hijiri (Touhou Project)
緑髪	hair-	Green hair
綾波レイ	©	Rei Ayanami (Evangelion)
絶頂	sex	Orgasm / Climax (Duplicate tag in block)
ホットパンツ	wear-	Hot pants / Short shorts
筋肉	body-	Muscles / Muscular build (Duplicate tag)
着衣くぱぁ	pussy	Clothed pussy spread / Pulling underwear aside while dressed
玉藻の前	©	Tamamo no Mae (Fate series / Extra)
源頼光(Fate)	©	Minamoto no Raiko (Fate/Grand Order - A mãe milf suprema)
涙目	face-	Teary eyes / Crying expression
桐ヶ谷直葉	©	Suguha Kirigaya / Leafa (Sword Art Online)
放置プレイ	sm expose	Neglect play / Leaving bound girl alone (BDSM trope)
捜査官	costume	Investigator / Female Agent trope
战舰少女	tm	Warship Girls (Chinese mobile game)
御姐	type	Oneesan / Mature woman (Chinese term for 'Oneesan')
尊厳破壊	sm	Destruction of dignity / Psychological ahegao/corruption
子宮口	sm expose	cervix / uterine
媚薬	lust	Aphrodisiac / Love potion
女王様	id	Dominatrix / Queen type (BDSM role)
女性	content-	Female / Woman (Duplicate/General kanji tag)
垂れ乳	tit	hanging breasts / saggy breasts / Natural drop tits
古风	setting	Traditional style / Ancient Chinese style aesthetics
冴えない彼女の育てかた	tm	Saekano: How to Raise a Boring Girlfriend
先生(ブルーアーカイブ)	©	Sensei (Blue Archive player avatar context)
乳环	nip pierc	Nipple rings / Nipple piercing (Chinese kanji spelling)
モンスターハンター	tm	Monster Hunter series
メッシー	wet	Messy fetish / Sploshing (Food, mud or slime on the body)
マスク	face gear-	Mask
ボコォ	ryona	Bokoo / Sound effect for a heavy stomach deformation punch
ペット	pet sm	Petplay role / Submissive treated as pet
ヘテロ	not_solo	Hetero / Straight sex (Non-yuri/Non-yaoi indicator)
ヘッドボードアングル	pov	Headboard angle camera / POV sex looking up from bed
パンスト越しのパンツ	expose-	Panties seen through pantyhose
ハルカ(トレーナー)	©	May / Haruka (Pokémon Ruby/Sapphire Trainer - Sua favorita!)
ネクパイ	tit	Necktie cleavage / Tie tucked between naked breasts
トリック・オア・トリートメント	©	Trick or Treatment (Fate/Grand Order)
チェンソーマン	tm	Chainsaw Man
セクハラ	sm	Sexual harassment context
スズラン(アークナイツ)	©	Suzuran (Arknights - Alerta máximo do FBI! kkk)
ショートカット	hair-	Short haircut / Short hair style
ザーメンジョッキ	cum gear	Semen mug / Pitcher filled with cum
ザーゲロ	cum sca	Vomiting semen / Cum vomit (Hardcore guro light)
キスハメ	sex	Kissing during intercourse / Kissing while inserting
カスミ	©	Misty (Pokémon) or Kasumi (Dead or Alive) short tag
エロ水着	swim expose	erotic swimwear
エルソード	tm	Elsword (Katakana full tag)
エジプト	costume	Egypt themed background / outfits
らんま1/2	tm	Ranma 1/2
らくがき	not_ai	Doodle / Sketch (Hiragana spelling)
着衣	wear-	chakui / wearing clothes
ぬるぬる	wet	Slimy / Lubed up / Slippery body fluid state
ずらし放尿	uro	Urinating while underwear is pulled aside
すーぱーそに子	©	Super Sonico (A rainha original do fetiche com fone!)
こね回したい乳首	nip	nipples I want to play with
bigboobs	tit-	Big boobs (English tag)
Sexyビーチ	tm	Sexy Beach (Illusion H-game series)
BanG_Dream!	tm	BanG Dream! (English explicit spelling)
鹿島(艦隊これくしょん)	©	Kashima (Fleet Collection)
魔法少女ゆーしゃちゃん	©	Magical Girl Yusha-chan
高雄	©	Takao (Kantai Collection or Azur Lane)
電車	setting expose	Train setting / Chikan context
陸八魔アル	©	Aru Rikuhakuma (Blue Archive - A patroa desastrada)
足枷	foot gear	Ankle shackles / Foot irons
表紙	content	Cover design / Doujinshi cover style
背後から乳揉み	tit	Breast groping from behind
純愛	sex	Pure love / Vanilla consensual romance
着物	costume	Kimono
白猫プロジェクト	tm	White Cat Project
片足パンツ	expose-	panties through one leg
橘ありす	©	Alice Tachibana (The Idolm@ster Cinderella Girls - FBI!!)
極上の尻	ass-	Exquisite ass / First-rate butt
椛	©	Momiji (Touhou Project - Short single kanji tag)
格ゲー	tm	Fighting game genre theme (Fighting Game)
斬首	guro	Beheading / Decapitation (Guro supremo)
推しの子	tm	Oshi no Ko
拘束衣	gear	Straitjacket (Alternative kanji spelling)
巡音ルカ	©	Luka Megurine (Vocaloid)
学校	setting	School setting (Duplicate tag)
天使	fantasy	Angel
大艦巨乳主義	tit ©	battleship girls with big breasts
大神ミオ	©	Ookami Mio (Hololive VTuber)
夢見りあむ	©	Riamu Yumemi (The Idolm@ster Cinderella Girls)
売春	setting	Prostitution context / Enjo kosai
垂れ愛液	pussy	Dripping love juice / Vaginal lubrication pooling
土下座	sm	Dogeza (Prostration / Submissive bowing)
唾液	mouth	Saliva / Spit
受精	expose cum	Fertilization / Conception visual trope
十六夜咲夜	©	Sakuya Izayoi (Touhou Project)
リブ生地	wear-	Ribbed fabric clothing / Ribbed sweater
切断	guro	Amputation / Dismemberment (Guro/Ryona)
光沢	oil	Glossy texture / Latex or oil sheen render
健屋花那	©	Sukoya Kana (Nijisanji VTuber)
体操着	costume	Gym uniform / Bloomers set
五等分の花嫁	tm	The Quintessential Quintuplets
主観視点	pov	First-person POV / Subjective point of view
ロングヘアー	hair-	Long hair (Katakana tag)
ルリナ	©	Nessa / Rurina (Pokémon Sword/Shield Gym Leader)
ミルコ(僕のヒーローアカデミア)	©	Mirko / Rumi Usagiyama (My Hero Academia)
マリィ(トレーナー)	©	Marnie / Mary (Pokémon Sword/Shield Trainer)
マゾ	sm	Masochist (Short form archetype)
マギ	tm	Magi: The Labyrinth of Magic
マオ(トレーナー)	©	Mallow / Mao (Pokémon Sun/Moon Trainer)
ポケ姦	© beast	Pokekan / Pokémon bestiality (Sua galeria é um caos kkk)
ブレマートン	©	Bremerton (Azur Lane)
ピーチ姫	©	Princess Peach (Super Mario)
ハメ撮り視点	pov	POV perspective
ノースリーブ	costume	Sleeveless outfit
ネモ(トレーナー)	©	Nemona / Nemo (Pokémon Scarlet/Violet Trainer)
デレマス	tm	Deremas / Cinderella Girls (Short casual tag)
テープくぱぁ	pussy	Labia taping spread / Tape restraint genitals
ツーサイドアップ	hair-	Two side up hair style
ツインテ	hair-	Twintails (Short casual tag)
タンクトップ	costume	Tank top
スカサハ	©	Scathach (Fate/Grand Order)
ジャンヌ・ダルク	©	Jeanne d'Arc (Fate series)
ジャンヌ・オルタ	©	Jeanne d'Arc Alter / Jalter (Fate/Grand Order)
シャニマス	tm	Shanimas / Shiny Colors (Short casual tag)
ゴブリン	fantasy beast	Goblin (Monster archetype / Goblin Slayer style)
ガバアナル	ass	gaping anus
ガキ巨乳	loli tit	Bratty short girl with massive breasts
カスミ(トレーナー)	©	Misty / Kasumi Trainer ver. (Pokémon classic - Mais uma!)
オシッコ	uro	Urination / Pee (Katakana alternate spelling)
エロフ	fantasy	Erotic Elf / Lewd Elf trope
エアリス・ゲインズブール	©	Aerith Gainsborough (Final Fantasy VII)
アリス(勝利の女神:NIKKE)	©	Alice (Goddess of Victory: NIKKE - Coelhinha de macacão)
アトリエシリーズ	tm	Atelier series
アイドル	id	Idol (Occupation archetype)
その着せ替え人形は恋をする	tm	My Dress-Up Darling / Sono Bisque Doll
がに股	open	bowlegged / wide-open crotch stance
かぐや様は告らせたい	tm	Kaguya-sama: Love Is War
おっさんホイホイ	content	old men please gather / Old Man Hoihoi
curvy	lust-	Curvy physique (English tag)
MyGO!!!!!	tm	MyGO!!!!! (BanG Dream! sub-unit)
JS	id	JS / Joshi Shougakusei (Elementary school girl)
Genshin	tm	Genshin Impact (English casual short tag)
DNF	tm	Dungeon & Fighter (Dungeon Fighter Online)
BOOTH	content	BOOTH store link reference / Asset design
3P	not_solo sex	Threesome / 3P (Threeway action)
首吊り		Hanging
電車内		Inside the train
電マ		Electric massager
逆アナル	anal	Reverse anal
近親相姦		Incest
谷間に布寄せ		Clothing in the valley
謹賀新年		Happy New Year
謎の白い液体		Mysterious white liquid
誘惑		Temptation
触手服		Tentacle clothes
裸リボン		Naked Ribbon
裸コート		Naked coat
臭いフェチ		Smell fetish
縛	bond	Bound
神里綾華	©	Ayaka Kamisato
眼鏡巨乳	tit	Glasses big breasts
猫耳娘		Cat ear girl
狼娘		Wolf Girl
犬	beast	Dog
無洗浄		No cleaning
湊あくあ	©	Aqua Minato
水星の魔女		Witch of Mercury
母娘		Mother and daughter
新世紀エヴァンゲリオン	tm	Neon Genesis Evangelion
拡張済み		Expanded
戦艦少女		Battleship Girl
我慢失禁	uro	Retention incontinence
少女前线		Girl's front line
射命丸文		Shameimaru text
完全拘束		Complete restraint
娼婦		Prostitute
女教師		Female teacher
女子プロレス		Women's professional wrestling
大量脱糞	sca	Massive defecation
大空スバル		Oozora Subaru
城ヶ崎莉嘉	©	Rika Jogasaki
地味子		Jimiko
和服		Japanese clothes
台湾		Taiwan
半ケツ	ass	Half-ass
動圖		Moving picture
剛毛		Bristles
出血		Bleeding
公衆便女		Public train woman
俺妹		My sister
伊落マリー		Iraku Marie
人間牧場		Human Farm
二穴責め		Double hole torture
事前		Advance
乳首オナニー	nip mast	Nipple masturbation
乳袋	milk	Milk bag
乳枷	milk	Milk Shackles
乳房吊り	tit	Breast suspension
レズバトル	not_solo yuri	Lesbian Battle
ラブプラス		Love Plus
ミコッテ		Miqo'te
プール		Pool
ヒロアカ		Heroaka
パフィーニップル	nip	Puffy nipples
バニー		Bunny
ナイル(どうぶつの森)	©	Nile (Animal Crossing)
ドM		Do M
ダークエルフ		Dark Elf
ダンベル何キロ持てる?		How many kilograms of dumbbells can you lift?
ダクネス	©	Darkness
タイツ越しのパンツ		Pants through tights
セーラーネプチューン	©	Sailor Neptune
セーラーウラヌス	©	Sailor Uranus
セルフ飲尿	uro	Self drinking urine - serufu nonyō
スプラトゥーン	tm	Splatoon
サイトウ	©	Saito
コミケ	event	Comiket
ケツ毛	ass-	Ass hair
クリック推奨		Click to expand
ガクビク		Jakubikku
オーバーロード		Overlord
オリジナルキャラクター	oc	Original character
オナバレ		Onabare
エウルア	©	Eurua
インナーカラー		Inner color
アルカナハート	tm	Arcana Heart
アバ茶	uro	Aba-cha / Abbachio tea / Urine tea
アナスタシア	©	Anastasia
アジアの巨乳.com	tit	Asian big breasts.com
ぽっちゃり		Chubby
とある		Something
けいおん!		K-ON!
お仕置き		Punishment
おむつ		Diapers
【生贄の花嫁】ノルニス		[Sacrificial Bride] Nornis
sailormoon	©	sailormoon
ryona	ryona	ryona
VAM		VAM
PixAI	ai	PixAI
NieR:Automata		NieR:Automata
MyHeroAcademia	tm	MyHeroAcademia
LastOrigin		LastOrigin
HololiveEN	tm	HololiveEN
DQ3	tm	DQ3
DAZ-Studio		DAZ-Studio
C90	event	C90
C88	event	C88
C85	event	C85
C81	event	C81
3d		3d
라스트오리진		Last Origin
黒猫		Black cat
高雄(アズールレーン)	©	Takao (Azur Lane)
高木さん	©	Mr. Takagi
馬乗りパイズリ	tit dick	horse-riding titty fuck - Umanori paizuri
食蜂操祈		Hokkaido Prayer
風呂		Bath
青姦		Open sex
雷电将军		Raiden General
隠姦		Secret rape
金髪ロング		Long blonde hair
野外放尿	uro	Outdoor urination
逆乳	tit	Inverted breasts
貝合わせ		Assorted shellfish
豊川祥子		Shoko Toyokawa
表紙絵		Cover picture
萝莉	loli	Lolita
草薙寧々	©	Nene Kusanagi
腹肉		Belly meat
腕押さえ輪姦	not_solo sex	Arm hold gangbang
胡蝶しのぶ	©	Shinobu Kocho
肉オナホ	sm sex	Flesh onahole
聖剣伝説3		Sacred Sword Legend 3
羽川翼		Tsubasa Hanekawa
紐ビキニ	swim expose	String bikini
穿刺		Puncture
空崎ヒナ	©	Hina Sorasaki
碧蓝档案		Blue blue frame plan
砂狼シロコ		Sand Wolf Shiroko
目隠し竿		Blind rod
百合キス	not_solo yuri	Yuri Kiss
甲鉄城のカバネリ		Kabaneri of the Iron Fortress
猫		Cat
片目隠れ		One eye hidden
片乳	tit	One breast
照れ顔		Embarrassed face
洗濯バサミ		Clothespins
武蔵	©	Musashi
極太ディルド		Extremely thick dildo
柏崎星奈	©	Sena Kashiwazaki
枝垂ほたる		Weeping firefly
東方project		Touhou project
杏山カズサ	©	Kyouyama Kazusa
服越しピアス	pierc	Earrings through clothes
放置		Leave it alone
援交		Compensated dating
排泄		Excretion
捕虜		Prisoner of War
拘束具		Restraints
手袋コキ	dick	Glove job
手枷		Manacles
忍者		Ninja
後藤ひとり		Goto Hitori
彼女、お借りします		I'll borrow your girlfriend.
巨乳美女	tit-	Big breasted beauty
屈辱		Humiliation
安全ピン名札の乳首ピアス	nip pierc	Safety pin name tag nipple piercing
姉なるもの		Sister
女戦士		Female Warrior
女児服		Girls' clothes
太眉		Thick eyebrows
土萠ほたる		Tsuchimoi Hotaru
四つん這い		Crawling on all fours
咥えゴム		Bag rubber
即堕ち2コマシリーズ		Immediate fall 2-panel series
冥王せつな	©	Setsuna Hades
信濃(アズールレーン)	©	Shinano (Azur Lane)
便所	toilet	Toilet
乳風	milk	Milk style
乳狼	milk	Milk Wolf
乳吊り	tit	Breast suspension
乗せ乳	milk	Putting milk
三穴		Three holes
ロケットおっぱい	tit	Rocket boobs
レナモン	©	Renamon
メイ	©	May
マジアベーゼ	©	Magia Baizer
ポケ獣人		Poke Beastman
ボクシング		Boxing
ペコリーヌ		Pecorine
ベルファスト(アズールレーン)	©	Belfast (Azur Lane)
ヘスティア(ダンまち)	©	Hestia (Danmachi)
プロレス		Pro wrestling
プリンツ・オイゲン	©	Prinz Eugen
ブラック・マジシャン・ガール	©	Black Magician Girl
フェチ		Fetish
ピースサイン		Peace sign
ヒロインピンチ		Heroine Pinch
ヒカリ(トレーナー)	©	Hikari (Trainer)
パーカー		Parker
バーバラ(原神)	©	Barbara (Genshin Impact)
バレンタイン		Valentine
ハートニプレス		Heart Pasties
ニプルピアス	nip pierc	Nipple piercing
ナース服		Nurse uniform
ナイチンゲール(Fate)	©	Nightingale (Fate)
ドSホイホイ		S Hoihoi
デジモン		Digimon
チャイナ服		China clothes
ダンス		Dance
ダンガンロンパ		Danganronpa
ゼノギアス		Xenogears
ズリ事後		After the slip-up
スーパーハイレグ		Super High-Leg
スパイファミリー	tm	Spy Family
ジャンヌ・ダルク(Fate)	©	Joan of Arc (Fate)
シャワー		Shower
サンタコス		Santa Costume
コミッション		Commission
ゲーム		Game
ケルシー(アークナイツ)	©	Kal'tsit (Arknights)
カプコン	tm	Capcom
エロライブ		Erotic Live
エデンズリッターグレンツェ		Edens Ritter Grenze
イキ顔		Live face
イイダ		Iida
アリス	©	Alice
アスナ(SAO)	©	Asuna (SAO)
ぼっち・ざ・ろっく!	tm	Bocchi The Rock!
へそ出し		Navel exposed
はいてないしつけてない		No clothes, no discipline
ねこランジェリー		Cat lingerie
などと供述しており		etc.
とある科学の超電磁砲		A Certain Scientific Railgun
ちんちんのポーズ		Chinchin pose
しゃがみ		Crouch down
けいおん		K-ON
おっさん		Old man
♀Д♀		♀Д♀
latex		latex
cum	cum	cum
SSSS.GRIDMAN		SSSS.GRIDMAN
Overwatch	tm	Overwatch
MILF		MILF
INDEXACG		INDEXACG
Fate/staynight	tm	Fate/stay night
Fate/EXTRA	tm	Fate/EXTRA
FINALFANTASY	tm	FINAL FANTASY
Daz		Daz
DID		DID
C94	event	C94
Ave_Mujica		Ave_Mujica
AI-generated	ai	AI-generated
黑丝		Black 丝
麗富学園		Reitomi Academy
魅惑の女体		Enchanting female body
露出狂		Exhibitionist
雪花ラミィ		Snow Flower Lamy
長瀞早瀬	©	Nagatoro Hayase
銃		Gun
連縛	bond	Bound
透け服		Sheer clothes
足フェチ		Foot fetish
赤髪		Red hair
谷間ホール		Tanima Hall
見せない構図		Composition that is not shown
蛍(原神)	©	Firefly (Genshin)
葉隠透	©	Toru Hagakure
胸囲の格差社会		Society with disparity in chest circumference
胸チラ		Chest flash
背中	back-	Back
肛門	ass	Anus
美遊・エーデルフェルト	©	Miyu Edelfelt
緊縛労働	bond	Bondage labor
続編希望		Sequel hope
笑顔強制		Forced smile
秋山澪	©	Mio Akiyama
碧眼	bodypart	Blue eyes
看護師		Nurse
白スク		White School
異世界迷宮でハーレムを		Harem in a different world labyrinth
産卵		Spawning
生まれたままの姿(産まれたままの姿)全裸(ヌード)		As born (as born) Naked (nude)
甘露寺蜜璃		Kanroji Mitsuri
獣娘		Beast Girl
潮		Tide
渋谷凛	©	Rin Shibuya
淫魔		Inma
淫乱		Nympho
海		Sea
沙花叉クロヱ	©	Shaka Kuroie
沖田総司	©	Okita Souji
汚パンツ		Dirty pants
死姦		Death rape
欧派		European
桜	©	Sakura
柊うてな	©	Utena Hiiragi
東方肉便器	uro	Touhou meat toilet - Tōhō niku benki
東方緊縛画	bond	Touhou bondage painting
有原優奈	©	Yuna Arihara
星川サラ	©	Sarah Hoshikawa
新田美波	©	Minami Nitta
新刊		New publication
指を突っ込みたいへそ		I want to stick my finger in my navel
我々の業界ではご馳走です		It's a treat in our industry.
戌神ころね		Korone Inugami
惣流・アスカ・ラングレー	©	Soryu Asuka Langley
式波・アスカ・ラングレー	©	Shikinami Asuka Langley
島村卯月	©	Uzuki Shimamura
尿袋	uro	urine bag - nyō-bukuro
小悪魔		Little devil
家畜		Livestock
宮本武蔵(Fate)	©	Miyamoto Musashi (Fate)
妖精		Fairy
女騎士		Female Knight
女僧侶		Female monk
奇乳	tit	Odd breasts
天海春香	©	Haruka Amami
夏コミ		Summer comic
夏		Summer
壁尻	ass	Kabebutt
四肢欠損		Limb loss
告知		Announcement
吊り		Hanging
可愛い		Cute
古見さんは、コミュ症です。	©	Mr. Komi has communism.
及川雫	©	Shizuku Oikawa
半脱ぎ		Half undressed
化物語	tm	Bakemonogatari
処刑		Execution
内臓		Internal organs
体格差		Physical disparity
井河アサギ		Igawa Asagi
乳首ピアスチェーン	nip pierc	Nipple piercing chain
乳輪	nip	Areola
串刺しセックス		Skewer sex
丝袜		Horizontal
三白眼		Sanpakugan
三月なのか		Is it March?
レースクイーン		Race Queen
レム	©	Rem
レトロゲーム		Retro games
レインコート		Raincoat
ラブライブ!虹ヶ咲学園スクールアイドル同好会		Love Live! Nijigasaki Academy School Idol Club
ラブライブ!サンシャイン!!		Love Live! Sunshine!!
ヨルハ二号B型		Yorha No. 2 Type B
モリマン		Moriman
メスの顔		Female face
マビノギ英雄伝		Mabinogi Hero Legend
ポケモントレーナー	©	Pokemon Trainer
ボディストッキング		Body stockings
ボア・ハンコック	©	Boa Hancock
ホームレス		Homeless
ホロライブEN	tm	Hololive EN
スパッツ	wear-	leggings / Spats / Athletic tights
フルネルソン		Full Nelson
フェリシア		Felicia
パイロットスーツ		Pilot suit
バーニス・ホワイト	©	Burnice White
ハミ毛		Hami hair
ネバネバ		Sticky
ニップレス	nip	Nipples
ドラゴンズクラウン	tm	Dragon's Crown
デッドオアアライブ	tm	Dead or Alive
ディープスロート	throat	Deep Throat
セントルイス(アズールレーン)	©	St. Louis (Azur Lane)
セクシーポーズ		Sexy pose
ストライクウィッチーズ		Strike Witches
シトラリ		Citrali
サンタ		Santa
サングラス		Sunglasses
サトシ		Satoshi
ゴムから精飲	cum	Drinking sperm from rubber
ゴブリンスレイヤー	tm	Goblin Slayer
クロエ・フォン・アインツベルン	©	Chloe von Einzbern
クッパ姫	©	Princess Bowser
ギャグ		Gag
キャプション芸		Caption art
キツネ耳		Fox ears
ガンダム	tm	Gundam
ガニ股		Crab crotch
カウガール		Cowgirl
オナフェラ	dick	Onafera - onanii fellatio
オッパイ	tit	Tits
オイル		Oil
エレン・ジョー		Ellen Jo
エレシュキガル		Ereshkigal
エジプト娘		Egyptian girl
ウマ娘プリティーダービー		Uma Musume Pretty Derby
イリヤスフィール(プリズマ☆イリヤ)	©	Illyasviel (Fate/kaleid liner Prisma Illya)
アーミヤ(アークナイツ)	©	Amiya (Arknights)
アルトリア・ペンドラゴン(ランサー)	©	Artoria Pendragon (Lancer)
アスナ	©	Asuna
アイカツ!		Aikatsu!
わからせ		Wakase
ゆーしゃちゃん		Yusha-chan
もみぱい		Momipai
まんすじ		Man streak
なにこれかわいい		How cute is this?
どうぶつの森	tm	Animal Crossing
つるまんさいこう		Tsuruman Saiko
だるま		Daruma
たくし上げ		Push up
くのいち		Kunoichi
お掃除フェラ	mouth dick	Cleaning blowjob
【SSS】		【SSS】
yaemiko	©	yaemiko
raidenshogun		raidenshogun
pixivSakuraEffect	content	pixivSakuraEffect
original	oc	original
gagged		gagged
bigbreasts	tit-	bigbreasts
bdsm	sm	bdsm
XAXO		XAXO
R18G	guro	R18G
R-17.9	content	R-17.9
NARUTO		NARUTO
FFXIV	tm	FFXIV
CG集		CG collection
C93	event	C93
C80	event	C80
BB(Fate)	©	BB(Fate)
2B		2B
鼻水		Runny nose
黒獣		Black beast
鳳えむ		Emu Otori
魅惑の股間		Enchanting crotch
魂魄妖夢		Konpaku Youmu
高垣楓		Kaede Takagaki
風見幽香	©	Yuka Kazami
音声作品		Audio works
電撃		Blitz
雷电芽衣		Raiden Mei
酒呑童子(Fate)	©	Shuten Doji (Fate)
足袋		Tabi
貫通	insert	Penetration
講座		Course
角娘		Kaku Musume
西行寺幽々子		Yuyuko Saigyoji
薬物		Drugs
薬漬け		Medicine
苗床		Nursery
膨乳	tit	Swollen breasts
腋コキ	armpit dick	Armpit job
脫糞	sca	Dung
脇毛	armpit	Armpit hair
胸破れ		Chest Torn
聖剣伝説		Sacred Sword Legend
縞パン		Striped bread
絢瀬絵里		Eri Ayase
絆創膏		Bandaid
素股		Intercrural sex
糸引き		Stringing
精液封入	cum	holding semen - encapsulation
精液ぶっかけ	cum	splashing semen - semen bukkake
磔		Crucifixion
着ザー		Arrival
真希波・マリ・イラストリアス		Makinami Mari Illustrious
白猫		White cat
白坂小梅	©	Shirasaka Koume
生塩ノア		Raw salt Noah
生えかけ		Newly born
珊瑚宮心海		Sangogu Shinkai
玉責め		Ball torture
玉藻の前(Fate)	©	Tamamo no Mae (Fate)
物語シリーズ		Story Series
涙		Tears
水原千鶴	©	Chizuru Mizuhara
機動戦士ガンダム水星の魔女		Mobile Suit Gundam Mercury Witch
極上の腹		Superb belly
極上の妹		The best sister
梅喧	©	Baiken
桜セイバー		Sakura Saber
東方グラマラス		Touhou Glamorous
来生泪		Kuryu Tears
昔の水着	swim	Old swimsuits
教室		Classroom
敗北ヒロイン		Defeated heroine
撫で回したい太もも		Thighs I want to stroke
排泄管理		Excretion management
挟射		Pinch shot
手錠		Handcuffs
戦うヒロイン		Fighting heroine
我々の業界ではご褒美です		It's a reward in our industry.
憲兵さんこっちです		Military police are here.
恥丘		Mons pubis
性交		Intercourse
快楽天		Kairakuten
後輩		Junior
強化人類アムネロ		Enhanced Humanity Amnero
幽香	©	Yuka
年賀状		New Year's card
巨大娘		Giant Girl
尿ジョッキ	uro	Urine jug
尻コキ	ass dick	Buttjob
尤诺		Explanation
尘白禁区		Yabaekin District
小便風呂	uro	Urine bath
寝取らせ		Cuckolding
宝多六花	©	Rikka Takarada
宇津見エリセ(ランサー)	©	Elyse Utsumi (Lancer)
孕ませ		Improve
婚纱		Marriage
天津風		Tianjin Wind
天ヶ瀬むゆ	©	Muyu Amagase
大人のおもちゃ		Adult toys
夏色まつり		Summer Color Festival
垂らし事後		After dripping
咲-Saki-	©	Saki-
和輪姦	not_solo sex	Japanese gangbang
和式トイレ		Japanese style toilet
吐血		Hematemesis
吊り乳	tit	Hanging breasts
古見硝子		Komi Glass
刑部姫(Fate)	©	Osakabehime (Fate)
全裸土下座		Naked kneeling
兎田ぺこら	©	Pekora Usada
兄妹		Siblings
優結		Yuyu
便器化	uro	Toilet conversion
任天堂		Nintendo
人魚		Mermaid
人格排泄		Personal excretion
井ノ上たきな	©	Takina Inoue
乳首ズリ	nip	Nipple slippage
乳首つねり	nip	Nipple pinching
乳踏み	tit	Breast stepping
乳房	tit-	Breast
乳寄せ	tit milk	Breastfeeding
乳ワイパー	tit	Breast wiper
下脱ぎ		Take off your bottom
ヴァレサ		Varesa
ローゼンメイデン		Rozen Maiden
ロスモンティス(アークナイツ)	©	Losmontis (Arknights)
レズレイプ	not_solo yuri sm	Lesbian rape
レズビアン	not_solo yuri	Lesbian
リーリエ(ポケモン)	©	Lillie (Pokemon)
リゼ・ヘルエスタ	©	Lize Hellesta
リコ(アニポケ)	©	Riko (Anime Pokemon)
リクエスト		Request
ラプラス・ダークネス		Laplace Darkness
ラブ握り		Love Nigiri
ラグナロクオンライン	tm	Ragnarok Online
ユーノ	©	Yuno
ヤマト(ONEPIECE)	©	Yamato (ONE PIECE)
メイドビキニ	swim	Maid Bikini
メイキング		Making
ミスティーハニー		Misty Honey
ママ		Mom
マッサージ		Massage
マシュマロおっぱい	tit	Marshmallow boobs
マオ		Mao
ポケモンBW	tm	Pokemon BW
ボーカロイド	tm	Vocaloid
ボロ絵		Bolo picture
ボコ顔		Boko face
ホルターネック		Halter neck
ホシノ・ルリ	©	Ruri Hoshino
ブレイブルー	tm	BlazBlue
ブリーチ	tm	Bleach
ブイズ		Buiz
フランドール・スカーレット		Flandre Scarlet
フェリシア(ヴァンパイア)	©	Felicia (Vampire)
ビーチ		Beach
ヒカリ	©	Hikari
パンティ&ストッキングwithガーターベルト	tm	Panty & Stocking with Garterbelt
パンツ下ろし		Pants down
パチュリー		Patchouli
バニースーツ		Bunny suit
バステト	©	Bastet
ハルカ	©	Haruka
ハニーセレクト2	tm	Honey Select 2
ハイレグレオタード		High leg leotard
ニードルプレイ		Needle play
ニーアオートマタ		NieR:Automata
ニップルリング	nip pierc	Nipple ring
ナミ	©	Nami
ナデシコ		Dianthus
ナツメ(ポケモン)	©	Natsume (Pokemon)
ナツメ		Jujube
ナイル	©	Nile
ナイスバディ		Nice buddy
ドーナドーナ		Donna Dona
トラ柄		Tiger pattern
トイレボール		Toilet ball
テキサス(アークナイツ)	©	Texas (Arknights)
ティアーズオブザキングダム		Tears of the Kingdom
チョーカー		Choker
チャムチャム		Cham Cham
チェーン		Chain
ダンダダン		Dandadan
ダヌア		Danua
タマモキャット		Tamamo Cat
セレナ(トレーナー)	©	Serena (Trainer)
セセリア・ドート	©	Cecelia Dort
セイバー		Saber
スパロボ		Super Robot
スノウブレイク:禁域降臨		Snow Break: Forbidden Region Advent
シージ(アークナイツ)	©	Siege (Arknights)
シリアス(アズールレーン)	©	Syria S (Azur Lane)
ショートヘア		Short hair
サンプル		Sample
サンタ娘		Santa Girl
コードギアス		Code Geass
コミックバベル		Comic Babel
キルラキル	tm	Kill la Kill
キャス狐		Cath Fox
ガンダムビルドダイバーズ	tm	Gundam Build Divers
ガラス越し		Through the glass
カフカ(スターレイル)	©	Kafka (Star Rail)
オフショルダー		Off shoulder
オッドアイ		Odd Eye
エジプト神話		Egyptian mythology
ウマ娘		Uma Musume
ウエディングドレス		Wedding dress
イヅナ	©	Izuna
アンカレッジ(アズールレーン)	©	Anchorage (Azur Lane)
アリス・タイムフィールド	©	Alice Thymefield
アニス(勝利の女神:NIKKE)	©	Anis (Goddess of Victory: NIKKE)
アナルの造詣が深い	anal dick	Deep knowledge of anal
アクア(このすば)	©	Aqua (Konosuba)
べろちゅー		Bellochu
ふたけっと		Futaket
ふた×男		Lid x Man
ひょっとこフェラ	mouth dick	Hyottoko Blowjob
はがない		Hagana
ねばねば		Sticky
ところてん		Tokoroten
ときのそら		Toki no Sora
とある魔術の禁書目録		A Certain Magical Index
ちん嗅ぎ		Din sniffing
ちちしりふともも		Chichishiri thighs
たてセタ	©	Tate Seta
しっぽ		Tail
このおっぱいで聖女は無理でしょ	tit	You can't be a saint with these breasts, right?
ぐぱぁ		Guppaa
きわどい		Risky
お姫様		Princess
おっぱいがいっぱい	tit	Lots of boobs
うなじ		Nape of neck
vtuber		vtuber
tits	tit	tits
tifa	©	tifa
tattoos		tattoos
tattoo		tattoo
senka		senka
poser		poser
piss	uro	piss
hexmaniac	©	hexmaniac
gifアニメ	anim	gif animation
fgo	tm	fgo
catgirl		catgirl
c83	event	c83
c80	event	c80
Tifa	©	Tifa
TSF		TSF
Succubus		Succubus
SEX		SEX
RO	tm	RO
NieR		NieR
M字騎乗位		M-shaped cowgirl position
MMD		MMD
Iuno		Iuno
IS		IS
HoneySelect2	tm	HoneySelect2
Grok		Grok
Ganyu		Ganyu
Furry		Furry
Fanart		Fanart
CG		CG
C96	event	C96
BB(水着)	swim ©	BB (Swimsuit)
데스티니차일드		Destiny Child
黒糸		Black thread
黒人	tan-	Black people
黒パンツ		Black pants
黑白		Black and white
魔都精兵のスレイブ		Demon City Elite Slave
鬼		Demon
高坂桐乃	©	Takasaka Kirino
首枷		Neck shackles
饮尿	uro	Urine
風景		Landscape
顔面チンポ置き		Face cock holder
鞭痕		Whip marks
露出プレイ	expose	Exposure play
铃兰		Lily of the Valley
鎧		Armor
銀髪ロング		Long silver hair
鉄血のオルフェンズ		Iron-Blooded Orphans
鈴鹿御前(Fate)	©	Suzuka Gozen (Fate)
鈴原るる	©	Ruru Suzuhara
針刺し		Needle prick
金色の闇		Golden darkness
野糞	sca	Wild feces
野外緊縛	bond	Outdoor bondage
酷刑		Harsh punishment
部族		Tribe
邪神_karasu_		Evil God_karasu_
連続絶頂		Continuous climax
透け水着	swim expose	Sheer swimsuit
透けブラ		Sheer bra
輪フェラ	mouth dick	Ring blow job
軍服		Military uniform
足裏汚れ		Dirty soles
足舐め	tongue	Foot licking
超ロングヘア		Super long hair
赞妮		Zani
負けヒロインが多すぎる!		Too many losing heroines!
谷間のゆり		Lily of the valley
裸體		Nude body
裸セーラー		Naked Sailor
裸オーバーオール		Naked overalls
裸アクセサリー		Naked accessories
蛇		Snake
虎柄ビキニ	swim	Tiger print bikini
藤原千花		Chika Fujiwara
茨木華扇		Ibaraki Hana Fan
自由セックス		Free sex
膨腹		Distended abdomen
腹筋/おっぱい	tit	Abs/Breasts
脱肛	anal ryona-	Anal prolapse
脱ぎかけ		About to take off your clothes
脇		Axis
肩を組んで乳揉み	tit	Hold your shoulders and rub your breasts
股間		crotch
肛塞	anal	Anal obstruction
肉体改造		Body modification
肉		Meat
红豆		Red beans
纏流子	©	Ryuko Matoi
縛乳	tit	Bound breasts
結月ゆかり	©	Yukari Yuzuki
結城明日奈	©	Yuki Asuna
結城友奈は勇者である		Yuki Yuna is a hero
紫咲シオン	©	Shion Shisaki
紗倉ひびき	©	Hibiki Sakura
精液まみれ	cum	covered in semen
稀神サグメ		Rare God Sagme
神里绫华		Kamizato Summary
破れタイツ		Ripped tights
睡姦		Sleep rape
着衣溢精	cum	Clothed ejaculation
着エロ		Erotic wear
百鬼あやめ		Hyakki Ayame
白面金剛九尾イヅナ		White-faced Kongou Kyuubi Izuna
白手袋		White gloves
痴艦		Chikan
町野猛武男	©	Takeo Machino
男娘		Boy and Daughter
男女仲良くおしっこ	uro	Men and women peeing together
獅白ぼたん		Shishiro Peony
猫又	©	Nekomata
狼耳		Wolf ears
犬姦	beast sex	Dog sex
牙		Fang
爱莉希雅	©	Airi Kimasa
熱々トレーニング		Hot training
無理矢理		Forcibly
潮(艦隊これくしょん)	©	Ushio (Kantai Collection)
源頼光	©	Minamoto no Yorimitsu
温泉浣腸		Hot spring enema
深海棲艦化		Deep sea warship
深海棲艦		Deep Sea Ship
淫魔化		Demonization
淫妖蟲		Dark insect
海王みちる		Michiru Kaiou
流萤		Flowing grapes
注射		Injection
波動ねじれ		Wave twist
河城にとり		Kawajo Tori
沖田総司(Fate)	©	Okita Souji (Fate)
殺生院キアラ		Sesshoin Chiara
死後泌乳	ryona milk	Postmortem lactation
横臥		Lying down
椎名真昼		Shina Mahiru
東方黄金水		Touhou Golden Water
東北きりたん		Tohoku Kiritan
本気汁		Serious soup
本家		Honke
時雨	©	Sigure
星見雅	©	Miyabi Hoshimi
星街すいせい		Hoshidachi Suisei
散歩		Walking
揉みしだきたい玉		Massage balls
推进之王		King of Thrust
手マンオナニー	mast	Fingering masturbation
扇ぱい	tit	Fan breast
戦隊ヒロイン		Sentai Heroine
戦国武将姫MURAMASA		Sengoku warlord princess MURAMASA
戌亥とこ		Inui Toko
性処理		Sexual treatment
後ろ手縛り		Hands tied behind the back
強姦		Rape
巴マミ		Tomoe Mami
尿道ファック	sm insert	Urethra fuck
尻に文字	ass	Text on the butt
小林さんちのメイドラゴン		Miss Kobayashi's Maid Dragon
小便マーキング	uro	Urine marking
寅年		Year of the Tiger
容器放尿	uro	Container urination
学生証		Student ID
学生服		School uniform
姉妹百合	not_solo yuri	Sister Yuri
妖艶的女体	body-	Bewitching female body
女装		Crossdressing
女神官		Priestess
女性主観視点		Female subjective perspective
女孩子		Children
女剣士		Female Swordsman
女らんま	©	Female Ranma
天宮こころ	©	Amamiya Kokoro
大人化		Adulthood
土方(ドリフ)×沖田(Fate)	©	Hijikata (Drifters) x Okita ( Fate)
四条貴音	©	Takane Shijo
和泉愛依		Ai Izumi
和壊		Japanese destruction
台詞付き		With lines
可爱		Love
古手川唯	©	Yui Kotegawa
博麗霊夢		Hakurei Reimu
南半球		Southern Hemisphere
千夜		Chiya
化粧		Makeup
勇美カエデ	©	Yumi Kaede
加藤恵	©	Megumi Kato
剥ぎ取りたいパンツ		Pants you want to tear off
前押さえ		Front press
分析员		Analyst
凯尔希		Kaiyuki
全頭マスク		Full head mask
全裸群像	not_solo 	Nude group statue
俺の股間から五穀豊穣ライスシャワー		Rice shower from my crotch
修女		Nun
侍女		Handmaid
例大祭		Reitaisai
佐城雪美		Yukimi Saki
仲良くおしっこ	uro	Peeing together
仰向けイラマ		Supine Irama
亡命牌		Exile Tile
井河さくら	©	Sakura Igawa
乳首舐め	nip tongue	Nipple licking
乳首チラ	nip	Nipple glimpse
乳头	nip	Nipple
中国风		Chinese style
一之瀬アスナ(バニーガール)	©	Asuna Ichinose (Bunny Girl)
ロリババア		Lori Baba
レッスルエンジェルス		Wrestle Angels
リアス・グレモリー	©	Rias Gremory
ユエル(グラブル)	©	Yuel (Granblue Fantasy)
モナ(原神)	©	Mona (Genshin Impact)
メンヘラ		Menhera
メガニケ		Meganike
メカクレ		Mekakure
ミニスカート		Mini skirt
マン肉		Man meat
マニアック		Maniac
マスカーニャ(ポケモン)	©	Mascanha (Pokemon)
マジアアズール	©	Magia Azure
マキマ		Makima
ポケモンSM	tm	Pokemon SM
ポケモンBW2	tm	Pokemon BW2
ボトラー		Bottler
ボディチェーン		Body chain
ホシノ・フミナ	©	Hoshino Fumina
ペルソナ5		Persona 5
ペニバン		Strapon
ペニスにピス	uro dick	Piss on penis
プルクラ・フェリーニ		Pulchra Fellini
プルア		Purua
プリンツ・オイゲン(アズールレーン)	©	Prinz Eugen (Azur Lane)
プリバティ(勝利の女神:NIKKE)	©	Privati (Goddess of Victory: NIKKE)
プリケツ		Priketsu
フリーレン		Freelen
フリル		Ruffle
フェアリーテイル		Fairy Tail
ファンアート		Fan art
ピース		Peace
ピーカブー		Peekaboo
ピンクは淫乱		Pink is lewd
ビール		Beer
ビッチ姫		Bitch Princess
ヒーロー科女子		Hero Department Girls
パンツコキ	dick	Pants job
パンツの中に手		Hand in pants
パイモン	©	Paimon
ハートくり抜き		Heart cutout
ハヤテのごとく!		Like Hayate!
ニーハイ		Knee high
ニトロプラス		Nitroplus
ドレス		Dress
ドラクエ3	tm	Dragon Quest 3
デレステ		Deleste
ディオナ(原神)	©	Diona (Genshin Impact)
テストスーツ		Test suit
チャリオット	©	Chariot
チェン(アークナイツ)	©	Chen (Arknights)
ダージリン	©	Darjeeling
ダイドー(アズールレーン)	©	Dido (Azur Lane)
タツマキ	©	Tatsumaki
ゼルダ姫	©	Princess Zelda
ゼノブレイド2		Xenoblade 2
セクシーランジェリー		Sexy lingerie
セクシーウェディングドレス		Sexy wedding dress
セカンドライフ		Second Life
スマプリ		Sumapuri
スパイダー騎乗位		Spider Cowgirl
スターレイル		Star Rail
スカサハ(Fate)	©	Scathach (Fate)
ジン(原神)	©	Jean (Genshin Impact)
ジャヒー様		Mr. Jahi
シャルラッハロート		Scharlacherroth
ザーメンゲップ	cum	semen burp
ザ・キング・オブ・ファイターズ	tm	The King of Fighters
サムライスピリッツ		Samurai Spirits
サムスピ		Samuspi
コンカフェ		Concafe
コミックホットミルク		Comic Hot Milk
コミックアンリアル		Comic Unreal
コウテイペンギン(けものフレンズ)	©	Emperor Penguin (Kemono Friends)
ゲゲゲの鬼太郎		GeGeGe no Kitaro
グローリーホール		Glory Hole
クローザーズ		Closers
クロリス・ガーデン		Cloris Garden
クラリス(グラブル)	©	Clarisse (Granblue Fantasy)
クスコ		Cusco
ギャグボール		Gag ball
キンスレ		Kinsle
キングスレイド		King's Raid
キラキラ		Glitter
キャッツ・アイ		Cat's Eye
ガーターストッキング		Garter stockings
ガンダムビルドファイターズ	tm	Gundam Build Fighters
カスミ(アニポケ)	©	Kasumi (Anime Pokemon)
オープンブラ		Open bra
オープンショーツ		Open shorts
オーバーウォッチ	tm	Overwatch
オーク		Oak
エロマンガ先生		Eromanga Sensei
エミリア		Emilia
エナジードレイン		Energy Drain
エッッ		Eh
エイヤフィヤトラ(アークナイツ)	©	Eyjafjalla (Arknights)
ウェヌスのえくぼ		Venus' dimple
ウェイトレス		Waitress
イラストリアス(アズールレーン)	©	Illustrious (Azur Lane)
イシュタル(Fate)	©	Ishtar (Fate)
イシュタル	©	Ishtar
アークナイツ:エンドフィールド	©	Arknights: End Field
アルメイダ(グラブル)	©	Almeida (Granblue Fantasy)
アリス・マーガトロイド	©	Alice Margatroyd
アニメ		Anime
アナルフィスト	anal insert	Anal fisting
アナルピアス	anal pierc	Anal piercing
アナルパール水着	swim anal toy	Anal pearl swimsuit
アナルチラ	ass expose	Anus flash
アウラ	©	Aura
アイギス絵師		Aigis Painter
めぐみん	©	Megumin
むちむちボディ		Plump body
まどか☆マギカ		Madoka Magica
まちカドまぞく		Machikadomazoku
ほぼ裸		Almost naked
ぺたん座り		Sitting flat
ひじぱい	tit	Elbow breast
ちびうさ	©	Chibiusa
すっぽんぽん		Soft-shelled turtle
ご注文はうさぎですか?		Is the order a rabbit?
これ絶対入ってるよね		This is definitely included.
くんかくんか		Kunkakunka
くすぐり		Tickling
きつね耳		Fox ears
きつね		Fox
かすみ	©	Kasumi
お隣の天使様にいつの間にか駄目人間にされていた件		The angel next door turned me into a useless person before I knew it.
お嬢様		Lady
お団子ヘアー		Bun hair
おっぱちゅりー		Oppachurie
※中学生です		※Junior high school student
torture		torture
thicc		thicc
pixivHalloweenEffect	content	pixivHalloweenEffect
ntr		ntr
nikke	©	nikke
futanari		futanari
ff7	tm	ff7
cyborg		cyborg
blowjob	mouth dick	blowjob
axsens		axsens
anthro		anthro
W(アークナイツ)	©	W (Arknights)
Vindictus		Vindictus
U149		U149
QOS		QOS
PCエンジン		PC Engine
Original	oc	Original
Oppai	tit	Oppai
Nekomia		Nekomia
Mabinogi:Heroes		Mabinogi: Heroes
JC		JC
ENF		ENF
C92	event	C92
C78	event	C78
BW2		BW2
BME		BME
18号	©	No.18
ﾁｷﾁｷ		ChikiChiki
커미션		Commission
소녀전선		Girls' Frontline
龙梅梅		Dragon plum plum
龍娘		Dragon Girl
黒髪ショート	hair-	Black hair short
黒歌		Black song
黒ビキニ	swim	Black bikini
黒ナース		Black Nurse
麗日お茶子	©	Ochako Uraraka
鷹宮リオン	©	Rion Takamiya
魔物娘茶会		Monster Girl Tea Party
魅魔		Charm
魅惑のおっぱい	tit	Enchanting breasts
高跟		Tall legs
首绞		Neckline
食戟のソーマ		Shokugeki no Soma
食尿	uro mouth	Eating urine
飛霄		Flying Haze
風真いろは	©	Kazema Iroha
風俗		Entertainment
顔に落書き		Doodle on the face
響け!ユーフォニアム		Sound! Euphonium
靴下		Socks
青髪	hair-	Blue hair
霞(DOA)	©	Kasumi (DOA)
霊烏路空		Reiwu Road Sky
雷電将軍(原神)	©	General Raiden (Genshin)
雲璃		Unri
雪ノ下雪乃	©	Yukinoshita Yukino
陸奥	©	Mutsu
開口具		Opening tool
鉄拳		Tekken
酒呑童子	©	Shuten Doji
遊佐こずえ	©	Yusa Kozue
連れション		Marriage
逆フェラ	mouth dick	Reverse blowjob
足控		Foothold
赤目		Red eye
赤城みりあ	©	Milia Akagi
赤城		Akagi
豊聡耳神子		Toyosato Miko
诱惑		Seduction
誘拐		Kidnapping
触手責め		Tentacle torture
視線		Gaze
見えない構図		Invisible composition
裸体		Nude
裸ランドセル		Naked school bag
裸ブーツ		Naked boots
蟲姦		Insect rape
蝋燭		Candle
虐待		Abuse
虎縞ビキニ	swim	Tiger striped bikini
虎		Tiger
蓮美(Hasumi)		Hasumi?
葉隠透(素顔)	©	Toru Hagakure (Bare Face)
萌える!事典		Moe! Encyclopedia
菱縄縛り		Hishi rope binding
艦これマイクロビキニ部	© swim expose	KanColle Micro Bikini Club
船上のバニーチェイサー		Bunny chaser on board
舰娘		Daughter
膣内射精	pussy cum	Intravaginal ejaculation
腔内放尿	uro pussy	Intracavitary urination
腋舐め	tongue	Armpit licking
腋チラ	armpit-	Armpit sneak peek
脚線美		Beautiful leg lines
胸揉み	tit	Breast massage
胸がぱんぱかぱーん		My chest is full
胸		Chest
胡蝶カナエ	©	Kanae Phalaenopsis
背後から手マン		Fingering from behind
肋骨		Ribs
肉球グローブ		Paw gloves
聖女		Saint
聖(性)服シリーズ		Saint (Sex) Uniform Series
習作		Study
綿月依姫		Yorihime Watazuki
綾瀬桃	©	Ayase Momo
綱手		Tsunade
綑綁		Bound
絵かゆ		Picture porridge
結城晴	©	Haru Yuki
紲星あかり	©	Akari Suhoshi
紧缚		Tighten
素足	foot-	Bare feet
純狐		Pure Fox
紅豆(ゼンゼロ)	©	Sweety (Zenzero)
笛美男		Beautiful Flute
竈門禰豆子		Kamado Nezuko
神崎蘭子	©	Kanzaki Ranko
磯風	©	Isokaze
砂沙美		Sasami
着ぐるみ		Kigurumi
眼帯ビキニ	swim	Eyepatch bikini
相互手マン		Mutual fingering
目にハート		Heart in the eyes
百合夫婦	not_solo yuri	Yuri couple
百合園セイア		Lily Garden Seia
白パンツ		White pants
白ストッキング		White stockings
癒月ちょこ		Healing Moon Choco
痰		phlegm
甘城ブリリアントパーク		Amagi Brilliant Park
琴吹紬	©	Kotobuki Tsumugi
猫耳パーカー		Cat ear hoodie
狐耳巫女		Fox Eared Shrine Maiden
牧場の乳	milk	Ranch milk
牛コス		Cow costume
爆乳化	tit-	Big breasts
無知シチュ		Ignorance situation
無様		Musama
火焔猫燐		Flame Cat Rin
澤村・スペンサー・英梨々		Sawamura Spencer Eriri
漂う犯罪臭		The smell of crime
淫纹		Indecent
海辺		Seaside
浴衣		Yukata
浦和ハナコ	©	Urawa Hanako
流血注意		Beware of bloodshed
江ノ島盾子		Enoshima Junko
汁に泡		Bubbles in the soup
水銀燈		Suigintou
水責め		Water torture
水城ゆきかぜ	©	Mizuki Yukikaze
母性は原初のエロス		Motherhood is the primordial Eros
残暑見舞い		Last summer greetings
檻		Cage
檜山姫子	©	Himeko Hiyama
樫野(アズールレーン)	©	Kashino (Azur Lane)
極太		Extremely thick
校服		School uniform
松本乱菊		Rangiku Matsumoto
松屋美咲	©	Misaki Matsuya
東郷美森	©	Mimori Togo
束縛	bond	Bound
札ブラ		Fold bra
未確認で進行形		Unconfirmed and progressive
朝顔ハナエ		Hanae Asagao
時雨(艦隊これくしょん)	©	Sigure (Kantai Collection)
時々ボソッとロシア語でデレる隣のアーリャさん		Arya-san, who lives next door, sometimes blurts out things in Russian.
春日野さくら	©	Sakura Kasugano
日向ヒナタ	©	Hinata Hyuga
斑鳩(閃乱カグラ)	©	Ikaruga (Senran Kagura)
摩耶	©	Maya
插画		Review
指でグイッ		Grip with your finger
戦慄のタツマキ		Terrifying Tatsumaki
戦乙女		Battlemaiden
愛宕(艦隊これくしょん)	©	Atago (Kantai Collection)
恶堕		Degradation
性転換		Gender change
性教育		Sex education
德克萨斯		Dokukatsukansai
形くっきりクリトリス	clit	Clearly shaped clitoris
強制露出		Forced exposure
強制労働		Forced labor
引き回し		Routing
幽霊		Ghost
幼馴染		Childhood friend
年賀絵		New Year's card
巫女服		Shrine maiden clothes
島風		Shimakaze
尿道拡張		Urethral dilatation
小宮果穂	©	Kaho Komiya
小便器ちゃん	uro	Urine-chan
射精管理	cum	Ejaculation management
射乳	cum tit	Breast ejaculation
封獣ぬえ		Sealed Beast Nue
対魔忍ユキカゼ		Taimanin Yukikaze
寝取り		Netori
寝そべり		Lie down
宵宮		Yoimiya
安全ピン		Safety pin
宇津見エリセ		Elyse Utsumi
宇崎月	©	Uzaki Tsuki
宇崎ちゃん	tm	Uzaki-chan
学生		Student
学園もの		School stuff
子供同士		Children together
嫌悪		Disgust
嫌な顔		Disgusting face
姫崎莉波	©	Rinami Himesaki
姫カット		Hime cut
姉妹		Sisters
妖魔娼館		Youma brothel
妖魔		Youma
妖艶	body-	Bewitching
奴隷市場		Slave market
女捜査官		Female investigator
女戦闘員		Female combatant
女悪魔		Female devil
女性キャラ		Female character
女子中学生		Junior high school girls
女勇者		Female Hero
女の子終了		Girl ends
奉仕		Service
失楽天		Shirakuten
天音かなた	©	Amane Kanata
天王はるか	©	Haruka Tennou
大腿		Thigh
大股開き		Strands apart
大宗たゆゆ		Daimou Tayuyu
大好真々子	©	Mamako Oyoshi
大和撫子		Yamato Nadeshiko
大和(艦隊これくしょん)	©	Yamato (Kantai Collection)
大人向け		For adults
夜見れな		Don't watch it at night
夜ヶ岳嵐	©	Yagatake Arashi
多腕		Multi-armed
夕立(アズールレーン)	©	Yuudachi (Azur Lane)
夕立		Shower
地下牢		Dungeon
囚人		Prisoner
喪女		Mourning woman
唾飲ませ	mouth	Make me saliva
唾液ブリッジ	mouth	Saliva bridge
同人誌		Doujinshi
吊りスカート		Hanging skirt
史上最強の弟子ケンイチ		Kenichi, the strongest disciple in history
双子		Twins
即落ち2コマシリーズ		Immediate 2-frame series
单手套		Double Gauntlet
十時愛梨		Totoki Airi
十六夜ノノミ	©	Izayoi no nomi
十三機兵防衛圏		13 Sentinels Defense Zone
前貼り		Front pasting
前川みく	©	Miku Maekawa
刻晴(原神)	©	Keqing (Genshin Impact)
出産		Birth
公開		Publish
公衆トイレ	toilet	Public toilet
八意永琳		Yai Eirin
八奈見杏菜	©	Anna Yanami
兎山ルミ	©	Usagiyama Rumi
優木せつ菜	©	Setsuna Yuuki
傷		Scars
俘虜		Prisoner of War
伏姫マーヤ		Fushihime Maya
五更瑠璃	©	Ruri Gosara
乳首舐め手コキ	nip tongue	Nipple licking handjob
乳首串刺し	nip	Nipple skewer
乳首サスペンダー	nip	Nipple suspenders
乳首クリップ	nip pierc	Nipple clip
乳钉		Chicken
乳環	nip	Areola
乳汁	milk	Milk
乳上げ	tit	Breast raising
乳ぼくろ	milk	Milk Bokuro
丸山彩	©	Aya Maruyama
中野三玖	©	Miku Nakano
中出		Creampie
中二病でも恋がしたい!		I want to fall in love even if I am a junior high school student!
下痢		Diarrhea
下ろしチャック		Lower chuck
万圣节		Millions of people
七天の覇者		Conqueror of the Seven Heavens
一穴二本		One hole, two holes
一ノ瀬志希		Shiki Ichinose
レオチラ		Leochira
ルアン・メェイ		Luan May
リース		Lease
リンドリ		Lindori
リング☆ドリーム		Ring☆Dream
リリス	©	Lilith
リボン		Ribbon
リコリコ		Rikoriko
ラブクリップ	clit pierc	Love clip / Clitoris clip
ラップランド(アークナイツ)	©	Lappland (Arknights)
ユニコーン(アズールレーン)	©	Unicorn (Azur Lane)
ユウナ	©	Yuna
モンハン擬人化		Monster Hunter anthropomorphism
モバマス		Mobamas
モノクロ		Monochrome
メカ少女		Mecha Girl
メイド影狼ちゃん		Maid Kagerou-chan
メイドミルク	costume milk	Maid milk
ミルク	milk	Milk
ミミロップ		Mimilop
マーキング		Marking
マリー・ローズ	©	Marie Rose
マリィ(Diesirae)	©	Marie (Dies irae)
マスコットキャラクター		Mascot character
マケイン	©	McCain
ボディコン		Bodycon
ボタン(ポケモン)	©	Botan (Pokemon)
ホムラ(ゼノブレイド2)	©	Homura (Xenoblade Chronicles 2)
ペルソナ		Persona
ベビードール		Baby Doll
ブローニャ・ランド		Bronya Land
ブレザー		Blazer
フワワ・アビスガード		Fluffy Abyss Guard
フラワーナイトガール		Flower Night Girl
フェティッシュ		Fetish
フィストファック	pussy insert	Fist fuck
フィスト	insert	Fist
ファイアーエムブレム風花雪月	tm	Fire Emblem Three Houses
ファイアーエムブレム覚醒	tm	Fire Emblem Awakening
ヒカリ(ゼノブレイド2)	©	Hikari (Xenoblade Chronicles 2)
パンティ		Panties
パチュリー・ノーレッジ		Patchouli Knowledge
パズドラ	tm	Puzzle & Dragons
パイオツ・オイゲン		Piots Eugen
バーコード		Barcode
バイオハザード		Biohazard
ハミ乳	tit	Hami breasts
ハイアングル		High angle
ノーパン前垂れ		No panties hanging in front
ネロ・クラウディウス(Fate)	©	Nero Claudius (Fate)
ニンフィア		Nymphia
ニェン(アークナイツ)	©	Nian (Arknights)
ナンジャモ(トレーナー)	©	Nanjamo (Trainer)
ナルト		Naruto
ナツメに定評のある作者		Author with a reputation for jujube
ドリームクラブ		Dream Club
ドラゴンボール	tm	Dragon Ball
ドラコケンタウロス		Draco Centaur
ドキドキ!プリキュア		Doki Doki! Precure
ドSビッチアヤちゃん		Sadistic Bitch Aya-chan
トウコ		Touko
デンジャラス・ビースト		Dangerous Beast
ディシア		Disia
テニスウェア		Tennis wear
ツンデレ		Tsundere
ダイナミックパンチラ		Dynamic panty shots
ソーサレス	©	Sorceress
ソフィア(グラブル)	©	Sophia (Granblue Fantasy)
ソウルワーカー		Soul Worker
ソウルキャリバー		Soul Calibur
セルフ胸タッチ	tit	Self breast touch
セミリアル		Semi-real
ズリキチ		Zurikichi
スーツ		Suit
スマブラ		Smash Bros.
スパイ教室		Spy Classroom
スケスケ		See-through
スカート		Skirt
スカジ(アークナイツ)	©	Skadi (Arknights)
スイートプリキュア		Sweet Precure
スイレン(トレーナー)	©	Lana (Trainer)
ジータ		Gita
ジャヒー様はくじけない!		Jahi-sama won't give up!
ジト目		Spotted eyes
ジェシー(FF7)	©	Jessie (FF7)
シーメール		Shemale
シンデレラ(勝利の女神:NIKKE)	©	Cinderella (Goddess of Victory: NIKKE)
サンタガール		Santa Girl
サイドテール		Side tail
サイトウ(トレーナー)	©	Saito (Trainer)
サイズフェチ		Size fetish
ゴッドイーター		God Eater
ゴスロリ		Gothic Lolita
コルセット		Corset
コヤンスカヤ		Koyanskaya
ケモ交尾		Chemo mating
クーデリア・藍那・バーンスタイン	©	Kudelia Aina Bernstein
クロスオーバー		Crossover
クイーンズブレイド	tm	Queen's Blade
ギルドの受付嬢ですが		I'm the receptionist at the guild.
キャロット		Carrot
キャミソール		Camisole
キメセク		Kimeseku
ガーターリング		Garter ring
ガンダムビルドファイターズトライ	tm	Gundam Build Fighters Try
エーフィ		Effie
エンジェウーモン	©	Angewomon
エレシュキガル(Fate)	©	Ereshkigal (Fate)
エミリア(リゼロ)	©	Emilia (Re:Zero)
エプロン		Apron
エニット		Enit
エアリス	©	Aerith
ウサ子さん	©	Usako-san
インプラカブル(アズールレーン)	©	Implacable (Azur Lane)
イマラチオ	throat	Deepthroat
イケメン女子		Handsome girl
アンチラ		Anchira
アレクサンドリナ・セバスチャン	©	Alexandrina Sebastian
アルメイダ	©	Almeida
アルトリア・ペンドラゴン	©	Artoria Pendragon (Lancer)
アリス・ギア・アイギス	©	Alice Gear Aigis
アメスク		Amescu
アニラ		Anila
アニぱい	tit	Anime breasts
アナルバイブ	anal toy	Anal vibrator
アナスタシア(シンデレラガールズ)	©	Anastasia (Cinderella Girls)
アトラ・ミクスタ		Atra Mixta
アスカ・ラングレー	©	Asuka Langley
アクダマドライブ		Akudama Drive
アカネ(ポケモン)	©	Akane (Pokemon)
アイシャドウ		Eyeshadow
よそのこ		Somewhere else
ゆんゆん(このすば)	©	Yunyun (Konosuba)
ゆかぱい		Yukapai
やはり俺の青春ラブコメはまちがっている。		My youth romantic comedy is wrong after all.
ほのか(DOA)	©	Honoka (DOA)
ほのか	©	Honoka
ぷにまん		Puniman
ぶれぶる		Breble
ぶちアングル		Tabby angle
ふんどし娘		Loincloth girl
ひっかけ立ちション		Hikake standing
ぱんちら		Pantyra
ぱっくり背中		Big back
はだけ	foot-	Bare
ちんキス		Chin kiss
せんずり		Sensuri
しゃがみパンチラ		Crouching panty shot
さくらみこ	©	Miko Sakura
けしからんおっぱい	tit	Indecent breasts
かわいそうはかわいい		Poor people are cute
からかい上手の高木さん	©	Takagi-san is good at teasing
かっぱい		Kappai
お腹ナデナデ		Stomach Nadenade
お品書き		Menu
おねしょ	uro	Bedwetting
おしっこぶっかけ	uro cum	Pee bukkake
おしっこがまん	uro	Hold your pee
おさげ		Pigtails
おかっぱ		Bobbed hair
うさみみ		Usamimi
うさぎ		Rabbit
うがい		Gargle
あけおめ		Happy New Year
あきつ丸		Akitsumaru
shibari	bond	shibari
sex		sex
ranma	©	ranma
patreon		patreon
pantypoop	sca	panty poop
pantyhose		pantyhose
milf		milf
lolicon	loli	lolicon
kokomi		kokomi
iDOLM@STER		iDOLM@STER
humiliation		humiliation
huge_breasts	tit	huge_breasts
highschooldxd		highschooldxd
guro	guro	guro
gif		gif
fate	tm	fate
destinychild		destinychild
closers		closers
chisa		chisa
chainsawman		chainsawman
cat		cat
bikini	swim	bikini
amputee		amputee
V字開脚		V-shaped legs
VRChat		VRChat
ToLOVEるダークネス		To LOVE Ru Darkness
Sona		Sona
Rkgk	content	Rkgk
Panty&StockingwithGarterbelt	tm	Panty&Stocking with Garterbelt
PVC		PVC
PSO2	tm	PSO2
PSO	tm	PSO
POV		POV
NINJA		NINJA
Hololive	tm	Hololive
G3F		G3F
Fate/Apocrypha	tm	Fate/Apocrypha
FF6	tm	FF6
FE覚醒	tm	FE Awakening
Elysia		Elysia
Elsword		Elsword
D|S		D|S
DQ11	tm	DQ11
DQ10	tm	DQ10
DEADORALIVE	tm	DEADORALIVE
D.Va		D.Va
COMIC1☆10		COMIC1☆10
COMIC1		COMIC1
CMNF		CMNF
CM3D2		CM3D2
C97	event	C97
C103	event	C103
Blender		Blender
BWC		BWC
BUKKAKE		BUKKAKE
BB	©	BB
Arlecchino		Arlecchino
Ai	ai	Ai
AI修正	ai	AI modification
AI-assisted	ai	AI-assisted
4P		4P
2番艦はスケベボディ		The second ship has a lewd body
창작	oc	Original / Original work
우고이라		Review
오예신나는데		Important
리그오브레전드		League of Legends
롤		League of Legends
던파		DFO / Dungeon & Fighter
거유		Large breasts / Big breasts
龍驤	©	Ryujo
龍田		Tatsuta
鼻血		Nosebleed
黒姫士アイアンドレス		Kurohimeshi iron dress
鷹富士茄子		Takafuji eggplant
鷲掴み		Eagle grab
魔砲使い黒姫		Magic Cannon User Kurohime
魔法科高校の劣等生		The Irregular at Magic High School
魔女の旅々		Witch's Journey
魅惑的大腿		Fascinating thighs
魅惑の太もも		Enchanting thighs
鬼神童子ZENKI		Kishindouji ZENKI
高潮		Storm tide
高木命	©	Takagi Mikoto
高木さん(からかい上手の高木さん)	©	Takagi-san (Takagi-san, the Master of Teasing)
高巻杏		An Takamaki
驪駒早鬼		Rokoma Saki
騎乗		Riding
馬乗り		Horseback riding
馬ディルド		Horse dildo
香風智乃		Kofu Chino
飲精	cum	Ejaculation
食べ物		Food
食い込み直し		Re-adjustment
顔射待ち	cum	Waiting for facial cumshot
顔を埋めたい尻	ass	The butt you want to bury your face in
頬ズリ		Cheek slippage
鞭打		Flaglash
靴舐め	tongue	Shoe licking
露出癖		Exhibitionism
霧雨魔理沙		Kirisame Marisa
霞ヶ丘詩羽	©	Utaha Kasumigaoka
電(艦隊これくしょん)	©	Den (Fleet Collection)
雪泉		Yukisen
雨女		Rain Woman
雨		Rain
陸上部		Track and field club
阿蕾奇诺		Abi's strange story
阮梅		Ruan Mei
閲覧注意		Caution when viewing
長離		Long distance
鎖貫通	sm insert	Chain penetration
鍵山雛		Kagiyayama Hina
銀髪碧眼		Silver hair, blue eyes
鉛筆		Pencil
鈴鹿御前〔サンタ〕	©	Suzuka Gozen [Santa]
鈴仙・優曇華院・イナバ		Suzusen/Udunkain/Inaba
金髪ツインテール		Blonde twintails
金剛		Kongo
量産C型		Mass production C type
配信		Delivery
逸見エリカ		Erika Hemi
連行		Take away
連結錠		Connected lock
透明水着	swim expose	Transparent swimsuit
透明感		Transparency
透明		Transparent
近江彼方		Beyond Omi
蹲踞		Crouching
踊りこころ		Dancing heart
赤髪ロング		Long red hair
赛飞儿		Flyer
贫乳	tit-	Breasts
賢者向け		For wise people
貧乳から出る母乳	flat milk	Breast milk from small breasts
貞操観念ゼロ		Zero concept of chastity
誘ってやがる		Invite me
認識阻害		Recognition inhibition
触手姦		Tentacle rape
見返り美人		Beauty in return
見返り		Reward
見えそうで見えない		I think I can see it, but I can't see it
西城樹里		Juri Saijo
西住みほ		Nishizumiho
西住まほ	©	Maho Nishizumi
褐色白髪		brown gray hair
複根		Multiple roots
裸包帯		Nude bandage
裸マント		Naked cloak
裸パーカー		Naked hoodie
衣装チェンジ		Costume change
蜜蜂の館		Honey House
虚構推理		Fictional reasoning
虚拟主播		Urokishuban
虎娘		Tiger girl
蔚蓝档案		Urban School Plan
蒸れ		Stuffy
葛飾北斎	©	Katsushika Hokusai
荧		Fluorescent
若葉睦		Mutsumi Wakaba
花魁		Oiran
花火(スターレイル)	©	Hanabi (Star Rail)
艶ぼくろ		Glossy black
色白		Fair skin
艦々バニー		Kansan Bunny
舌射待ち	tongue cum	Waiting for tongue ejaculation
舌なめずり	tongue	Tongue licking
膝の上に座る		Sit on your lap
腿		Thighs
腹パンチ		Belly punch
脳姦		Brain rape
脱いだ服		Removed clothes
能代	©	Noshiro
胸部		Chest
胸見せ	tit	Showing breasts
胶衣		Ei
胡桃(原神)	©	Kurumi (Genshin)
背面駅弁		Back Ekiben
背面座位	back-	Back sitting position
背	back-	Back
股間アップ		Crotch up
股神様		Crotch God
股のぞき		Thigh peek
肛門性器臭いフェチ	anal sca-	Anal genital odor fetish
肉奴隷		Meat slave
聖乳	milk	Holy Milk
羽衣狐		Hagoromo Fox
羽川ハスミ(体操服)	©	Hasumi Hanekawa (Gym Uniform)
義城蜜魅	©	Mitsumi Yoshiro
美巨乳	tit	Beautiful big breasts
美人		Beauty
美しい		Beautiful
羊		Sheep
练习		Learning
縦セタ		Vertical Seta
縞ビキニ	swim	Striped bikini
縞ニーソ		Striped stocking
紫髪		Purple hair
紅花崗の淚		The Tears of Benihanagang
紅美鈴		Beni Misuzu
精子タンク空っぽ	cum	Sperm tank empty
童田明治	©	Meiji Doda
竜華キサキ	©	Ryuuka Kisaki
竜胆尊		Ryudoson
立ちオナニー	mast	Standing masturbation
空井サキ	©	Saki Sorai
空(原神)	©	Sora (Genshin)
穴あきコンドーム		Perforated condom
種噴き		Seed spray
種付け		Seeding
秦こころ		Kokoro Hata
秋宮沙也香		Akimiya Sayaka
神楽		Kagura
神月かりん	©	Karin Kamizuki
神撃のバハムート		Rage of Bahamut
短髪		Short hair
着衣オナニー	mast	Clothed masturbation
着替え		Change of clothes
着せ恋		Kimono love
看板娘【白羽るみ】		Signboard girl [Rumi Shiraha]
盗撮		Voyeurism
的場梨沙	©	Risa Matoba
白雪巴	©	Shirayuki Tomoe
白濁液		Cloudy liquid
白ビキニ	swim	White bikini
白スト		White strike
白スク水	swim	White school swimsuit
痣		Bruise
疑似排泄		Pseudo excretion
異種和姦		Interspecies Japanese sex
異界探偵ミソギ		Otherworld Detective Misogi
男性受け		Male reception
男子トイレ	toilet	Men's restroom
男子おっぱい	tit	Boy's breasts
田舎		Countryside
甘ブリ		Amaburi
瓦雷莎	©	Raika Kawara
瑞鶴(艦隊これくしょん)	©	Zuikaku (Kantai Collection)
玉揉み		Ball massage
獸耳	fantasy	Animal ears
獣耳ロリ調教記	loli	Animal ear loli training record
猫口	mouth	Cat mouth
狼と香辛料		Spice and Wolf
狩人ベラ		Hunter Bella
狐坂ワカモ		Kitsunesaka Wakamo
狐っ娘		Fox girl
狐		Fox
犯してもいいのよ		It's okay to commit crimes.
爆根		Bakukon
爆尻	ass-	Big butt
燃料漏れ		Fuel leak
煙草		Tobacco
無職転生		Unemployed Reincarnation
無彩限のファントム・ワールド		Myriad Colors Phantom World
無名(甲鉄城のカバネリ)	©	Anonymous (Kabaneri of the Iron Fortress)
無名		Anonymous
火影忍者		Hokage Ninja
瀬川泉	©	Izumi Segawa
潮吹		Squirting
潮っぱい	tit	Squirt oppai / Shio oppai
渡辺曜	©	You Watanabe
混合		Mixture
涼月すい		Suzutsuki Sui
涼宮ハルヒの憂鬱		The Melancholy of Haruhi Suzumiya
海冥獣姫スキュレイ		Scyllei, the Sea Beast Princess
浮き乳首	nip	Floating nipples
浜風(艦隊これくしょん)	©	Hamakaze (Kantai Collection)
流れ乳	milk	Flowing milk
泥岩		Mudstone
泣きぼくろ		Crying Bokuro
永久拘束		Permanent restraint
氷菓		Hyouka
水神小夜	©	Saya Mizukami
水着尿	uro swim	peeing in a swimsuit
水中		Underwater
水も滴るいい女		A good woman who drips with water
歩く18禁		Walking 18+
武蔵(艦隊これくしょん)	©	Musashi (Kantai Collection)
武器娘		Weapon girl
欲望の迷い子リリス		Lilith, the lost child of desire
櫻木真乃	©	Mano Sakuragi
櫻井桃華	©	Momoka Sakurai
機械		Machine
機動戦艦ナデシコ		Mobile Battleship Nadesico
樋口円香		Makka Higuchi
榛名	©	Haruna
極上の竿		Excellent rod
楊貴妃(Fate)	©	Yang Guifei (Fate)
検尿	uro	Urinalysis
格闘少女		Fighting girl
柔道		Judo
東方星蓮船		Eastern Star Lotus Ship
杜野凛世	©	Rinyo Morino
朝チュン	©	Asa Chun
服を着たポケモン	©	Pokémon wearing clothes
服の中で乳揉み	tit	Massage breasts under clothes
有村麻央	©	Mao Arimura
月曜日のたわわ		Monday Tawawa
月姫		Tsukihime
星野アイ	©	Hoshino Ai
星乃一歌	©	Ichika Hoshino
早乙女ベリー		Saotome Berry
新垣あやせ	©	Ayase Aragaki
断頭台のアウラ		Aura of the Guillotine
斥罪		Expulsion
敵女		Enemy woman
改造		Modification
描いてもいいのよ		You can draw it.
採尿	uro	Urine collection
排便	sca	Defecation
授業中おもらし	uro	Wetting ourselves during class
挿入ジェスチャー		Insert gesture
挿入		Insert
拷问		Torture
拭かない		Do not wipe
拉普兰德		Lapuuande
手でハート		Heart with hands
戦闘員、派遣します!		Combatants will be dispatched!
戦姫絶唱シンフォギア		Senki Zesshou Symphogear
愛撫		Caress
愛して!ほむん		Love me! Homun
悪魔の乳首	nip	Devil's nipples
恩雅		Elegy
性玩具		Sex toys
快楽責め		Pleasure torture
忍冬		Ninfuyu
心海		Shinkai
御坂美琴	©	Misaka Mikoto
後ろ姿	back-	Back view
後ろの存在感		Presence in the back
役小明	©	Yaku Koaki
強制		Forced
床ション		Floor section
年賀		New Year's card
帰忘の流離人		Forgotten exile
差分		Difference
巨大ヒロイン		Giant heroine
巨大クリトリス	clit	Giant clitoris
巨乳首	nip	Big nipples
巨乳/爆乳	tit-	Big breasts/huge breasts
工口		Work opening
川神舞		Kawagami dance
崩坏3		Collapse 3
山田杏奈	©	Anna Yamada
尿道カテーテル		Urethral catheter
尾張(アズールレーン)	©	Owari (Azur Lane)
尻フェチ	ass	Butt fetish
小鳥遊ホシノ	©	Kotoriyu Hoshino
小野塚小町	©	Komachi Onozuka
小新井りあす		Riasu Koai
宵宫	©	Yoi Miyako
安産型		Easy birth type
安城鳴子		Naruko Anjo
宇宙戦艦ヤマト2199		Space Battleship Yamato 2199
宇佐見菫子	©	Sumiko Usami
子宫脱		Chimiya Escape
姫島朱乃	©	Himejima Akeno
姉ヶ崎寧々	©	Anegasaki Nene
如月千早	©	Kisaragi Chihaya
女忍者		Female ninja
女子大生		Female college student
女子ボクシング		Women's boxing
女子		Girls
女天狗		Onna Tengu
失神		Fainting
天馬咲希	©	Saki Tenma
天童アリス	©	Tendo Alice
大鳳		Taiho
大量精液	cum	large amount of semen
大和	©	Yamato
夜蘭		Yoran
夕立(艦隊これくしょん)	©	Yudachi (Kantai Collection)
夏芽みのり	©	Natsume Minori
夏樹みくる	©	Mikuru Natsuki
変身解除		Transformation release
変身シーン		Transformation scene
変態仮面		Hentai Mask
壬生菊千代		Kikuchiyo Mibu
壬生終名		Mibu final name
城戸沙織		Saori Kido
地獄先生ぬ～べ～		Hell Teacher Nube
土方歳三(ドリフターズ)	©	Toshizo Hijikata (Drifters)
四季映姫・ヤマザナドゥ		Shiki Eihime/Yamazanadu
喷尿	uro mouth	Urine saliva
喫煙		Smoking
喉ボコ	throat	Sore throat
咲夜	©	Sakuya
咥え使用済みゴム		Used rubber grip
咥えながら舌出し	tongue	Put out tongue while sucking
和泉紗霧	©	Sagiri Izumi
和泉元エイミ		Eimi Izumimoto
向井拓海	©	Takumi Mukai
名探偵コナン		Detective Conan
古明地こいし		Komeiji Koishi
双頭ディルド		Double-headed dildo
厕所		House
卡提希娅		Kadhi Kiyomi
博麗神社例大祭		Hakurei Shrine Annual Festival
南ことり	©	Kotori Minami
卓上の乳	tit	Tabletop breasts
半裸		Half-naked
半ズボン		Shorts
千手綱手		Tsunade Senju
千咲(鳴潮)	©	Chisaki (Narushio)
千反田える		Eru Chitanda
北米版		North American version
包茎クリトリス	clit	Uncircumcised clitoris
匂いフェチ		Smell fetish
勇儀	©	Yugi
勃起		Erection
助っ人参上!!		Helping carrot top!!
創作男女		Creative men and women
剣奴レイシャ		Swordman Reisha
剣の乙女		Sword Maiden
前髪テール		Bangs tail
前張り		Front upholstery
刑部姫		Gyobuhime
切り傷		Cuts
処女喪失		Loss of virginity
凍京NECRO		Kyokyo NECRO
凌遲		Ling Li
冬コミ		Winter comic
八意の乳	tit	Yai's breasts
全学園彼女		All school girlfriends
入浴		Bathing
先斗寧		Ning Ponto
催眠なんてかからない!!!		No hypnosis!!!
倉持めると		If you can hold a warehouse
例大祭13		Reitaisai 13
例大祭10		Reitaisai 10
何してもいいのよ		You can do whatever you want.
伏臥		Lying prone
伊良知世		Tomoyo Ira
伊吹翼		Tsubasa Ibuki
伊勢		Ise
伊19		Italy 19
仲良く立ちション		Standing together
仙子		Senko
今汐		Imashio
人間灰皿		Human ashtray
人権放棄		Abandonment of human rights
人前おしっこ	uro	Peeing in public
人ってただの筒じゃないですか		Aren't people just tubes?
交尾結合		Mating union
五十鈴	©	Isuzu
云璃	not_solo yuri	Yuri
二次元女体化してやったー		I made it into a two-dimensional female body.
二の腕		Upper arm
亀頭責め		Glans torture
亀頭舐め	tongue	Glans licking
亀甲縛り		Tortoise shell binding
乳首引っ張り	nip	Nipple pulling
乳首コンドーム	nip	Nipple condom
乳首カリカリ	nip	Crispy nipples
乳輪チラ	nip	Areola sneak peek
乳狐	fantasy milk	Milk fox
乳房豊かなポーカーフェイス	tit	Poker face with rich breasts
乳巫女	costume milk	Milk Priestess
乳交	tit	Breast intercourse
乳お燐ズ		Nyuu Rinzu
久田イズナ	©	Izuna Hisada
丸呑み		Swallowing
串刺しファック	ryona insert	Skewer fuck
中野二乃		Nino Nakano
中谷育	©	Iku Nakatani
中学生		Junior high school student
不潔		Unclean
三角型		Triangular shape
三月七		March 7th
一条莉々華	©	Ririka Ichijo
一回～円		One time ~ yen
ヴァニラウェア		Vanillaware
ワルピーチ	©	Wapeach
ワカモ(ブルーアーカイブ)	©	Wakamo (Blue Archive)
ワイルドアームズ		Wild Arms
ローライズ		Low rise
ロート精液	cum	cum in funnel - Semen in funnel
ローゼン	©	Rosen
ロングヘア―		Long hair
ロリコン	loli	Lolicon
ロリおね		Lori One
ロビン	©	Robin
ロケット貧乳	tit	Rocket small breasts
ロケット団		Team Rocket
レーベル(勝利の女神:NIKKE)	©	Label (Goddess of Victory: NIKKE)
レゼ		Reze
レズドム		Lesdom
レオタードアンダーパンツ		Leotard underpants
レインボー・ミカ	©	Rainbow Mika
レイチェル		Rachel
ルリナ(トレーナー)	©	Nessa (Trainer)
ルザミーネ		Lusamine
リーフィア		Leafeon
リーファ		Leafa
リコちゃん	©	Riko-chan
リィン(アークナイツ)	©	Lin (Arknights)
ララ		Lara
ラム(リゼロ)	©	Lum (Re:Zero)
ラビットホール		Rabbit Hole
ラビアピアス	pussy pierc	Labia piercing
ラッキースケベ		Lucky lewd
ラクガキ		Doodles
ラオーラ・パンテーラ		Laora Pantera
ライダースーツ		Rider suit
ライザ		Riser
ユフィ・キサラギ	©	Yuffie Kisaragi
モンスト		Monster Strike
モンスターストライク		Monster Strike
モンスター		Monster
メトロイド		Metroid
メス犬	beast	Female dog
メガネっ娘		Glasses girl
メガテン		Megaten
メイナ		Maina
メイドさん		Maid
メイぱい		Meipai
ミレーユ	©	Mireille
ミイラ		Mummy
マーシャルチャンピオン		Marshall Champion
マント		Cloak
マンコ	pussy	Pussy
マリア・カデンツァヴナ・イヴ		Maria Cadenzavna Eve
ママショタ		Mama Shota
マビノギ		Mabinogi
マドロック(アークナイツ)	©	Madrock (Arknights)
マジカルプリンセス		Magical Princess
マコト=ナナヤ	©	Makoto Nanaya
マコト	©	Makoto
マギサ	©	Magisa
マイリトルポニー	tm	My Little Pony
マイクロミニスカート		Micro mini skirt
ポニテ		Ponytail
ポケ擬		Poke pseudo
ポケスペ	©	Pokéspe
ボルチモア(アズールレーン)	©	Baltimore (Azur Lane)
ボトムレス	open-	Bottomless
ボディーピアス	pierc	Body piercing
ボカロ	©	Vocaloid
ホロ		Holo
ペンギー(グラブル)	©	Pengy (Granblue Fantasy)
ペリーヌ・クロステルマン		Perine Closterman
ペリカ(エンドフィールド)	©	Perica (Endfield)
ペニスギャグ	dick	Penis gag
ペニス	dick	Penis
ペド		Pedo
ペディキュア		Pedicure
ベト子		Betoko
ベゼアズ		Bezeaz
ベアトリクス	©	Beatrix
ヘッドホン		Headphones
プリンス・オブ・ウェールズ		Prince of Wales
プリティーシリーズ		Pretty series
プラナ(ブルーアーカイブ)	©	Prana (Blue Archive)
プラチナ(アークナイツ)	©	Platinum (Arknights)
ブリッド(勝利の女神:NIKKE)	©	Bride (Goddess of Victory: NIKKE)
ブラダマンテ		Bradamante
ブラウンダスト2	tm	Brown Dust 2
ロンググローブ	wear-	Long gloves (Katakana variation)
フタナリ		Futanari
フェイスベール		Face veil
フィアメッタ(アークナイツ)	©	Fiametta (Arknights)
ファンタジスタドール		Fantasista Doll
ファッション		Fashion
ファイナルファンタジーVII	tm	Final Fantasy VII
ファイナルファンタジー14	tm	Final Fantasy 14
ピンク髪ロング		Long pink hair
ピンクパンツ		Pink pants
ビアンカ	©	Bianca
パンヤ		Panya
パンク		Punk
パワー(チェンソーマン)	©	Power (Chainsaw Man)
パプル		Papple
パパ活		Dad life
パイン(ボンバーガール)	©	Pine (Bomber Girl)
パイモン(マギ)	©	Paimon (Magi)
バーバラ	©	Barbara
バーサーかわいい		Birther cute
バイブINパンツに定評のある柚宮MoNo		Yuzumiya MoNo has a reputation for vibe IN pants
ハートキャッチプリキュア		Heartcatch Precure
ハン・ジュリ		Han Juri
ハゲ頭		Bald head
ハイセンス		Hisense
ニーナ	©	Nina
ニトクリス(Fate)	©	Nitocris (Fate)
ニコ・ロビン	©	Nico Robin
ナヒーダ		Naheeda
ドリル責め		Drill torture
ドリクラ		Doricula
ドラフ		Draft
ドキプリ		Dokipuri
トレス素材		Trace material
トリニティセブン		Trinity Seven
デスティニーチャイルド		Destiny Child
デカ尻	ass-	Big butt
デカクリ	clit	Big clitoris
デイジー姫	©	Princess Daisy
テンタクルズ		Tentacles
テニス		Tennis
ティーンのヤルキ!		Teen Yaruki!
チルノ		Cirno
ダーリン・イン・ザ・フランキス		Darling in the Franxx
ダブルギャグ		Double gag
タバコ		Tobacco
タイリクオオカミ(けものフレンズ)	©	Eurasian Wolf (Kemono Friends)
ゾン100		Zon 100
ソープランド		Soapland
ソープ		Soap
ソロモン72柱		72 pillars of Solomon
ソフィア	©	Sofia
ソニック	©	Sonic
ゼロツー		Zero Two
ゼルダ	©	Zelda
ゼノブレイド3		Xenoblade 3
ゼクスファクター		XX Factor
セルフフェラ	mouth dick	Self blow job
セリス		Cerys
セラムン	©	Seramun
スレイヤーズ		Slayers
スリングショット水着	swim expose	Slingshot swimsuit
スポーツブラ		Sports bra
スプラトゥーン2	tm	Splatoon 2
スピカ		Spica
スターオーシャン		Star Ocean
ススーロ(アークナイツ)	©	Sussurro (Arknights)
スカルガールズ		Skullgirls
スイレンママ		Waterlily Mama
ジュビア・ロクサー		Juvia Roxor
ジャージ		Jersey
ジャベリン(アズールレーン)	©	Javelin (Azur Lane)
シー(アークナイツ)	©	Shee (Arknights)
シンフォギア		Symphogear
シンデレラガールズ		Cinderella Girls
シロコ*テラー	©	Shiroko*Terror
ショタ提督		Admiral Shota
シャープペンシル		Mechanical pencil
シャープペン		Mechanical pencil
シスター服		Sister clothes
シオリ・ノヴェラ		Cioli Novella
ザーメンマスク	cum	mask cum - Semen mask
ザーメンブリッジ	cum	cum string - Semen Bridge
ザンニー		Zanny
サークル10周年記念本		Circle 10th Anniversary Book
サンディ・バッシュ		Sandy Bash
サラ(GBD)	©	Sara (GBD)
サフェル		Safel
サスペンダー		Suspenders
コンドーム髪留め		Condom hair clip
コロンビーナ(原神)	©	Columbina (Genshin Impact)
コミックマーケット96	event	Comic Market 96
コスプレイヤー		Cosplayer
コウテイペンギン		Emperor Penguin
コウテイオッパイ	tit	Koutei breasts
ケーブルニット		Cable knit
ケモナー		Kemoner
グレンツェ		Grenze
グレイシア		Glaceon
グラーフ・ツェッペリン(アズールレーン)	©	Graf Zeppelin (Azur Lane)
クールビューティー		Cool Beauty
クレオパトラ(アズールレーン)	©	Cleopatra (Azur Lane)
クレイ(勝利の女神:NIKKE)	©	Clay (Goddess of Victory: NIKKE)
クリスマス限定みんなの彼女		Christmas limited Minna no Kanojo
クリスタル(スターフォックス)	©	Crystal (Star Fox)
クリスタル		Crystal
クラリス	©	Clarice
クラウド		Cloud
ギャル化		Gal status
キルタイムコミュニケーション		Kill time communication
キリン装備		Kirin equipment
キュアブラック		Cure Black
キュアハート		Cure Heart
キャル(プリコネ)	©	Kyaru (Princess Connect)
キャル	©	Cal
キャミィ・ホワイト	©	Cammy White
キスマーク		Hickey
キサキ(ブルーアーカイブ)	©	Kisaki (Blue Archive)
ガスマスク		Gas mask
ガイノイド		Gynoid
カーマ		Karma
カードキャプターさくら	©	Cardcaptor Sakura
カメラさんもうちょっと下		Camera is a little lower
カプレカ		Kapreka
カジノ		Casino
カイニス(Fate)	©	Caenis (Fate)
オープンフィンガーグローブ		Open finger gloves
オークション		Auction
オリジナル作品	oc	Original works
オマンコ	pussy	Pussy
オイルマッサージ		Oil massage
エログロ	guro	Eroguro
エリシア(崩壊3rd)	©	Elysia (Honkai Impact 3rd)
エフイーター(アークナイツ)	©	Eff Eater (Arknights)
エクセル・サーガ		Excel Saga
エクエストリアガールズ		Equestria Girls
ウルトラヒロイン		Ultra Heroine
ウタゲ(アークナイツ)	©	Utage (Arknights)
イヴリン・シェヴァリエ	©	Evelyn Chevalier
インフィニット・ストラトス		Infinite Stratos
イリュージョン		Illusion
イカ腹		Squid belly
アーマーブレイク		Armor Break
アンドロイド	©	Android
アロナ(ブルーアーカイブ)	©	Alona (Blue Archive)
アルトリア・オルタ(ランサー)	©	Artoria Alter (Lancer)
アリーナ		Arena
アリナ・クローバー	©	Alina Clover
アリスソフト		Alice Soft
アリシア	©	Alicia
アリサ・ミハイロヴナ・九条		Alisa Mikhailovna Kujo
アリサ・イリーニチナ・アミエーラ	©	Alyssa Ilinichina Amiella
アメコミ		American comics
アマガミ		Amagami
アビゲイル・ウィリアムズ(Fate)	©	Abigail Williams (Fate)
アニポケ	tm	Pokémon Anime
アナル舐めパイズリ	anal tongue tit	anal licking titjob - anaruname paizuri
アナニー	anal mast	Anal masturbation
アスタロット		Astarot
アサシン		Assassin
アキ・ローゼンタール	©	Aki Rosenthal
アイシャ		Aisha
アイカツスターズ!		Aikatsu Stars!
わんだふるぷりきゅあ!		Wandaful Purikure!
わっふるわっふる		Waffle Waffle
らんま1/		Ranma 1/
らんしゃま		Ranshama
らき☆すた		Lucky Star
もんむす・くえすと!		Monmusu Quest!
めがね		Glasses
みょんちち		Myonchichi
まぼろしパンティ		Illusionary panties
まほあこ		Mahoako
まさかの本人		The real person
ぺこらママ		Pekora Mama
ぷよぷよ	tm	Puyo Puyo
ふたゆり	not_solo yuri	Futayuri
ふた×女		Futa x Woman
びしょ濡れ		soaking wet
ひぐらしのなく頃に		Higurashi no Naku Koro ni
ひかがみ		Hikagami
はえてない		It's not blooming
のじゃロリババア狐さま		Noja Loli Baba Fox
のじゃロリ		Noja loli
ねこむすめ道草日記		Nekomusume Michiso Diary
ぬらりひょんの孫		Nurarihyon's grandson
ぬえ		Nue
つけてない		I haven't put it on
だいしゅきホールド		Daishuki hold
たまも		Tamamo
そばかす		freckles
しりならべ	©	Shirinarabe
さらし	expose	exposed
けつね	ass-	Ass
けしか藍		poppy indigo
ぐだ子		Gudako
お題箱		Theme box
お菊さんが好き過ぎる人		People who like Okiku too much
お菊さん		Okiku-san
お嬢様組曲		Princess suite
お兄ちゃんはおしまい		Big brother is done
お乳さん	tit-	Breasts
おもちゃ		toys
おむつ替え		changing diapers
おっぱいスカート	tit	breast skirt
おっぱいキス	tit	breast kiss
おじさん		uncle
おしゃぶり		Pacifier
おしっこ染み	uro	urine stain
おしっこパーティー	uro	pee party
おいでませ!!自由風俗幻想郷2泊3日の旅		Come on!! A 2-night, 3-day trip to the free entertainment fantasy land
うちのこ		My child
うさ耳		rabbit ears
いばら姫(SPY×FAMILY)	©	Sleeping Beauty (SPY×FAMILY)
あの日見た花の名前を僕達はまだ知らない。		We still don't know the name of the flower we saw that day.
【ソロモンbitch】		[Solomon bitch]
【others】		[others]
yu-gi-oh!		yu-gi-oh!
yelan		yelan
yae_miko	©	yae_miko
tongue	tongue	tongue
thighs		thighs
tentacles		tentacles
stuck		stuck
splatoon2	tm	splatoon2
spanking		spanking
skullgirls	tm	skullgirls
sailormoonredraw		sailormoonredraw
rape		rape
raiden_shogun		raiden_shogun
r18		r18
princess		princess
pixivRain2024		pixivRain2024
peeing	uro	peeing
omorashi	uro	omorashi
nintendo	tm	nintendo
my_little_pony	tm	my_little_pony
muscle		muscle
mlp		mlp
lol		lol
keqing	©	keqing
jk		jk
jessie	©	jessie
jackochallenge		jackochallenge
incest		incest
illusion		illusion
hugebreasts	tit	hugebreasts
holoX		holoX
gaping		gaping
ganyu	©	ganyu
game		game
finalfantasy7	tm	finalfantasy7
female		female
fantasy		fantasy
enya		enya
elf		elf
drinking		drinking
cleavage		cleavage
c86	event	c86
c81	event	c81
c79	event	c79
browndust2	tm	browndust2
bestiality		bestiality
beatmaniaIIDX	tm	beatmaniaIIDX
bbc		bbc
anime		anime
aerith	©	aerith
Yバック		Y back
X-EROS		X-EROS
Wパイズリ	tit dick	double titfuck - W paizuri
Varium		Varium
Varesa		Varesa
Unleashed		Unleashed
Tフロント		T front
TrickOrTreat2024		TrickOrTreat2024
TS		TS
Siege		Siege
Shylily	©	Shylily
SNK	tm	SNK
SHOWBYROCK!!		SHOWBYROCK!!
SFM		SFM
RaidenShogun		RaidenShogun
Public		Public
ProjectSekai	tm	ProjectSekai
Poser		Poser
Pokemon	tm	Pokemon
Pixelart		Pixelart
Patreon		Patreon
P5	tm	P5
Overlord		Overlord
Octane		Octane
NicoleDemara	©	NicoleDemara
Nessa	©	Nessa
Melterna		Melterna
Mei	©	Mei
ME!ME!ME!	tm	ME!ME!ME!
Label		Label
Kuroka		Kuroka
KDA	tm	KDA
Hilda	©	Hilda
HELLSING	tm	HELLSING
GroupSex	not_solo sex	GroupSex
Girl		Girl
Genesis3		Genesis3
GL		GL
GF(仮)		GF (tentative)
G8F		G8F
Futanari		Futanari
Fate/EXTRA-CCC	tm	Fate/EXTRA-CCC
FF7R	tm	FF7R
Es		Es
Equestria_Girls	tm	Equestria_Girls
EQG	tm	EQG
Diesirae		Diesirae
DB	tm	DB
Commission		Commission
ChaosZeroNightmare		ChaosZeroNightmare
CeresFauna		CeresFauna
COM3D2		COM3D2
CLOSERS		CLOSERS
CFNM		CFNM
CFNF		CFNF
C105	event	C105
C102	event	C102
C101	event	C101
Bunnygirl		Bunnygirl
Boxing		Boxing
BW		BW
BSS		BSS
BASTARD!!	tm	BASTARD!!
Ankha	©	Ankha
Android18	©	Android18
Anal	anal insert	Anal
Adjutant	©	Adjutant
AI少女		AI Girl
AI-Generated	ai	AI-Generated
3dcg	not_ai	3DCG
ｵﾘｷｬﾗ		Oricara
함몰유두		Home page
클로저스		Home
카오스제로나이트메어		Chaos Zero Nightmare
스카이림		Sorry to bother you
데차		food
대현자만세		Home
가슴		Breasts
龍崎薫	©	Kaoru Ryuzaki
鼻ピアス	pierc	nose piercing
鼻ザー		nose
黒髪超ロング	hair-	black hair super long
黒髪ポニーテール	hair-	black hair ponytail
黒田那佳	©	Naka Kuroda
黒姫		Kurohime
黒咲芽亜		Mea Kurosaki
黒乳首	nip-	black nipples
ブーツ	wear-	Boots
黒ワンピ		black dress
黒マスク		black mask
黒タイツお漏らし	uro	black tights peeing - kuro taitsu omorashi
黒ストッキング		black stockings
黒は女性を美しく見せる		Black makes women look beautiful
黄金便		golden mail
鹿目まどか		Madoka Kaname
鹿田ココノツ		Shikata Kokonotsu
鷹守ハルカ	©	Haruka Takamori
鳳翔		Hosho
鲨鱼妹		Duck sister
魔法少女リリカルなのは		magical girl lyrical nanoha
魔法剣士アネモネ		magic swordsman anemone
魔法のスターマジカルエミ		Magical Star Magical Emi
魔女狩り		witch hunt
魔女っ子		Witch girl
魔兽世界		Mato world
魅果		Meika
魅杏		Mikyou
鬼谷八荒		Oniya Yaara
鬼方カヨコ	©	Kayoko Onikata
鬼っぱい	tit	Onippai - absurd oni breasts
駿河問い		Suruga question
駅弁		Ekiben
馬嫁		horse bride
馬チンポ		horse cock
馬		horse
香澄夜空	©	Kasumi night sky
飲み物		drinks
飛行場姫		airfield princess
風野灯織	©	Toori Kazeno
風紀を乱す風紀委員		A public morals committee member who disrupts public morals
風倉モエ		Moe Kazekura
顔隠し		face hidden
顔責め		face torture
顔を埋めたい股間		The crotch I want to bury my face in
顔に唾	mouth	spit on the face
頭部破壊		head destruction
音無小鳥	©	Otonashi Kotori
鞭跡		whip scars
静凛		Seirin
青髪ロング	hair-	blue hair long
露天風呂		open-air bath
露出菫子ちゃん	expose	Exposure Sumireko-chan
露出娘	expose	exposed girl
霧矢あおい	©	Aoi Kiriya
霍尔海雅		Huo Yi Hai Ya
電気椅子		electric chair
雷電影		thunder shadow
雲雀(閃乱カグラ)	©	Hibari (Senran Kagura)
雲雀	©	Hibari
雪風		Yukikaze
雌犬		bitch
雌奴隷		female slave
隼鷹		Hayataka
隻狼		lone wolf
随喜自在第三外法快楽天		The Third Foreign Law Pleasure Heaven
陽炎		heat haze
陸震妖姫アラクネ		Rikushin Youhime Arachne
陸奥(艦隊これくしょん)	©	Mutsu (Fleet Collection)
陰キャ		Yinkya
陈千语		Chen thousand languages
陈		Chen
阿良々木火憐	©	Karen Araragi
阿米娅		Amina
間桐桜	©	Sakura Matou
開拓者(スターレイル)	©	Pioneer (Star Rail)
閉じ込め		confinement
长离		long separation
镜流		stream
鏡音リン	©	Kagamine Rin
鏑木ろこ		Kaburagi Roko
銜尾蛇		Tailed snake
銀髪赤眼		silver hair red eyes
鈴鹿御前(サンタ)	©	Suzuka Gozen (Santa)
鈴谷(アズールレーン)	©	Suzuya (Azur Lane)
鈴谷		Suzuya
釣り針		fishing hook
金髪美女		blonde beauty
金装のヴェルメイユ		gold-plated vermeil
金狮		golden goose
野良猫		stray cat
野球部		Baseball club
野球帽		baseball cap
野々原柚花のヒミツのハイシン	©	Nonohara Yuzuka's secret high-shin
野々原柚花	©	Nonohara Yuuka
酔っ払い		drunk
酒場		bar
部分子宮脱		partial uterine prolapse
邵神韵		Shao Shenshao
邪神ちゃんドロップキック		Jashin-chan dropkick
遺作		Posthumous work
違う、そうじゃない		No, that's not it
運動会		Sports day
進撃の巨人	tm	attack on titan
進化版童貞を殺すセーター		Evolution version of the sweater that kills virginity
速水奏	©	Kanade Hayami
通常攻撃が全体攻撃で二回攻撃のお母さんは好きですか?		Do you like the mother whose normal attack is an all-over attack and double attack?
這いよれ!ニャル子さん		Crawl! Nyaruko-san
透視		perspective
逆流茶会		Backflow tea party
逆さ撮り		Upside down shot
逆NTR		Reverse NTR
輪モロ		ring moro
輝夜月		Kaguya Moon
軟便	sca	soft stool
身体測定		body measurements
足組み		legs crossed
足抱え		holding legs
趣スケベマン		Lewd man
超速変形ジャイロゼッター		Super fast transformation gyrosetter
赤羽葉子	©	Yoko Akabane
赤毛		redhead
赤井はあと		Akai is next
赤ビキニ	swim	red bikini
赤ちゃんプレイ		baby play
赤ずきんちゃん		little red riding hood
貫鎖	pierc	piercing chain
貞子	©	Sadako
谷間ネクタイ		cleavage tie
诱惑,捆绑,身体涂鸦,玩具		Seduction, torture, body stimulation, toys
調月リオ(ラバースーツ)	©	Rio Tsukizuki (Rubber Suit)
誕生日		birthday
診察		medical examination
触装天使セリカ		tactile angel celica
触手マスク		tentacle mask
角オナ		Horny Ona
親子丼		Oyakodon
親子		Parent and child
見抜き		See through
見せハイレグパンツ		High leg pants
見せつけ		show off
西連寺春菜	©	Haruna Sairenji
褐色ロリ	loli	brown loli
褐色サキュバスさん		brown succubus
褌作戦		Operation loincloth
褌		loincloth
複乳	tit	compound breasts
裾上げタイツ脱ぎ		Take off hemmed tights
裸靴下		naked socks
裸ワイシャツ		naked shirt
裸レインコート		naked raincoat
裸スクールリボン		naked school ribbon
装甲悪鬼村正		armored demon muramasa
血の繋がった夫婦		blood related couple
蟹股ポージング		Crab crotch pose
蟲惑魔		Insect devil
融国		fusion of countries
蛇姦		snake rape
虹ヶ咲学園スクールアイドル同好会		Nijigasaki Academy School Idol Club
虫責め		Insect torture
虎耳		tiger ears
虎城美耶子	©	Miyako Torajiro
藤田ことね	©	Kotone Fujita
藤崎由愛	©	Yua Fujisaki
藤寿々美	©	Susumi Fuji
藤原妹紅		Fujiwara Imoko
藤丸立香	©	Ritsuka Fujimaru
藍原柚子	©	Yuzu Aihara
薬物中毒		drug addiction
薬師寺さあや	©	Yakushiji Saaya
薬		medicine
蔵土縁紗夢		Kuradoen Sayu
華満らん		Hanamanran
菊地真	©	Makoto Kikuchi
菈烏瑪		Lauma
菈乌玛		Lauma
莫娜		Mo Na
茶髪ロング		long brown hair
茶髪		brown hair
茨華仙		Ibarakasen
茨木童子(Fate)	©	Ibaraki Doji (Fate)
茉莉安	©	Marianne
英雄聯盟		League of Heroes
苦労人魔王オスクロル		Struggling Demon King Oskrol
若林智香		Chika Wakabayashi
花里みのり	©	Minori Hanasato
花菱はるか	©	Haruka Hanabishi
花海咲季		Hanami Saki
花子さん	©	Hanako-san
舌は性器	tongue	tongue is genital
臭い		smell
自尊心粉砕		crushing self-esteem
臀部	ass	buttocks
膝裏コキ	dick	Knee job
腹筋は性器		Abs are genitals
腹ボテ		Belly bloat
腕掴みバック		arm grab back
腋見せ衣装	armpit costume	Armpit-showing costume
腋汗	armpit	armpit sweat
腋巫女	armpit costume	Armpit shrine maiden
腋射	armpit	Armpit shot
脱子宮		prolapsed uterus
脱いだらすごい		It's amazing when you take it off
脚フェチ		foot fetish
脇見せ		Show your armpits
脅迫		blackmail
能代(アズールレーン)	©	Noshiro (Azur Lane)
胸に手		hand on chest
背面騎乗位		Rear cowgirl position
背面合掌縛り		Rear gassho binding
背景		background
肩紐ずらし		shoulder strap shift
肩甲骨		shoulder blade
股間責め		Crotch torture
股布ずらし		Crotch cloth shift
肛交	anal insert	anal intercourse
肉鎧		flesh armor
肉祭		meat festival
肉球手袋		paw gloves
肉ビキニ	swim	flesh bikini
聖闘士星矢		saint seiya
聖職者		clergyman
聖夜艦娘		holy night ship girl
耳舐め	tongue	ear licking
翔鶴(アズールレーン)	©	Shoukaku (Azur Lane)
翔鶴		Shokaku
羽毛笔		Feather sword
義肢		prosthetic limb
美鈴	©	Misuzu
美獣イザベラ		Bijuu Isabella
美樹さやか	©	Sayaka Miki
羊娘		sheep girl
绘画		Complete painting
约尔·布莱尔		Yorl Cair
縦パイズリ	tit dick	horizontal paizuri - horizontal mammary intercourse
縄		rope
緑髪ロング		green hair long
緑肌		green skin
緑川なお	©	Nao Midorikawa
緊縛プレイ	bond	bondage play
綿月豊姫		Toyohime Watazuki
綾瀬もも	©	Momo Ayase
綺々羅々ヴィヴィ		Beautifully Vivi
綱渡り		tightrope walking
続きを全裸待機		Waiting for the continuation naked
絶頂失禁	uro	climax incontinence
絶景		Spectacular view
絶対領域		absolute area
絞首刑		hanging
結城さくな	©	Yuuki Sakuna
経産婦		Multiparous woman
紳士向け		For gentlemen
紳士のアロマテラピー		gentleman's aromatherapy
細川美樹	©	Miki Hosokawa
紫式部(Fate)	©	Murasaki Shikibu (Fate)
素足履き	foot-	bare feet
純狐ママ		pure fox mama
精灵		spirit
粘着拘束		adhesive restraint
箱崎星梨花	©	Rika Hakozaki
箱入り娘		Hakoiri Musume
筑摩		Chikuma
竿握り		Rod grip
立体視		stereoscopic vision
空木		sky tree
秋里夢女子	©	Akisato Yumejoshi
秋津洲		Akitsu Island
福利		welfare
神無月葵	©	Aoi Kannazuki
神楽ちづる	©	Chizuru Kagura
神戸屋		Kobeya
神崎アオイ	©	Aoi Kanzaki
神代類		Gods
祈り		prayer
磯風(艦隊これくしょん)	©	Isokaze (Kantai Collection)
硬乳	tit	hard breasts
砾		Sly
破れた服		torn clothes
砂漠の戦士アサル		desert warrior asal
砂浜		sandy beach
石神のぞみ		Nozomi Ishigami
石抱き		stone hugging
矢澤にこ	©	Nico Yazawa
着衣ぶっかけ		Clothed bukkake
眼镜		eyeglasses
真崎杏子	©	Kyoko Masaki
真夏の行進曲		midsummer march
真咲・ガイヤール	©	Masaki Gaillard
真中のん	©	Non Manaka
相田マナ	©	Mana Aida
目のクマ		dark circles in the eyes
監禁調教		Confinement training
百合手マン	not_solo yuri	Yuri fingering
白黒ジャンヌ		black and white jeanne
白鷺千聖	©	Shirasagi Chisato
白魔道士		white mage
白髮		white hair
白金		platinum
白蛇のナーガ		white snake naga
白目		white of eyes
白水着	swim	white swimsuit
白发		white hat
白レン		white wren
白ニーソ		white stockings
発情期		Estrus period
病みかわ		Sick Kawa
異人種間		interracial
男女女男		man, woman, man
电刑		electric punishment
由良かなで	©	Kanade Yura
田中摩美々	©	Mami Tanaka
生首		severed head
生靴下		raw socks
生体ユニット		biological unit
瑞鶴(アズールレーン)	©	Zuikaku (Azur Lane)
琼明神女录		The Myojin Woman's Tale
琴		Koto
珊瑚宫心海		Coral Shrine Shinkai
珂莱塔		Kairai Pagoda
玛薇卡		Mavika
玉置亜子		Ako Tamaki
玉枝様	©	Mr. Tamae
玉付き		with ball
獣人化	fantasy beast	Beastmanization
猫飯店		cat restaurant
猫耳フード		cat ear hood
猫耳バニー		cat ears bunny
猫星めてお		Cat Star Meteo
猫屋敷まゆ		Nekoyashiki Mayu
猫宮又奈	©	Nekomiya Matana
猟奇		bizarre
狐のお嫁ちゃん		fox bride
狂気		madness
状態変化		state change
犬飼こむぎ	©	Komugi Inukai
犬飼いろは	fantasy	Inu dog Roha
犬食い	beast	dog eating
犬山まな	©	Mana Inuyama
犬子さん		Inuko-san
犬娘	fantasy	dog girl
犬プレイ	pet	dog play
犬ション		Inu version
物品化		Commodification
爽やか		Refreshing
爱丽丝		love love
爆乳美女	tit-	Big breasted beauty
熱血高校ドッジボール部CDサッカー編		Nekketsu High School Dodgeball Club CD Soccer Edition
無題		Untitled
無限のフロンティア		endless frontier
無能なナナ		incompetent nana
烈将ベリル		General Beryl
火あぶり		Burned at the stake
瀧鈴音		Suzune Taki
濡れ髪		wet hair
澪	©	Mio
澄闪		clarity
漏斗		funnel
溺器		drowning device
源さくら		Source Sakura
湊友希那	©	Yukina Minato
温泉灌肠		hot spring bath
渡鸦		Watanabe
混浴		mixed bath
淫液の湖		Lake of lewd liquid
淫乱服		lewd clothes
涼宮ハルヒ	©	Haruhi Suzumiya
海水浴		sea bathing
海妹四葉		Sea Sister Yotsuba
浦風		Urakaze
浦和ハナコ(水着)	swim ©	Urawa Hanako (swimsuit)
浅黄ムツキ	©	Asahi Mutsuki
浅倉透	©	Tooru Asakura
洩矢諏訪子	©	Suwako Moriya
津島善子	©	Yoshiko Tsushima
注乳	tit milk	Breastfeeding
泣く		cry
泣き虫		Crybaby
沖田総司(オルタ)		Souji Okita (Alter)
江風		Efu
汚れ		dirt
汁大量		Lots of juice
汁だく		Juice dripping
永琳		Eirin
氷川日菜	©	Hina Hikawa
水羽ミモリ	©	Mimori Mizuha
水着艦娘	© swim	swimsuit ship girl
水着獅子王	swim	swimsuit lion
水浴び		bathing
民族タトゥー		ethnic tattoo
毛利蘭		Mouri Ran
母親		mother
母性的女体		maternal female body
母子相姦		mother and child incest
母乳が出そうな乳	tit milk	Breasts that are about to produce milk
殭屍		corpse
残念な美人		unfortunate beauty
死滅のセクメト		Sekhmet of death
歯型		tooth pattern
歩き事後		After walking
正座		Seiza
正妻空母		legal wife aircraft carrier
機動戦士GundamGQuuuuuuX		Mobile Suit GundamGQuuuuuuX
模写		Copying
樋口楓		Kaede Higuchi
榨乳	milk	sakura milk
極太脱糞	sca	Extremely thick defecation
極上の肉		finest meat
極上の巨乳	tit	exquisite big breasts
椅子拘束		chair restraint
椅子		chair
森村千尋	©	Chihiro Morimura
梱包少女		packing girl
梁星	©	Liang Xing
桑上カホ	©	Kaho Kuwagami
桐谷遥	©	Haruka Kiritani
桃髪翠眼		Pink hair, green eyes
桃園ミキ	©	Taoyuan Miki
校园		school park
柳生(閃乱カグラ)	©	Yagyuu (Senran Kagura)
柊ナナ	©	Nana Hiiragi
柊かがみ	©	Kagami Hiiragi
林雨霞		Lin Yuxia
松葉崩し		crutch break
松田亜利沙	©	Arisa Matsuda
松浦果南	©	Kanan Matsuura
松原花音	©	Kanon Matsubara
東雲牧江		Makie Shinonome
東條希		Nozomi Tojo
東方革装束		touhou leather costume
東方紐水衣	© swim	Touhou string swimsuit
東方悪堕ち		Touhou evil fall
東方御脚拝		Oriental foot worship
東北ずん子		Tohoku Zunko
束缚		bundle
未来		future
木馬		rocking horse
木之本桜	©	Kinomoto Sakura
朝比奈桃子	©	Momoko Asahina
朝比奈みくる	©	Mikuru Asahina
服従のポーズ		pose of submission
服従		obedience
服の下に水着	swim	swimsuit under clothes
月岡恋鐘		Tsukioka love bell
月夜のお姉さん狼		Older sister wolf in the moonlit night
月城柳		Tsukijoryu
月ノ美兎		Tsukinomito
晒し台		pillory
晒し	expose	exposed
春野サクラ	©	Sakura Haruno
春菜	©	Haruna
星空育代	©	Ikuyo Hoshizora
星熊勇儀	©	Yugi Hoshikuma
星宮いちご		Hoshimiya Ichigo
星井美希	©	Miki Hoshii
星(スターレイル)	©	Hoshi (Star Rail)
明日方舟终末地		Tomorrow the end of the ark
早坂愛		Ai Hayasaka
日野あかね	©	Akane Hino
旗袍		flag robe
新見薫	©	Kaoru Niimi
新条アカネ	©	Akane Shinjo
新年		new year
新刊見本		New book sample
新刊情報		New publication information
斜め後ろハイアングル		Diagonal back high angle
斑鳩	©	Ikaruga
文野環	©	Tamaki Fumino
敷かれたい尻	ass	I want to be laid ass
教会		church
敗北おもらし	uro	defeat peeing
政務官アンナ		parliamentary secretary anna
放置play		idle play
撮影		photograph
援助交際		assisted dating
揉む		rub
揉みしだきたい尻	ass	I want to rub your ass
捆綁		Bound
挿入直前	expose	Immediately before insertion
挟まれたい谷間/魅惑の谷間		The valley you want to be caught in / The enchanting valley
挟まれたい太もも		Thighs that want to be pinched
挑発		provocation
指マン		Fingering
拮抗するアンケート		Antagonizing survey
拭いてない		I haven't wiped it
拉致		abduction
扶桑		Fuso
才羽モモイ	©	Momoi Saiba
手形		bill
手办		Hands on
手パンツ		hand pants
手コキッス	mouth dick	hand job kiss
扇風機		electric fan
戦闘員化		becoming a combatant
戦艦タ級		battleship ta class
戦場ヶ原ひたぎ		Senjogahara Hitagi
我那覇響	©	Hibiki Ganaha
成年向き		For adults
憑依		possession
悠久の車輪		eternal wheel
怯え		frightened
性奴隶		sex slave number
性処理係		sex processing staff
志田佳奈	©	Kana Shida
微乳	tit	small breasts
復讐のいじめ展		revenge bullying exhibition
影絵		shadow puppet
強制飲尿	uro mouth	forced urine drinking
幽々子		Yuyuko
幻獣姫		phantom beast princess
干支娘		zodiac girl
帽子おさえ		Hold your hat
布越し		Through the cloth
布洛妮娅		Bu Luo Eiju
市原仁奈	©	Nina Ichihara
巨根ショタ		big cock shota
巨乳少女は触手に勝てない	tit	Big breasted girl can't win against tentacles
巨乳スカトロ	tit sca	big tits scat
州光		Shukou
島田愛里寿	©	Airi Shimada
山奈ミラ	©	Mira Yamana
山城恋	©	Ren Yamashiro
山城	©	Yamashiro
展示		exhibition
尿道オナニー	expose mast	urethral masturbation
尾張	©	Owari
尾岸マナ	©	Mana Ogishi
尻突き上げ	ass	Butt thrust up
尻ワイパー	ass	butt wiper
少女誘惑中		Seducing a girl
少女☆歌劇レヴュースタァライト		Girl☆Kageki Revue Starlight
小鳥遊六花	©	Rikka Kotoriyu
小早川紗枝	©	Sae Kobayakawa
小川ひかる		Hikaru Ogawa
小原鞠莉	©	Mari Ohara
小便ぶっかけ	uro cum	piss bukkake
射命丸		Shameimaru
封神演義		Hoshin Engi
対魔忍ムラサキ		Taimanin Murasaki
対魔忍パロ		Taimanin Paro
対魔忍サクラ		Taimanin Sakura
対面立位		Standing face to face
寸止め		stop
寫真		Photography
寝技		Newaza
寄生		Parasitic
宮本武蔵(水着)	swim ©	Miyamoto Musashi (swimsuit)
宮本武蔵	©	miyamoto musashi
宮本フレデリカ		Frederica Miyamoto
実験		experiment
安洁莉娜		Rina Anpachi
安心の白		Safe white
安克雷奇		An Ke Lei Qi
守望先锋		Shubo Senpoku
宇沢レイサ	©	Reisa Uzawa
學生		student
子宮姦		Uterine rape
子宮ピアス	pierc	uterus piercing
子宮		uterus
子作り		Having a baby
婦警		policewoman
婊子		Bitch
威尔士亲王		King of Majesty
姫森ルーナ	©	Himemori Luna
姉崎まもり	©	Mamori Anesaki
姉妹夫婦		sister couple
姉妹丼		sisters bowl
妹とご主人さま。		My sister and my husband.
妖精弓手		fairy archer
妖狐		demon fox
妖しく光る眼		Eyes that shine mysteriously
奴隸		Slave
奴隷競売シリーズ		slave auction series
奴隷犬	fantasy sm	slave dog
奴隶		slave
女調理		woman cooking
女装ショタ		crossdressing shota
女縄		woman's rope
女攻め		Woman attack
女性視点		female perspective
女性器		female genitalia
女性協力者		female collaborator
女性優位		female dominance
女幹部		female executive
女天狗(DOA)	©	Nyotengu (DOA)
女体		female body
女ザコ		woman
女の子ドリンクバー		girls drink bar
女の子のおちんちん	dick	girl's penis
奈羅花		Naraka
太股		thighs
太ももコキ	thigh dick	thighjob
天龍		Tenryu
天甜		Tenten
天気の子		Weathering With You
天城(アズールレーン)	©	Amagi (Azur Lane)
天使の笑顔		angel's smile
天乃リリサ	©	Amano Lilitha
天上院明日香	©	Tenjou Asuka
大鯨		big whale
大戦隊ゴーグルファイブ		Daitai Goggle Five
大平原の小さな胸		small chest of the great plains
大場なな	©	Nana Ohba
夢魔		dream demon
夜這い		night crawl
夜兰		Nightman
夜ノ森小紅		Yonomori Kobeni
夕陽リリ		sunset lily
夕立改二		Yuudachi Kaiji
壱百満天原サロメ		Ichihyakuman Tenhara Salome
壁紙		wallpaper
壁乳	milk	wall milk
境界線上のホライゾン		Horizon on the Border
塗ってもいいのよ		You can paint it.
堵嘴		beak
城ヶ崎姉妹		Jogasaki sisters
城ケ崎莉嘉	©	Rika Jogasaki
城ケ崎美嘉	©	Mika Jogasaki (The Idolm@ster Cinderella Girls)
埋め込み		embedded
垂乳	tit	saggy breasts
坎特蕾拉		special buds
场景		Scenery
地雷系女子		landmine girl
地下城与勇士		Underground castle warrior
圧倒的胸囲		Overwhelming chest size
土萌ほたる	©	Tomoe Hotaru
園田智代子	©	Chiyoko Sonoda
国漫		National cartoon
国木田さくら	©	Sakura Kunikida
固定バイブ		fixed vibrator
四宮かぐや		Kaguya Shinomiya
四季映姫		Shiki Eihime
噴乳に定評のあるサチト氏	tit	Mr. Sachito has a reputation for squirting breasts.
器具		utensil
噛み跡		bite marks
喫茶狐狸狐狸		Cafe Kitsune Tanuki Kitsune Tanuki
商業イラスト		commercial illustration
咲	©	Saki
咥え髪留め	mouth	hair clip in mouth
和風		Japanese style
和実ゆい	©	Yui Kazumi
和姦		Japanese rape
和メイド		Japanese maid
吸い付く膣	pussy	vagina that sticks
君影唯	©	Kimikage Yui
吊革少女		hanging leather girl
吉弔八千慧	©	Yoshisuke Yachikei
史尔特尔		history special story
只野ヨシモブ	©	Yoshimobu Tadano
古賀小春	©	Koga Koharu
古見さん	©	Mr. Komi
古明地さとり		Satori Komeiji
口内発射	cum mouth	cum in mouth
口内	mouth	In the mouth
口交	mouth	Oral intercourse
叢雲		Murakumo
双马尾		twin tails
双海真美	©	Mami Futami
双海亜美	©	Ami Futami
原村和	©	Kazu Haramura
卵管		Fallopian tube
卵巣		ovary
即堕		Immediate fall
即入渠		Immediate docking
卡芙卡	©	Kafka
半透明バニー		translucent bunny
千斗いすず		Sento Isuzu
千代田桃	©	Momo Chiyoda
十王星南		Junosei South
十波麻耶	©	Maya Tonami
十字架		cross
十六夜ノノミ(水着)	swim ©	Izayoi Nonomi (swimsuit)
十二神将(グラブル)	©	Twelve Divine Generals (Granblue Fantasy)
北条響	©	Hibiki Hojo
包帯		bandage
動画		Video
動物の仔		animal cub
動物から学ぶポーズマニアックス		Pose Maniacs learning from animals
創作百合		creative lily
剥ぎ取りそうなパンツ		Pants that are about to be ripped off
剣闘士		gladiator
剣崎真琴	©	Makoto Kenzaki
剣の乙女(ゴブリンスレイヤー)	©	Sword Maiden (Goblin Slayer)
剣		sword
剛烈剣マヒル		Strong Sword Mahiru
前面はだけ		Only the front
剃毛		shaved head
刺玫		embroidery
刺殺		Stabbing to death
列克星敦		Atsushi Atsushi
分娩台		Delivery table
刀		sword
処女膜		hymen
写真		photo
再利用		reuse
内射		Introjection
六根清浄		six root purity
公開チクニー		public chikney
八重歯っ娘		double tooth girl
八百万百		8 million hundred
八津紫		Yatsumurasaki
八宮めぐる	©	Meguru Hachinomiya
八坂神奈子	©	Kanako Yasaka
入れ替わり		Replacement
兜合わせ		Helmet matching
兔女郎		Rabbit girl
儒烏風亭らでん		Yūkarasu-tei Raden
僕の心のヤバイやつ		The crazy thing in my heart
僕だけの爆乳オナメイド	tit	My very own big tits ona maid
僕がトイレさ	uro+	I'm the toilet
傷物語		Kizumonogatari
催眠オナニー	sm mast	hypnosis masturbation
偽装拘束		false restraint
偽物語		fake story
健康診断		health checkup
停雲		stationary clouds
偏るアンケート		Biased survey
俺ガイル		I'm Guile
便所掃除	uro toilet	toilet cleaning
依頼絵		commissioned painting
例大祭9		Reitaisai 9
例大祭12		Reitaisai 12
例の紐		example string
作者失踪シリーズ		Author's disappearance series
体内放尿	uro pussy	Internal urination
体内拘束		internal restraint
佐竹美奈子	©	Minako Satake
佐倉杏子	©	Kyoko Sakura
佐々木千枝	©	Chie Sasaki
佐々城		Sasaki Castle
优菈		Honorable mention
伊26(アズールレーン)	©	I-26 (Azur Lane)
任天堂娘		nintendo girl
令嬢		young lady
付け耳		fake ears
人間家具		human furniture
人間♂×ポケモン♀	©	Human Male × Pokémon Female
人造人間18号	©	Android 18
人狼		werewolf
人体改造		human body modification
亜麻音	©	Amane
五十鈴(艦隊これくしょん)	©	Isuzu (Kantai Collection)
二穴責めしたい構図		The composition that I want to torture with two holes
二次創作にオリジナルタグ	oc	Original tags for derivative works
二次創作		derivative work
二年後		two years later
乳首連結	nip	nipple connection
乳首責め騎乗位	nip	Nipple torture cowgirl
乳首拡張	nip	nipple expansion
乳首当てゲーム	nip	nipple guessing game
乳首合わせ	nip	Nipple alignment
乳首リード	nip	nipple lead
乳首ピアス/クリピアス	clit nip pierc	nipple piercing/clit earrings
乳首チェーン	nip	nipple chain
乳頭	nip	nipple
乳輪ピアス	nip pierc	areola piercing
乳絞り	tit milk	breast milking
乳潰し	milk	Milk crushing
乳柱	tit	Breast pillar
乳摇	milk	milk sniper
乳搾り	milk	Milking
乳挟み	tit	Breast pincher
九条裟羅		Kujo Sara
九尾の狐		Nine-tailed fox
乙倉悠貴	©	Yuki Otokura
主従逆転	sm	master-slave reversal
丹花イブキ	©	Tanka Ibuki
中野五月		Satsuki Nakano
中だし		It's inside
両乳吸い	tit	sucking both breasts
丝柯克		Silky
不知火フレア		shiranui flare
不知火		Shiranui
不思議の国のアリス		Alice in Wonderland
下腹部定規		lower abdomen ruler
下着姿		In underwear
下倉メグ		Meg Shimokura
下セカ		lower seca
上目遣い		upward glance
上条ゆり		Yuri Kamijou
上ズレ		Upper shift
三浦あずさ	©	Azusa Miura
三村かな子	©	Kanako Mimura
三日月閑		Crescent Moon Quiet
三好夏凛	©	Karin Miyoshi
三世村正		Muramasa III
七瀬千緒	©	Chio Nanase
七瀬サキ	©	Saki Nanase
七瀬すず菜	©	Nanase Suzuna
七海	©	Nanami
七津星		Seven Stars
七尾百合子		Yuriko Nanao
一般人(アクダマドライブ)	©	Ordinary Person (Akudama Drive)
ヴェルマ・ディンクレー		Velma Dinkley
ヴェプリー		Vepley
ヴィーラ		Villa
ヴィクトリアス(アズールレーン)	©	Victorious (Azur Lane)
ヴィエラ		Viera
ヴァーミル(アークナイツ)	©	Vermeil (Arknights)
ヴァンパイアセイヴァー		vampire savior
ヴァルカン		Vulcan
ヱヴァンゲリヲン新劇場版	tm	Evangelion New Theatrical Version
ヱヴァンゲリヲン	tm	evangelion
ワンワンとニャーの日		Woof Woof and Meow Day
ワンパンマン	tm	one punch man
ロングスカート		long skirt
ロリ巨乳伝	tit loli	loli big breasts story
ロリニティ		lorinity
ロゼッタ	©	rosetta
ロクサーヌ(異世界迷宮でハーレムを)	©	Roxanne (Harem in the Labyrinth of Another World)
ロクサーヌ	©	Roxanne
レン	©	Ren
レミリア・スカーレット	©	Remilia Scarlet
レベッカ(エッジランナーズ)	©	Rebecca (Edge Runners)
レッグバインダー		leg binder
レズセックス	not_solo yuri sex	lesbian sex
レスリング		wrestling
レザー		leather
レオナ・ハイデルン	©	Leona Heidern
レイプ魔		rapist
レイプランド		rape land
ルージュ	©	Rouge
ル・マラン(アズールレーン)	©	Le Malin (Azur Lane)
ルプスレギナ・ベータ		Lupusregina Beta
ルカリオ		Lucario
ルカシリーズ		Luca series
ルカぱい		Luka pie
リーリア(SiNiSistar)	©	Lilia (SiNiSistar)
リーフ(トレーナー)	©	Leaf (Trainer)
リン・ユーシャ(アークナイツ)	©	Lin Yusha (Arknights)
リン(ゼンゼロ)	©	Belle (Zen Zero)
リン		phosphorus
リリカルなのは		Lyrical Nanoha
リリィ(スパイ教室)	©	Lily (Spy Classroom)
リリアン	©	Lillian
リモコンバイブ		remote control vibrator
リブソックス		ribbed socks
リノア	©	Rinoa
リネット(原神)	©	Lynette (Genshin Impact)
リセの蟲惑魔		Lise's Insect Demon
リサ(原神)	©	Lisa (Genshin Impact)
リグル総攻め		Riggle all-out attack
リグル・ナイトバグ		Wriggle Nightbug
ラムレム	©	Ramlem
ラムレザル=ヴァレンタイン	©	Ramlethal Valentine
ラミ	©	Rami
ラブリーマイエンジェルあやせたん	©	Lovely My Angel Ayase-tan
ラブライブ		love live
ラフィン・コフィン	©	Laughing Coffin
ラフ	content	rough
ラピ(勝利の女神:NIKKE)	©	Lapi (Goddess of Victory: NIKKE)
ラッキーホール		lucky hole
ラグナロク		ragnarok
ラウマ		Rauma
ライダー(Fate/staynight)	©	Rider (Fate/stay night)
ライダー	©	rider
ヨーコ・リットナー	©	Yoko Littner
ヨーコ	©	Yoko
ヨーグルト		yogurt
ヨルさんの営み		Yoru's work
ヨル(チェンソーマン)	©	Yor (Chainsaw Man)
ヨハネ		?John
ユルマン		Yurman
ユリ=アスマ	not_solo yuri	Yuri = Asuma
ユリ		lily
ユフィ	©	Yuffie
ユニフォーム		uniform
ユキカゼ・パネトーネ		Yukikaze Panettone
ユウキ	©	Yuuki
ユイ(プリコネ)	©	Yui (Princess Connect)
ヤンこれ		Yang this
ヤリマン		Slut
ヤマト	©	Yamato
ヤバイですね!		That's crazy!
ヤシロ・モモカ		Yashiro Momoka
ヤイア		Yaia
モーモーミルク	milk	Momo milk
モン娘		Mon girl
モニカ・ヴァイスヴィント	©	Monica Weisswind
モココ・アビスガード	©	Mokoko Abyssguard
メルタナ		Meltana
メス堕ち		female fall
メカ		Mecha
メイドインワリオ		made in wario
メイトコ		Mateko
メイデン(勝利の女神:NIKKE)	©	Maiden (Goddess of Victory: NIKKE)
メイク		makeup
メイっぱい	tit	Mei breasts
メアリー(勝利の女神:NIKKE)	©	Mary (Goddess of Victory: NIKKE)
ムーナ・ホシノヴァ	©	Muna Hoshinova
ムサシ	©	Musashi
ミルコ	©	Mirko
ミルクサーバー	milk	milk server
ミュラスの村		Muras village
ミハラ(勝利の女神:NIKKE)	©	Mihara (Goddess of Victory: NIKKE)
ミニスカ		miniskirt
ミヅキ(トレーナー)	©	Mizuki (Trainer)
ミソラ(プリコネ)	©	Misora ​​(Princess Connect)
ミク	©	Miku
ミカサ・アッカーマン	©	mikasa ackerman
ミカサ		Mikasa
マーニャ		Manya
マンモグラフィー	tit	mammography
マンチラ		mantilla
マンスジ		Mansuji
マンガ		manga
マンイーター		man eater
マルタ(Fate)	©	Martha (Fate)
マリン船長		marine captain
マリオ	©	mario
マリィ	©	Marie
マフラー		muffler
マッチョ		macho
マスクギャグ		mask gag
マスカーニャ	©	Mascaña
マジカルエミ		Magical Emi
マコト(プリコネ)	©	Makoto (Princess Connect)
マギサ(グラブル)	©	Magisa (Granblue Fantasy)
ポロリもあるよ		There is also Polori
ポロリ		Porori
ポケモンパフォーマー	©	pokemon performer
ポケモンカード	©	pokemon cards
ポケカ	©	Pokemon card
ボブ		bob
ボディペインティング		body painting
ボテ		both
ホノルル(アズールレーン)	©	Honolulu (Azur Lane)
ペナンス(アークナイツ)	©	Penance (Arknights)
ペチコート		petticoat
ベルファスト		belfast
ベルバスト		bell bust
ベルト		belt
ベルダンディー		belldandy
ベリィ		Berry
ベリアル	©	Belial
ベヒ猫		behi cat
ベイ(勝利の女神:NIKKE)	©	Bey (Goddess of Victory: NIKKE)
ベアトリクス・アメルハウザー	©	beatrix ammelhauser
ベアトリクス(グラブル)	©	Beatrix (Granblue Fantasy)
ヘルム(勝利の女神:NIKKE)	©	Helm (Goddess of Victory: NIKKE)
ヘルテイカー		helltaker
プロの犯行		professional crime
プリンツ・ハインリヒ(アズールレーン)	©	Prinz Heinrich (Azur Lane)
プリンツ・オイゲン(艦隊これくしょん)	©	Prinz Eugen (Kantai Collection)
プリパラ		Pripara
ブレストスムーザー	tit	breast smoother
ブレイブソード×ブレイズソウル		Brave Sword x Blaze Soul
ブレイズ(アークナイツ)	©	Blaze (Arknights)
ブランコ		swing
ブラックサバイバル		black survival
ブラジル水着	swim	brazilian swimwear
ブラサバER		Burasaba ER
ブラサバ		Brasaba
ブラウンダスト	tm	Brown Dust
ブラウス		blouse
フローラ(DQ5)	©	Flora (DQ5)
フレームバインダー		frame binder
フレン・E・ルスタリオ	©	Julen E. Lustario
フレイヤ		Freya
フリー素材		free material
フリーナ(原神)	©	Frina (Genshin Impact)
フリーナ		Freena
フランチェスカ・ルッキーニ		Francesca Lucchini
フェンリル		Fenrir
フェリ(グラブル)	©	Ferry (Granblue Fantasy)
フェラマスク	mouth dick	blow job mask
フェラチオジェスチャー	mouth dick	blowjob gesture
フェイト・テスタロッサ	tm	Fate Testarossa
フェイト	tm	fate
フェイスハガー		face hugger
フェアリー		fairy
フウロ		Fuuro
フウカ(スプラトゥーン)	©	Fuuka (Splatoon)
フィットネスウェア		fitness wear
フィギュア化		Figuring out
フィギュアぶっかけ		figure bukkake
ファンタシースターオンライン2		phantasy star online 2
ファルザン		Farzan
ファイナルファンタジーⅥ	tm	final fantasy Ⅵ
ファイアーエムブレムif	tm	fire emblem if
ピクボイス		pic voice
ピアッシング	pierc	piercing
ビルドファイターズトライ		build fighters try
ビュービュー系		view view system
ビフォーアフター		Before and after
ビビッドカラー		vivid color
ビビアン(ゼンゼロ)	©	Vivian (Zen Zero)
ビビ		Bibi
ビジネススーツ		business suit
ビアンカ(DQ5)	©	Bianca (DQ5)
ヒール		heels
ヒロイン		heroine
ヒルチャール		Hilcharr
ヒトイヌ拘束	pet sm	human dog restraint
ヒアンシー		hianshi
パンティー		panties
パンティ&ストッキング		panties & stockings
パワー		power
パルテナの鏡		Palutena's mirror
パルスィ		Parsi
パシフィック・リム		pacific rim
パイズールレーン	tit dick	paizur lane
バーチャルYoutuber		Virtual Youtuber
バブみ		Bubbly
バニー影狼		bunny shadow wolf
バニファン		banifan
バニスタイン・ファンタジー		Bannistein Fantasy
バナナ		banana
バトルファック	insert	battle fuck
バッチ(アズールレーン)	©	Batch (Azur Lane)
バター犬	beast	Butter dog
バスタード		bastard
バクマン。		Bakuman.
バイセクシャル		bisexual
ハーレイ・クイン		harley quinn
ハーピィ		harpy
ハードスカトロ	sca	hard scat
ハミション		Hamishon
ハトプリ		Hatpuri
ハズレ枠の【状態異常スキル】で最強になった俺がすべてを蹂躙す		I, who became the strongest with the failure frame [Status Abnormal Skill], overruns everything.
ハシビロコウ(けものフレンズ)	©	Shoebill (Kemono Friends)
ハウデン・リーウ		howden lieu
ハイキュー!!		Haikyu!!
ネージュ・ハウゼン	©	Neige Hausen
ネロ・クラウディウス(水着)	swim ©	Nero Claudius (swimsuit)
ネロ・クラウディウス	©	Nero Claudius
ネリッサ・レイヴンクロフト		nerissa ravencroft
ネモ		Nemo
ネトゲの嫁は女の子じゃないと思った?		Did you think the online game bride wasn't a girl?
ネイルカイザー		Nail Kaiser
ニュージャージー(アズールレーン)	©	New Jersey (Azur Lane)
ニュイ・ソシエール		Nuit Sauciere
ニヤニヤ教授		Grinning Professor
ニャル子		Nyaruko
ニトクリス(水着)	swim ©	Nitocris (swimsuit)
ニップルピアス	nip pierc	Nipple Piercing
ニップルストレッチャー	nip	nipple stretcher
ニット		knit
ニコ	©	Nico
ニケ(勝利の女神:NIKKE)	©	Nike (Goddess of Victory: NIKKE)
ニケ		Nike
ニィロウ		Nilow
ナフェ		Nafe
ナターリア(シンデレラガールズ)	©	Natalia (Cinderella Girls)
ナターリア		Natalia
ナズーリン		Nazrin
ナイロール		Nylor
ナイチンゲール(アークナイツ)	©	Nightingale (Arknights)
ナイチンゲール		nightingale
ドーラ(にじさんじSEEDs)	©	Dora (Nijisanji SEEDs)
ドロドロ		Muddy
ドロシー(勝利の女神:NIKKE)	©	Dorothy (Goddess of Victory: NIKKE)
ドレミー・スイート		doremy sweet
ドルフィンウェーブ		dolphin wave
ドラゴンネスト		dragon nest
ドラゴンクエスト6	tm	dragon quest 6
ドラゴンクエスト4	tm	dragon quest 4
ドラクエ11	tm	Dragon Quest 11
ドラクエ10	tm	Dragon Quest 10
ドラえもん		Doraemon
ドヤ顔		Smug Face
ドット		Dot
ドスケベ礼装		Perverted Formal Attire
ドクター(アークナイツ)	©	Doctor (Arknights)
ドイッチュラント(アズールレーン)	©	Deutschland (Azur Lane)
ドすけべペンギン		Perverted Penguin
トナカイ		reindeer
トガヒミコ	©	Himiko Toga
トイレの花子さん	© toilet	Hanako-san of the Toilet
トイレお漏らし	uro toilet	toilet omorashi
デート・ア・ライブ		date a live
デ・ジ・キャラット		Di Gi Carat
デリヘル		Delivery Service
デビルサバイバー		devil survivor
デニムスカート		denim skirt
デニム		denim
デスチャ	tm	Destiny Child
デカァァァァァいッ説明不要!!		It’s so big, no explanation needed!!
デイモン姉妹		damon sisters
ディフェンスに定評のある尻尾		Tail with a reputation for defense
ディズィー	©	Dizzy
テイルス		Tails
ティアマト(Fate)	©	Tiamat (Fate)
ティア		Tia
ツムギ(プリコネ)	©	Tsumugi (Princess Connect)
ツインドリル		twin drill
チリ(トレーナー)	©	Chiri (Trainer)
チョコレート		chocolate
チョコまみれ		Covered in chocolate
チャチャ		Chacha
チャイナレオタード		cheongsam leotard
チェン(アークナイツエンドフィールド)	©	Chen (Arknights Endfield)
チェシャー(アズールレーン)	©	Cheshire (Azur Lane)
チアリーピンク		cheery pink
チアリーダー		cheerleader
ダージリン(GuP)	©	Darjeeling (Girls und Panzer)
ダークギャザリング		dark gathering
ダリフラ		Dalifla
ダブルフェラ	mouth dick	double blowjob
ダブルバイブ		double vibe
ダクネス(このすば)	©	Darkness (Konosuba)
ダクトテープ		duct tape
ダイナマイトボディ		dynamite body
タンツボ		tantsubo
タレ目		Sagging eyes
タコゾネス		tacozones
タコガール		octopus girl
タカミン		Takamine
タイトスカート		tight skirt
タイツおもらし	uro	Tights omorashi
ゾンビランドサガ		zombieland saga
ゾン100〜ゾンビになるまでにしたい100のこと〜		Zon 100 ~ 100 things you want to do before becoming a zombie ~
ソードガールズ		sword girls
ソーサレス(ドラゴンズクラウン)	©	Sorceress (Dragon's Crown)
ソラ(勝利の女神:NIKKE)	©	Sora (Goddess of Victory: NIKKE)
ソニア(ポケモン)	©	Sonia (Pokemon)
ソシエ(グラブル)	©	Socie (Granblue Fantasy)
ゼノブレイド		xenoblade
ゼノビア(Fate)	©	Zenobia (Fate)
ゼノサーガ		xenosaga
ゼタ(グラブル)	©	Zeta (Granblue Fantasy)
ゼシカ・アルバート	©	jessica albert
ゼシカ	©	Jessica
セーラー水着	swim	sailor swimsuit
セーラー戦士	©	sailor warrior
セーラーレオタード		sailor leotard
セーラームーン(キャラクター)	©	Sailor Moon (Character)
セントルイス		st louis
セン(グラブル)	©	Sen (Granblue Fantasy)
セレナ	©	Serena
セレスティン・ルクルス	©	Celestine Lucullus
セルフ調教		self training
セルフおしっこシャワー	uro	self pee shower
セリカ	©	celica
セリィ	©	Celie
セラムン捕らわれシリーズ		Seramun Captured Series
セラス・ヴィクトリア	©	Seras Victoria
セラス・アシュレイン	©	Seras Ashrain
セミヌード		semi-nude
セブンスドラゴン		Seventh Dragon
セニア=ロータス	©	Senia Lotus
セウト		Seuto
スーパーロボット大戦X-Ω	tm	Super Robot Wars X-Ω
スーパーロボット大戦	tm	Super Robot Wars
スルト(アークナイツ)	©	Surtr (Arknights)
スライム娘		slime girl
スライム		slime
スポーツウェア		sportswear
スポブラ		sports bra
スペルマ	cum	Cum
スペインの蜘蛛		spanish spider
スプレンディッド・ギア		splendid gear
スプラトゥーン3	tm	splatoon 3
スパイ		spy
スニーカー		sneakers
スト鉄		strike iron
ストレッチ		stretch
ストパン		stoppan
ステレオグラム		stereogram
スターライトステージ		starlight stage
スタイリッシュ放尿	uro	stylish pissing
スグぱい	tit	Great boobs
スクービー・ドゥー		scooby doo
スカートコキ	dick	skirtjob
スカリフィケーション		scarification
スカトロ配信	sca	scat delivery
スカトロ女教師	sca	scat female teacher
ジータ(グラブル)	©	Zeta (Granblue Fantasy)
ジン・グンヒルド		Jin Gunhild
ジンオウ装備		Jin-oh equipment
ジュンサー		Junther
ジュビア		juvia
ジュエリーアナルプラグ	anal	jewelry anal plug
ジャイロゼッター		Gyrozetter
ジッパー		zipper
ジェーン・ドゥ(ゼンゼロ)	©	Jane Doe (Zen Zero)
シロコ(ブルーアーカイブ)	©	Shiroko (Blue Archive)
シロコ	©	Shiroko
シルエット		silhouette
シリコンチェーンソー		silicon chainsaw
シリアス		serious
ショタおね		Shota one
ショアキーパー		shore keeper
シュヴァルツ(アークナイツ)	©	Schwarz (Arknights)
シャークリー	clit	Shark + Clitoris
シャンプー(らんま1/2)	©	Shampoo (Ranma 1/2)
シャワールーム		shower room
シャワーズ		Vaporeon
シャルロット(原神)	©	Charlotte (Genshin Impact)
シャルロット	©	charlotte
シャミ子		Shamiko
シャドウバース		shadowverse
シャッテ・ジュードヴェステン	©	Chatte Judevesten
シャイニング(アークナイツ)	©	Shining (Arknights)
シニシスタ		Sinisista
シックスナイン		six nine
シズル(プリコネ)	©	Shizuru (Princess Connect)
シスター・クレア		sister claire
シコビロコウ		White-billed Stork
シェフィールド(アズールレーン)	©	Sheffield (Azur Lane)
シア・フラットパディ		shea flat daddy
ザ・ビースト		the beast
サーバルちゃん		Serval-chan
サーナイト		Gardevoir
サレン		Saren
サリア(アークナイツ)	©	Saria (Arknights)
サムライ		samurai
サムス・アラン		samus aran
サナ(トレーナー)	©	Sana (Trainer)
サトシ(アニポケ)	©	Satoshi (Anime Pokemon)
サザレ		Sazare
サザキ・カオルコ	©	Kaoruko Sazaki
サグぱい	tit	Thug boobs
サキュバステードライフ		Succubus Steady Life
サイバーパンク:エッジランナーズ		Cyberpunk: Edge Runners
サイバー		cyber
ゴーグルピンク		goggles pink
ゴム射	cum	rubber cum shot
ゴブリン姦		goblin rape
ゴシック娘		gothic girl
コントーション		contortion
コミックメガストアα		Comic Megastore α
コミックマーケット97	event	comic market 97
コミックマーケット95	event	comic market 95
コミックマーケット		comic market
コミックマグナム		comic magnum
コミックグレープ		comic grape
ココナッツヒツジ		coconut sheep
ケモロリ		Kemorori
ケモスカ		Chemosca
ケモ		Chemo
ケフィア		kefir
グレンラガン		gurren lagann
グレア(神撃のバハムート)	©	Grea (Rage of Bahamut)
グリッドマンユニバース		gridman universe
グラン(グラブル)	©	Gran (Granblue Fantasy)
グム(アークナイツ)	©	Gummy (Arknights)
クールビズ		cool biz
クン二		Kunji
クロッチ		crotch
クロスホルターネック		cross halter neck
クレイジーサイコレズ		crazy psycho colles
クリーム・ザ・ラビット		cream the rabbit
クリリング	clit	Cock leash
クリムゾン		crimson
クリトリスリング	clit	clit ring
クリスマスツリー		christmas tree
クリキャップ	clit	Clit cap
クリ	clit	Chestnut / clit
クラグラ		Kuragra
クラウド・ストライフ		cloud strife
クラウディア・バレンツ	©	Claudia Barents
クムユ		Kumuyu
ギレーヌ・デドルディア		Ghislaine Dedordia
ギリシャ型		greek type
ギャン子		Gyanko
ギャングロード		gang lord
ギャルごはん		Gal meal
ギター		guitar
キングテレサ姫		king teresa princess
キリングバイツ		Killing Bites
キリン		giraffe
キラッとプリ☆チャン		Kiratto Puri☆chan
キューティーハニーF		Cutie Honey F
キュアワンダフル		Cure Wonderful
キュアメロディ		cure melody
キュアミューズ		Cure Muse
キュアフレンディ		Cure Friend
キュアビューティ		Cure beauty
キュアサニー		Cure Sunny
キャバレー		cabaret
キツネ		fox
キック		kick
キアナ・カスラナ	©	Kiana Kaslana
ガールフレンド(仮)	©	Girlfriend (Beta)
ガールズラブ		girls love
ガヴリールドロップアウト		gabriel dropout
ガラスの靴		glass shoes
ガムテ猿轡		gumte gag
ガムテープ		duct tape
カーマ(Fate)	©	Kama (Fate)
カーナ・リナ・シュタール	©	Karna Lina Stahl
カードビルダー		card builder
カレラ(VIPER)	©	Carrera (VIPER)
カルテジア		Cartesia
カリフラ		Caulifla
カリオストロ		Cagliostro
カミラ	©	Camilla
カットジーンズ		cut jeans
カチューシャ		headband
カタリナ・アリゼ		Catalina Alize
カスタムメイド3D2		custom made 3d2
オーバーニー		over knee
オーバーオール		overalls
オーク姦		orc rape
オリガ・ディスコルディア	©	Olga Discordia
オリカ		Orica
オフィス		office
オパラ女王の伝説		Legend of Queen Opara
オナニーの日	mast	masturbation day
オッパイワレメ	tit	Breast crack
オカルトマニア(XY)	©	Hex Maniac (XY)
エード(勝利の女神:NIKKE)	©	Ede (Goddess of Victory: NIKKE)
エード		aid
エーテルゲイザー		ether gazer
エンドフィールド		end field
エンタープライズ(アズールレーン)	©	Enterprise (Azur Lane)
エンジェルブレイド	tm	angel blade
エロ配信		Erotic delivery
エロ自撮り	expose	erotic selfie
エロメイド		erotic maid
エロナース		erotic nurse
エロステータス		erotic status
エルフェルト=ヴァレンタイン		Elphelt Valentine
エルフ(ドラゴンズクラウン)	©	Elf (Dragon's Crown)
エルザ		Elsa
エリーン		Eline
エリシス		Elisis
エリザベート・バートリー		elisabeth bathley
エリみほ		Eri Miho
エメラダ		Emerada
エミー・ローズ		emmy rose
エピス		epis
エステル		ester
エステリーゼ・シデス・ヒュラッセイン		Esterese Sides Hüllassein
エジプト型		egyptian type
エウルア・ローレンス	©	eurua lawrence
エアティ		air tea
ウンチ	sca	poop
ウンコ	sca	poop
ウサギ		rabbit
ウォースパイト		Warspite
ウエディング		wedding
ウエイトレス		waitress
ウィンク		wink
イーブイ		Eevee
イヴリン・シュヴァリエ	©	Evelyn Chevalier
イヴリン・シェパイエ	©	Evelyn Chepayer
イヴォンヌ(エンドフィールド)	©	Yvonne (Endfield)
イヴ(Stellar_Blade)	©	Eve (Stellar Blade)
イヴ		eve
インピオ		Impio
インドミタブル(アズールレーン)	©	Indomitable (Azur Lane)
インクリング		Inkling
イルル		Iruru
イリヤ		Ilya
イラマチオハンドル	throat	deep throat handle
イラスト集		Illustration collection
イドリー		Idly
イチャラブ		Icharab
イシズ・イシュタール	©	Ishizu Ishtar
イキション		Exhaustion
アーリャ	©	Arya
アーリ	©	Ahri
アーニャ		Anya
アーチフェラ	mouth dick	arch blowjob
アーシア・アルジェント	©	Asia Argento
アークザラッド	tm	Arc the Lad
アンヘル(KOF)	©	Angel (KOF)
アンヘル	©	angel
アンダーリム		under rim
アンジュ・カトリーナ	©	ange katrina
アンジェリーナ	©	angelina
アルレッキーノ(原神)	©	Arlecchino (Genshin Impact)
アルレッキーノ		arlecchino
アルベド(オーバーロード)	©	Albedo (Overlord)
アルベド		albedo
アルビノ		albino
アルトリア・オルタ	©	Artoria Alter (Lancer)
アルテラ	©	altera
アリーナ姫		princess arena
アリスギア		alice gear
アリシア(グラブル)	©	Alicia (Granblue Fantasy)
アリサ・サザンクロス		Alisa Southern Cross
アリアンロッド		Arianrhod
アリぱい		Aripai
アラ		Ara
アメリカンスリーブ		american sleeve
アマゾン		amazon
アホ毛		Ahoge
アホの子		idiot child
アベル		abel
アヘ顏		Ahe face
アヌビス		Anubis
アニメ塗り		anime coloring
アニメの		anime
アニマス		Animas
アナーキー・ストッキング		anarchy stockings
アナログ絵	not_ai	analog painting
アナログイラスト	not_ai	analog illustration
アナル責め	anal	anal torture
アナル固め	anal	Anal hardening
アナルディルド	anal toy	anal dildo
アナルゼリー	anal	anal jelly
アナルオナニー	anal mast	anal masturbation
アダルトビデオ		adult videos
アストルフォ	©	Astolfo
アストラ・ヤオ	©	Astra Yao
アコ		Ako
アクア	©	aqua
アウラ(FF14)	©	Aura (FF14)
アイリス(ポケモン)	©	Iris (Pokemon)
アイドル部		Idol club
アイドルマスターDS	tm	idolmaster ds
アイドルマスター2	tm	idol master 2
アイスピック		ice pick
アイシールド21		eye shield 21
アイシ		Aishi
アイカツ		Aikatsu
アイちゃん		Ai-chan
るーみっく		Rumic
よこちち		Yokochichi
よう実		Youmi
ようこそ実力至上主義の教室へ		Welcome to the classroom where ability is paramount
ゆんゆん	©	Yunyun
ゆゆ式		Yuyu style
ゆずソフト		Yuzu Soft
ゆぎぱい		Yugipai
ゆからん		Yukaran
ゆうかぱい		Yuukapai
もんむす・くえすと!ぱらどっくすRPG		Mon Musu Quest! Paradox RPG
ももぷく		Momopuku
もふもふ		Fluffy
めぐみん(このすば)	©	Megumin (Konosuba)
むろみさん	©	Muromi-san
みつば	©	Mitsuba
みつどもえ		Mitsudomoe
みっぱい	tit	Full boobs
みさこ	©	Misako
みおーん絵		Mion picture
まんざらでもない		Not a bad idea
まんぐり		Piledriver
まりあ姉		Maria sister
ぽいぬ		Poinu
ぼっちちゃん	©	Bocchi-chan
ほくろ		Mole
ぺろぺろ	tongue	Licking
べんむす		Benmusu
へそ責め		Navel torture
へそチラ		Navel slip
ぷるんぷるん天国		Purunpurun heaven
ふたプリ		Futapuri
ふたりはプリキュアMaxHeart	tm	Futari wa PreCure MaxHeart
ふたりはプリキュア		The two are precure
ふくれっ面		pout
ひまくりカレンダー		sunflower calendar
ひぐらし		Higurashi
ひぎぃ		Higgy
ぱふぱふ		Pafupafu
ぱすてるメモリーズ		pastel memories
ばくおん!!		Bakuon!!
はめふら		Hamefura
はみ乳	tit milk	breast milk
はみパン		Hami bread
はだかっぱ		Naked raincoat
のせてんのよ		Are you putting it on?
のけぞり絶頂		Reclining climax
ねずみみ		Mouse
ねこ娘		cat girl
にあみぃ	©	Niamii
なにこれ超エロい		What is this so erotic?
なにこれ可愛い		How cute is this?
なにこれかっこいい		What is this cool?
なでなで		Stroke
なちょ猫		nacho cat
とびっこ散歩		Jumping walk
とびっこ		Jumping
つるぺた		Tsurupeta
ちんちんリボン		Chin Chin Ribbon
ちんちん		Chin Chin
ちょんまげ		topknot
ちっぱいズリ	tit	Small tits slip
そしてこのプロフ絵である		And this profile picture
ずらし事後		After the shift
すーぱーぽちゃ子		Super Pochaco
すりみ連合		Surimi Union
すのはら荘の管理人さん		Manager of Sunohara-so
すじチラ		Line flicker
じっくりとマゾ奴隷に仕上げましょう		Let's slowly make it into a masochist slave
しょた		Shota
しょうがないにゃあ		I can't help it
しまぱん		Shimapan
しずかちゃん	©	Shizuka-chan
しぐれうい		Shigureui
さんかれあ		Sankarea
さなえさんこっちです		Sanae-san this is
さきみこ	©	Sakimiko
さいみん!		Saimin!
ご奉仕		service
これはいいふともも		These are nice thighs
こよりすけっち		Koyori Sketch
こまちち		Komachichi
こどものじかん		children's time
こあぱい		Koapai
けしからん女体		outrageous female body
ぐだ鈴		Gudasuzu
ぐだ男		Gudao
ぐだ玉藻		Gudamamo
くびれ		constriction
くぱぁ放尿	uro	Spread legs pissing
きんいろモザイク		Kiniro mosaic
きれい		Beautiful
きょぬーまる		Kyonumaru
きなこ(嫌パン)	©	Kinako (I Hate Bread)
きなこ(リアルタイプ)	©	Kinako (Real Type)
きつね娘		fox girl
がっこうぐらし!		School life!
かわいいお尻	ass	cute ass
かみ★おな		Kami★Ona
かきあげ		Kakiage
お盆の上にアダルトグッズ		Adult goods on the tray
お燐		Phosphorus
お漏らしのアーク	uro	wetting themselves
お尻叩き		spanking
お尻ペンペン	ass	ass pen pen
お嬢様特急		Princess Express
お嬢様学園		Lady's school
お姉チャンバラ		Oneechanbara
おひねり		twist
おねジジ		Onejiji
おにまい		Onii Mai
おにぎり		Onigiri
おなら		fart
おなか		stomach
おっぱまどか		Oppa Madoka
おっぱい注射	tit	breast injection
おっぱいチャレンジ	tit-	boobs challenge
おっぱいの日	tit-	boobs day
おっぱいのついたイケメン	tit	handsome man with boobs
おしっ娘	uro	Pee girl
えろいほんツリーズ		Eroihon Trees
えっちなおっぱい	tit	Naughty breasts
うんちおもらし	uro sca	Peeing poop
うままけ		Good luck
うにゅぱい		Unyupai
うどんげ		Udonge
うっ血		congestion
うちのねこが女の子でかわいい		My cat is a girl and cute
うずまきナルト	©	naruto uzumaki
いとこ		cousin
いっぱい出たね	cum	A lot came out.
いただきっ!セーエキ♥		Itadaki! Seeki♥
いい顔		nice face
いい表情		nice expression
あわ家		Awaya
あわch		Bubble ch
あやね(DOA)	©	Ayane (DOA)
あへ顔		Ahegao
あなるビッチギャルシリーズ		Anaru Bitch Gal Series
あなる	©	Anaru
あずまんが大王	©	Azumanga Daioh
あぐら縛り		cross-legged tied
あくあーと		Aquarium
【pixivスワッピング】		[pixiv swapping]
♀R-18		♀R-18
№38	©	№38
zbrush		zbrush
zani		zani
yuri	not_solo yuri	yuri
yidhari		yidhari
watersports	uro	watersports
wapeachfanart	©	wapeachfanart
vup		vup
vocaloid	©	vocaloid
virt_a_mate		virt_a_mate
vam		vam
v-tuber		v-tuber
usersタグ整理推奨		User tag organization recommended
uroboros		uroboros
underwear		underwear
uncensored		uncensored
twintails		twintails
transfur		transfur
tomboy_slut		tomboy_slut
tifalockhart	©	tifalockhart
tentacle		tentacle
tcg		tcg
swimsuit	swim	swimsuit
streetfighter		streetfighter
splatoon	tm	splatoon
solo		solo
snowbreak		snowbreak
small_breasts	tit	small_breasts
sm		sm
slut		slut
skyrim		skyrim
shotacon		shotacon
shota		shota
shortstack		shortstack
shantae		shantae
shame		shame
selfpiss	uro	selfpiss
sasami_masaki_jurai		sasami_masaki_jurai
salmon88		salmon88
rosa	©	rosa
robin	©	robin
rkgk	content	rkgk
riskyboots	©	riskyboots
pvc		pvc
poop	sca	poop
play		play
pixivSakuraFestival2024	content	pixivSakuraFestival2024
pixivGlowEffect	content	pixivGlowEffect
pissdrinking	uro mouth	pissdrinking
photonlanccer		photonlanccer
oral	mouth	oral
onepiece		onepiece
ohyeeeeeah		ohyeeeeeah
oc	oc	oc
nurse		nurse
nipples	nip	nipples
nipplefuck	nip insert	nipplefuck
nipple	nip	nipple
nemona	©	nemona
monith		monith
momoayase	©	momoayase
misty	©	misty
miko_Art		miko_Art
messy		messy
mei		mei
mari		mari
maimai		maimai
maid		maid
machine		machine
loona		loona
lingerie		lingerie
konosuba		konosuba
knight		knight
kemono		kemono
iono		iono
illustration		illustration
howler		howler
honeyselect	tm	honeyselect
honey_select	tm	honey_select
hairy		hairy
godletter		godletter
glasses		glasses
girlsfrontline	tm	girlsfrontline
giantess		giantess
gaolukchup		gaolukchup
finalfantasy	tm	finalfantasy
ff14	tm	ff14
fern		fern
f/go		f/go
eula		eula
eternal_return		eternal_return
epis		epis
dushiliren		dushiliren
dress		dress
doaxvv	tm	doaxvv
dnf		dnf
digimon		digimon
defeated		defeated
dead_or_alive	tm	dead_or_alive
darkskin		darkskin
darkmagiciangirl	©	darkmagiciangirl
cumdump	cum	cumdump
cumbath	cum	cumbath
cryptidcuties		cryptidcuties
cowgirl		cowgirl
comic1☆6		comic1☆6
cloud		cloud
character		character
cartoon		cartoon
c93	event	c93
c88	event	c88
c87	event	c87
bukkake		bukkake
breasts	tit-	breasts
breast_amputation	tit	breast_amputation
blondehair		blondehair
blackhair		blackhair
bea		bea
azazel		azazel
ayasemomo	©	ayasemomo
ass	ass-	ass
armpits	armpit-	armpits
armpithair	armpit-	armpithair
armpitfocus	armpit-	armpitfocus
armpitfetish	armpit-	armpitfetish
animegirl		animegirl
animal_crossing	tm	animal_crossing
anal	anal	anal
ade		ade
Zentreya	©	Zentreya
Y型の谷間		Y-shaped cleavage
Yunli		Yunli
YorForger		YorForger
YodayoAI		YodayoAI
YURI	not_solo yuri	YURI
YUA		YUA
Widowmaker		Widowmaker
Wapeachmario	©	Wapeachmario
Wapeach	©	Wapeach
Waluigi	©	Waluigi
WORKING!!		WORKING!!
Vulcan		Vulcan
VVV		VVV
VS騎士ラムネ&40FRESH		VS Knight Ramune & 40FRESH
VIPER-GTS		VIPER-GTS
U.N.おっぱい	tit	U.N. boobs
Tシャツ		T-shirt
Taihou		Taihou
TCG		TCG
Sweety	©	Sweety
Stellar_Blade		Stellar_Blade
Snowbreak		Snowbreak
Skirk		Skirk
Silvervale		Silvervale
SiNiSistar2		SiNiSistar2
SiNiSistar		SiNiSistar
Sexyビーチプレミアムリゾート		Sexy Beach Premium Resort
Sereniel		Sereniel
SeeU		SeeU
SWORDGIRLS		SWORDGIRLS
STREETFIGHTER		STREETFIGHTER
SBPR		SBPR
RuanMei		RuanMei
Rita	©	Rita
Renamon	©	Renamon
Rebecca	©	Rebecca
RaoraPanthera		RaoraPanthera
RWBY		RWBY
RPG		RPG
RIP		RIP
RESIDENTEVIL		RESIDENTEVIL
R15	content	R15
QURARE	tm	QURARE
QB		QB
Pulchra		Pulchra
PixelArt	art_style	PixelArt
Painting		Painting
P4		P4
Oバック		O back
OrangeMix		OrangeMix
OVERWATCH	tm	OVERWATCH
OPPAI	tit	OPPAI
Ningguang		Ningguang
Nemona	©	Nemona
Naifu		Naifu
NJXAボディ		NJXA body
MyLittlePony	tm	MyLittlePony
MtUウィルス		MtU virus
Misty	©	Misty
Miqo'te		Miqo'te
Milking	milk	Milking
MikuMikuDance		MikuMikuDance
Mercy	©	Mercy
Marionintendo	©	Marionintendo
Mario	©	Mario
March7th		March7th
MHA		MHA
Luxury_Handle		Luxury_Handle
Lostark		Lostark
Lola_Bunny	©	Lola_Bunny
LoL	tm	LoL
LiLiTH		LiLiTH
Lettanya		Lettanya
Lauma		Lauma
KilllaKill	tm	KilllaKill
Katarina	©	Katarina
Kafka	©	Kafka
KOS-MOS	©	KOS-MOS
Jinhsi		Jinhsi
Jingliu		Jingliu
I字開脚		I-shaped legs
Itsumi		Itsumi
Illustration		Illustration
Illusion		Illusion
HuTao		HuTao
HoshimiMiyabi	©	HoshimiMiyabi
Honoka	©	Honoka
HiiragiUtena	©	HiiragiUtena
Hentai		Hentai
Helluvaboss		Helluvaboss
HatsuneMiku	©	HatsuneMiku
Halloween		Halloween
HUNTER×HUNTER	tm	HUNTER×HUNTER
HUGっと!プリキュア		HUGtto! Precure
HALLOWEEN		HALLOWEEN
Guro	guro	Guro
Grassgard		Grassgard
GoudenLeeuw		GoudenLeeuw
Girlsfrontline	tm	Girlsfrontline
GE		GE
GBF		GBF
G41		G41
G2F		G2F
G28(ドールズフロントライン)	©	G28 (Dolls Frontline)
Firefly		Firefly
Femdom		Femdom
Feixiao		Feixiao
Fate/Requiem盤上遊戯黙示録	tm	Fate/Requiem Board Game Apocalypse
Fate/Requiem	tm	Fate/Requiem
FFT	tm	FFT
FF10	tm	FF10
FEMDOM		FEMDOM
Evelynn	©	Evelynn
Eve		Eve
Evangelion	tm	Evangelion
Eula		Eula
Elesis		Elesis
Egypt		Egypt
Ecchi		Ecchi
EVA	tm	EVA
EUDETENIS		EUDETENIS
DemonSlayer		DemonSlayer
Delia		Delia
Debreasting	tit	Debreasting
DQ6	tm	DQ6
DQ4	tm	DQ4
DOAX	tm	DOAX
DEADOARALIVE	tm	DEADOARALIVE
DARLINGintheFRANXX		DARLINGintheFRANXX
CyberpunkEdgerunners		CyberpunkEdgerunners
CreampieCollege		CreampieCollege
Cipher		Cipher
Chun-Li	©	Chun-Li
ChenQianyu	©	ChenQianyu
Changli	©	Changli
Cartethyia		Cartethyia
Carlotta		Carlotta
COMIC1☆9		COMIC1☆9
COMIC1☆7		COMIC1☆7
COMIC1☆16		COMIC1☆16
COMIC1☆15		COMIC1☆15
C98	event	C98
C106	event	C106
C104	event	C104
Burnice	©	Burnice
Briar		Briar
Bowsette	©	Bowsette
Bondage	bond	Bondage
BlackSurvival		BlackSurvival
Belle	©	Belle
Beheneko		Beheneko
Beautiful		Beautiful
BAN装甲		BAN armor
AスカとAヤナミ		A Ska and A Yanami
Ayaka	©	Ayaka
Ass	ass-	Ass
Animation		Animation
Ani(Grok)	©	Ani(Grok)
Anchorage	©	Anchorage
AldhaRoku		AldhaRoku
Aerith		Aerith
AV女優		AV actress
ASMR		ASMR
6期猫娘		6th generation cat girl
2LDKオナペット可		2LDK Onapet possible
2.5次元の誘惑		2.5 dimensional temptation
10点じゃ足りない		10 points is not enough
(ﾟ∀ﾟ)o彡゜おっぱい!おっぱい!	tit	(ﾟ∀ﾟ)o彡゜Boobs!Boobs!
ﾘﾘﾑ		Lim
ﾓｯﾄﾚﾝｻｲｼｦﾄﾙﾉﾃﾞｽ!		Motto-rensaitotornodesu!
ﾊﾟｽﾞｽﾞ		Pass
ｷﾏｼﾀﾜｰ		Kimashita Tower
후배위		junior position
핑거링		fingering
포켓몬	©	pokemon
트릭컬		trick curl
테티스		Thetis
코미		Comey
젖꼭지	nip	nipple
장리		jangli
자위	mast	masturbating
이세계무역관		Another World Trade Center
이리나		Irina
음란여우		lewd fox
유사근친		Similar close relatives
오네쇼타		Oneshota
에키드나		echidna
에르핀		Erpin
애액		love juice
소울워커		Soul Worker
소나		sonar
세크메트		Sekhmet
세이렌		siren
블루아카이브	©	Blue Archive
버터		butter
바리		bari
미래		future
문신		tattoo
모나		Mona
만취한오박사		Dr. Oh is drunk
럭스		lux
던전앤파이터		Dungeon & Fighter
다크엘븐포레스트레인저		Dark Elven Forest Ranger
나이트		knight
龙舌兰		Lóng shé lán
龙娘		Dragon Girl
龙		Dragon 
龍虎の拳		Art of Fighting
龍田改二		Tatsuta Kai Ni
龍		Dragon
鼻責め		Nose Torture
鼻毛		Nose Hair
鼻射	cum	Ejaculating in the Nose
鼻上被せ猿轡		Gag Covering the Nose
鼻タバコ		Smoking in the Nose
鼻にタバコ		Smoking in the Nose
鼠径部		Groin
黛冬優子		Mayuzumi Fuyuko
黒髪ツインテール		Black Twin Tails
黒髪セミロング		Black Semi-Long Hair
黒騎れい		Kuroki Rei
黒須あろま		Kurosu Aroma
黒雪姫		Kuroyukihime
黒谷ヤマメ		Kurotani Yamame
黒見セリカ		Kuromi Serika
黒衣マト		Kuroi Mato
黒舘ハルナ(体操服)	©	Kurodate Haruna (Gym Uniform)
黒神めだか		Kurokami Medaka
黒白目		Black White Eyes
黒痴女様		Black Slut
黒田官兵衛		Kuroda Kanbei
黒獣2		Black Beast 2
黒澤ルビィ		Kurosawa Ruby
黒水着	swim	Black Swimsuit
黒柳ルリ子		Kuroyanagi Ruriko
黒星紅白		Kuroboshi Kohaku
黒川あかね		Kurokawa Akane
黒岩メダカに私の可愛いが通じない		My Cuteness Doesn't Get Through to Kuroiwa Medaka
黒埼ちとせ		Kurosaki Chitose
黒乳首/長乳首/乳首ピアス/ぶっともも/ガバマン	pussy nip pierc	Dark nipples / Long nipples / Nipple piercings / Thick thighs / Gap pussy
黒パンスト		Black Pantyhose
黒ニーソックス		Black Knee-High Socks
黒ニーソ		Black Knee-Highs
黒チンポ	dick	Black Penis
黒セーラー		Black Sailor
黒サンタ		Black Santa
黒い肌		Black Skin
黒い砂漠		Black Desert
黑裤袜		Black Pantyhose
黑皮		Black Skin
黑塔		Black Tower
黑兽		Black Beast
黑丝袜		Black Stockings
黍		Millet
黄金風呂		Golden Bath
黄色ビキニ	swim	Yellow Bikini
黄肌		Yellow Skin
黄瀬やよい		Kise Yayoi
黄瀬ちはる		Kise Chiharu
黄泉(スターレイル)	©	Yomi (Star Rail)
黄泉		Yomi
麻薬		Drugs
麻生優子		Asou Yuuko
麻宮アテナ		Asamiya Athena
麻乃まの		Asano Mano
麦わら帽子		Straw Hat
麦わらの一味		Straw Hat Pirates
麗王(閃乱カグラ)	©	Reiou (Senran Kagura)
鹿鼎記		The Deer and the Cauldron
鹿野千夏		Kano Chinatsu
鹿島(艦これ)	©	Kashima (Kantai Collection)
鹿娘		Deer Girl
鹿倉胡桃		Shikakura Kurumi
鸦芽乐		Karamega
鷹嶺ルイ		Takamine Rui
鷲見セリナ		Washimi Serina
鷲掴みアーマー		Eagle Grab Armor
鶸村ひより		Hiwamura Hiyori
鶴姫しずか		Tsuruhime Shizuka
鳴瀬しろは		Naruse Shiroha
鳥海(アズールレーン)	©	Choukai (Azur Lane)
鳥海		Toriumi
鰐渕アカリ		Wanibuchi Akari
鮮血(キルラキル)	©	Senketsu (Kill la Kill)
魯蛋		Rudan
魔装学園H×H		Magical Academy HxH
魔術師		Magician
魔胎都市		Demon Womb City
魔神セイバー		Demon God Saber
魔理沙		Marisa
魔王(ステラソラ)	©	Demon King (Stella Sora)
魔獣ネコマタ		Demon Beast Nekomata
魔物の女の子		Monster Girl
魔法晶女エトワリオン		Magical Crystal Girl Etowarion
魔法少女マーテルレア		Magical Girl Materrea
魔法少女ノ魔女裁判		Magical Girl Witch Trial
魔法少女セレスフォニア		Magical Girl Ceresphonia
魔法少女アドレセント・レモン		Magical Girl Adolescent Lemon
魔法少女アドレセント・ピーチ		Magical Girl Adolescent Peach
魔法少女アイ		Magical Girl Ai
魔法少女かずさ		Magical Girl Kazusa
魔法使いの嫁		The Ancient Magus' Bride
魔法使いと黒猫のウィズ		The Wizard and the Black Cat's Wiz
魔法使い		Wizard
魔法のオナホ		Magical Onahole
魔法		Magic
魔弾の王と戦姫		The King of the Magic Bullets and the War Princess
魔弾のレムリア		Lemuria of the Magic Bullet
魔女フィグネリア		Witch Figneria
魔女っ娘		Witch Girl
魔境のサージェント		Sergeant of the Demon Realm
魔兽		Demon Beast
魎呼		Ryouko
魅蘭様		Miran-sama
魅惑地笑		Enchanting Earth Smile
魅惑の高解像度		Enchanting High Resolution
魅惑の脇		Enchanting Armpit
魅惑の尻	ass	Enchanting Butt
鬼龍院皐月		Kiryuuin Satsuki
鬼道三人衆		The Three Demons
鬼滅系女子		Demon Slayer-type Girl
鬼滅のアイドル		Demon Slayer Idol
鬼作		Oni-saku
鬱くしい		Beautiful Depression
髮コキ	hair-	Hair Flicking
髪型チェンジ		Hairstyle Change
高马尾		High Horse Tail
高雄生誕祭2016		Takao Birthday Celebration 2016
高雄姉妹		Takao Sisters
高雄(艦隊これくしょん)	©	Takao (Fleet Collection)
高跟鞋		High Heels
高画質		High Quality
高海千歌		Takami Chika
高橋留美子		Takahashi Rumiko
高手小手		High Hand and Small Hand
高嶺愛花		Takamine Manaka
高山マリア		Takayama Maria
高山ケイト		Takayama Kate
高坂麗奈		Kosaka Reina
高坂海美		Kosaka Umi
高円寺沙由香		Koenji Sayuka
骸骨騎士様不在ルート		Skeleton Knight Absence Route
骸骨騎士様、只今異世界へお出掛け中		Skeleton Knight is currently on a trip to another world
骸骨		Skeleton
骨格		Skeleton
骨		Bone
驚きの白さ		Surprising Whiteness
騎乗位カーテン		Cowgirl Position Curtain
駅		Station
馬車		Carriage
馬尾		Horse Tail
馬姫		Horse Princess
香澄真昼		Kasumi Mahiru
香月ナナ		Kozuki Nana
香山水依		Mizue Kayama
香奈美		Kanami
香坂しぐれ		Kosaka Shigure
香取		Katori
首輪とリード		Collar and leash
首輪とおっぱい	tit	Collar and boobs
首絞めックス		Choking sex
饅頭(アズールレーン)	©	Manjuu (Azur Lane)
餓狼伝説シリーズ		Fatal Fury series
養豚場の豚を見るような目		Looking at pigs in a pig farm
飼育員		Animal caretaker
飼育		Raising
飼われる	pet	Being kept as a pet
飴村キアラ		Chiara Amemura
飲酒		Drinking alcohol
飲ザー	cum	Drinking cum
飲み過ぎ		Drinking too much
飯野水葉		Mizuha Iino
飢餓の悪魔		Devil of hunger
食育		Food education
食物挿入	insert	Food insertion
食器系女子		Girl who uses tableware
食人		Cannibalism
食事しながら排泄		Excreting while eating
食カス		Food scraps
食い込みマン		Inserting man
飛鷹(艦隊これくしょん)	©	Hiyō (Fleet Collection)
飛鷹		Hiyou
飛鳥馬トキ(バニーガール)	©	Toki Asukama (Bunny Girl)
飛鳥馬トキ		Toki Asukauma
飛鳥(閃乱カグラ)	©	Asuka (Senran Kagura)
風雲(艦隊これくしょん)	©	Fūun (Fleet Collection)
風雲		Wind and clouds
風間飛鳥		Asuka Kazama
風車		Windmill
風船陵辱		Balloon humiliation
風紀委員会(ブルーアーカイブ)	©	Disciplinary Committee (Blue Archive)
風紀委員		Disciplinary committee member
風来のシレンGB2砂漠の魔城		Shiren the Wanderer GB2: Desert Castle
風村京子		Kyoko Kazemura
風呂場		Bathroom
風呂ション	uro	Bath urination
風呂あがり		After bath
風俗嬢		Prostitute
顔面破壊		Facial destruction
顔面凌辱		Facial humiliation
顔面パンチ		Face punch
顔芸		Facial acting
顔パンチ		Face punch
顔ズリ		Face rubbing
顔をうずめたい尻		Ass I want to bury my face in
顏射	cum	Facial cumshot
頼光ママ		Yorimitsu Mama
頭鷲掴み		Head grabbed
頭に手		Hand on head
頬染め		Blushing cheeks
預言者現る		A prophet appears
須藤育		Sudo Iku
響木アマネ		Hibiki Amane
響咲リオナ		Hibiki Riona
響レン		Hibiki Ren
響		Hibiki
音楽ツクールかなでーる		Music Maker Kanadeeru
音声サンプル		Voice sample
音ゲー		Rhythm game
鞭責め		Whipping
鞭でしばいてくださいorz		Please whip me orz
鞘合わせ		Sheath clash
革命機ヴァルヴレイヴ		Valvrave the Liberator
静山マシロ		Shizuyama Mashiro
青髪ショート		Short blue hair
青痣		Blue bruise
青木楓		Aoki Kaede
青木れいか		Aoki Reika
青春之箱		Youth Box
青春ブタ野郎シリーズ		Rascal Does Not Dream of Bunny Girl Senpai series
青春ブタ野郎はバニーガール先輩の夢を見ない		Rascal Does Not Dream of Bunny Girl Senpai
青師団高校		Blue Division High School
青山作品		Aoyama's works
青发		Blue hair
青バニー		Blue bunny
青のルピカ		Blue Rupika
青いスカート		Blue skirt
露出女		Exhibitionist woman
露出オナニー	expose mast	Exhibitionist masturbation
霧切響子		Kirigiri Kyouko
霞		Kasumi
霜叶		Shimoha
霍青娥		Kaku Seiga
霊魂潮汐		Reikon Shioshio
霊幻艦船新春夜		Reigen Kansen Shinshunyo
電話ボックス		Telephone booth
電烙鐵		Denrakutetsu
電流		Current
電気ショック		Electric shock
電気あんま		Electric massage
電気		Electricity
電撃ピカチュウ		Dengeki Pikachu
雷電芽衣		Raiden Mei
雷電		Raiden
雷神将军		Raijin Shogun
雷神バアル		Raijin Baal
雷煉		Rairen
零姫		Reihime
雲龍		Kumoryu
雲菫		Kumon Sumire
雲居一輪		Kumoi Ichirin
雲なの		Kumonano
雫(逃げ上手の若君)	©	Shizuku (Nigejou no Wakagimi)
雪風(艦隊これくしょん)	©	Yukikaze (Fleet Collection) )
雪音クリス		Yukine Chris
雪泉(閃乱カグラ)	©	Yumi (Senran Kagura)
雪景色		Snowy landscape
雪山素女		Snowy mountain girl
雪山		Snowy mountain
雪女(虚構推理)	©	Yuki-onna (Kyokou Suiri)
雪女		Snow woman
雪乃宮樹菜		Yukinomiya Juna
雪		Snow
雨衣		Amei
雨海ルカ		Ameumi Luka
難波笑美		Nanba Emi
離島棲鬼		Island Dwelling Demon
離れ乳	tit	Separated Breasts
雛		Chick
雑誌表紙		Magazine Cover
雑にいく		Going Roughly
雌豚幽々子調教録		Female Pig Yuyuko Training Record
雌豚		Female Pig
雌牛		Female Cow
雌シリンダー		Female Cylinder
雅音		Masane
雅夢の白浜		Yamu's Shirahama
隼鷹(艦隊これくしょん)	©	Jun'yō (Fleet Collection)
隣人		Neighbor
隠者		Hermit
隠リン		Hidden Rin
隙パン		Gap Panties
隐德来希		Yindlaiki
階段		Stairs
陸戦型ゲルググ		Ground Type Gelgoog
陸上		Land
陰陽騎士トワコ		Yin-Yang Knight Towako
陰毛/腋毛/受精		Pubic Hair/Armpit Hair/Fertilization
陥没チクビ	nip	Inverted Nipples
阿黑颜		black face
阿賀野型むちむちフェスティバル		Agano-type Plump Festival
阿賀野		Agano
阿良々木月火		Araragi Tsukihi
阿狸		Ayanuki
阿武隈		Abukuma
阿尔托利亚·潘德拉贡		Artoria Pendragon
阴环		Yin Ring
闘技場		Arena
闇の守護者ルカ		Guardian of Darkness Luka
間違った育ち方をした橙		Chen who was raised incorrectly
間桐慎二		Matou Shinji
間宮(艦隊これくしょん)	©	Mamiya (Fleet Collection)
間宮		Mamiya
開腹		Abdomen opening
開胸		Chest opening
開発済み		Developed
開口器具	mouth	Mouth opening device
開口器/ピアス/首輪/飲尿/ぶっかけ	cum uro mouth pierc	Mouth gag / Piercing / Collar / Urine drinking / Cumshot
開口	mouth	Mouth opening
长期素世		Long-term Soyo
长崎爽世		Nagasaki Soyo
長髪化		Long hair transformation
長靴をはいた猫		Puss in Boots
長靴		Boots
長門/山城/島風/雪風/愛宕/天龍		Nagato/Yamashiro/Shimakaze/Yukikaze/Atago/Tenryu
長門(艦隊これくしょん)	©	Nagato (Fleet Collection)
長門		Nagato
長身女性		Tall woman
長良		Nagara
長編		Long story
長波		Long wave
長時間放尿	uro	Prolonged urination
長崎そよ		Nagasaki Soyo
長チン	dick	Long penis
锻炼		Exercise
锐锐		RuiRui
铸铁		Cast Iron
银狼		Silver Wolf
铃兰喵		Lily of the Valley Cat
铃		Bell
铁血工造		Iron-blooded manufacturing
钼铅		Mù qiān
鏡黒		Mirror Black
鏡音レン		Kagamine Len
鏡音リンV4X		Kagamine Rin V4X
鏡流		Mirror Style
鏡の御巫ニニ		Mirror Priestess Nini
鏡に映る女の子		Girl reflected in the mirror
鏡		Mirror
鎧甲		Armor
鎖拘束		Chain restraint
鍵村葉月		Hazuki Kagemura
録画		Recording
錫杖		Staff
鋼鉄少女		Steel Girl
銀魂		Gintama
銀髪ツインテール		Silver-haired twin tails
銀狼(スターレイル)	©	Ginrou (Star Rail)
銀河お嬢様伝説ユナ2		Galaxy Princess Legend Yuna 2
銀杏		Ginkgo
銀創竜かまかま		Ginso Ryu Kamakama
鉄骨		Steel frame
鉄拳7		Tekken 7
鈴鹿御前〔サマバケ〕		Suzuka Gozen [Summer Vacation]
鈴鹿御前(水着)	swim ©	Suzuka Gozen (swimsuit)
鈴鹿御前		Suzuka Gozen
鈴谷(艦隊これくしょん)	©	Suzuya (Fleet Collection)
鈴好きのﾌﾞﾚｴﾄﾞ		Blade of a Bell Lover
鈴仙		Reisen
鈴乃木凜		Rin Suzunoki
鈴乃木凛		Rin Suzunoki
鈴		Bell
釣り		Fishing
釘刺し	pierc	Nail piercing
釘		Nail
金髮		Golden hair
金髪縦ロール		Blonde vertical curls
金髪ボブ		Blonde bob
金髪ギャル		Blonde gal
金色ビキニ	swim	Golden bikini
金瓶梅		Jin Ping Mei
金毛白面九尾		Golden-haired white-faced nine-tailed fox
金森麗子		Kanamori Reiko
金森まりあ		Kanamori Maria
金属拘束		Metal restraint
金太郎		Kintaro
金園優理奈		Kanazono Yurina
金剛阿含		Kongo Agon
金剛(艦隊これくしょん)	©	Kongō (Fleet Collection)
金ビキニ	swim	Gold bikini
野生のラスボスが現れた!		A wild final boss has appeared!
野球		Baseball
野外撮影		Outdoor filming
野外プレイ		Outdoor play
野外オナニー	expose mast	Outdoor masturbation
重騎士プリメラ		Heavy knight Primera
重巡		Heavy cruiser
重乳	tit	Heavy boobs
里中サツキ		Satonaka Satsuki
酢豚		Sweet and sour pork
酒呑童子(キャスター)	©	Shuten-doji (Caster)
配布		Distribution
配信者		Streamer
都市		City
部活女子		Club girl
部屋着		Loungewear
郁田はるき		Haruki Ikuta
邪ンヌ		Jeanne d'Arc
避孕套		Contraceptive Condom
遺物挿入	insert	Artifact Insertion
遠藤サヤ		Saya Endo
遠山りん		Rin Toyama
遠坂葵		Aoi Tohsaka
道着		Martial Arts Uniform
道化師		Jester
道具		Tools
運命シンフォニック		Fate Symphonic
運動部		Sports Club
遊戯王女キャラ		Yu-Gi-Oh! Female Characters
遊戯王ラッシュデュエル		Yu-Gi-Oh! Rush Duel
遊戯王デュエルモンスターズ		Yu-Gi-Oh! Duel Monsters
遊戯王ZEXAL		Yu-Gi-Oh! ZEXAL
遊戯王SEVENS		Yu-Gi-Oh! SEVENS
遊び人		Playboy
遊☆戯☆王		Yu-Gi-Oh!
連装砲ちゃん		Twin-barreled Cannon-chan
連れ子		Stepchild
速やかに出しました		I Released Quickly
透视		X-ray
透視図法		Perspective Projection
透明フェラ	mouth dick	Transparent Fellatio
透け陰毛		See-through pubic hair
透け濡れ		See-through wetness
透け乳	tit	See-through breasts
透けパン		See-through panties
透けシャツ		See-through shirt
透けまくり		Completely see-through
透けてない乳首	nip	Not-see-through nipples
透けすじ		See-through cleavage
逆転裁判		Ace Attorney
逆襲		Counterattack
逆海老縛り		Reverse Shrimp Binding
逆座り		Sitting Upside Down
逆天鲨鱼头		Reverse Shark Head
逆兔女郎		Reverse Bunny Girl
逆ハニートラップ		Reverse Honey Trap
逆さフェラ	mouth dick	Upside Down Fellatio
逆さキス		Upside Down Kiss
逃脱		Escape
逃げ上手の若君		The Young Lord Who's Good at Running Away
迷迭香		Medetiko
迷彩服		Camouflage Suit
迷宮ブラックカンパニー		Labyrinth Black Company
迫真琴		Sako Makoto
迪奥娜		Diona
迦楼羅王		Garuda King
连体丝袜		Pantyhose
远牙		Distal teeth
近衛隊長エリナ		Imperial Guard Captain Erina
近江彼方生誕祭2020		Konoe Kanata Birthday Celebration 2020
运动		sports
迎え舌	tongue	Welcoming Tongue
辰年		Year of the Dragon
轮廓		contour
輪換		Rinne
輪廻のラグランジェ		Lagrange: The Flower of Rinne
輝くプリズム_キミに夢中!		Shining Prism_I'm Crazy About You!
輝きの向こう側へ!		Beyond the Radiance!
軽巡どころか従順		Not just a light cruiser, but obedient
転生王女と天才令嬢の魔法革命		The Reincarnated Princess and the Genius Young Lady's Magical Revolution
転生したらスライムだった件		That Time I Got Reincarnated as a Slime
転スラ		That Time I Got Reincarnated as a Slime
軟体		Flexibility
軍艦娘		Battleship girl
車止め		War stopper
車内		Inside of car
車		Car
身体改造		Body modification
蹂躙		Violation
踩奶	milk	kneading milk
踏んでください		Please step on me
踏み潰してください		Please trample me
踊り子の服		Dancer's outfit
跳蛋		Victim
距離感		Sense of distance
足蹴		Kick
足跡		Footprints
足裹		Footwear
足臭		Foot odor
足の指		Toes
足くぱぁ		Spread feet
超高校級のおっぱい	tit	Super high school level boobs
超絶放置の主人公		Super neglected protagonist
超爆乳忍者未来		Super busty ninja Mirai
超次元ゲイムネプテューヌmk2		Hyperdimension Neptunia mk2
超次元ゲイムネプテューヌ		Hyperdimension Neptunia
超根		Super root
超昴閃忍ハルカ		Super-powered flashing ninja Haruka
超昴大戦		Super-powered war
超昂閃忍ハルカ		Super-powered flashing ninja Haruka
超昂天使エスカレイヤー		Super-powered angel Escalayer
超昂大戦		Super-powered war
超弩級おっぱい	tit	Super-dreadnought boobs
超人高校生たちは異世界でも余裕で生き抜くようです!		Superhuman high school students seem to be able to survive easily even in another world!
赤鼻追加希望		Red nose added (request)
赤髪ポニーテール		Red ponytail
赤髪ツインテール		Red twin tails
赤肌		Red skin
赤城乳業		Akagi Dairy
赤城(艦隊これくしょん)	©	Akagi (Fleet Collection)
赤城(アズールレーン)	©	Akagi (Azur Lane)
赤咲みいな		Akasaki Miina
赤名累		Akana Rui
赤セイバー		Red Saber
赤ずきんチャチャ		Red Riding Hood Chacha
赤い衣装		Red outfit
赤い少女		Red girl
赤い下着		Red underwear
赛尔号		Sairugo
败北		Defeat
贝蕾亚		Belleia
賽蓮		Sairen
賭ケグルイ		Kakegurui
質感に定評のあるマナ		Mana, known for its high-quality texture
賢者タイム		Post-coital clarity
賀陽燐羽		Kayou Rinha
買い物		Shopping
貴重な無角娘		Precious hornless girl
貴族転生〜恵まれた生まれから最強の力を得る〜		Noble reincarnation ~Gaining the strongest power from a privileged birth~
貴族		Nobleman
責絵		Torture picture
貧乳はステータス	tit	Small breasts are a status symbol
負子		Bad child
負傷		Injury
貞操観念		Concept of chastity
貞操具		Chastity device
貞操		Chastity
貓		cat
豹柄ビキニ	swim	Leopard Print Bikini
豹柄		Leopard Print
豹娘		Leopard Girl
豪放ってレベルじゃねーぞ		That's beyond bold
豚印		Pig Mark
豚		Pig
豊穣沙都子		Hojo Satoko
豊満		Voluptuous
豆まき		Bean Scattering
谷風		Tanikaze
谷間酒		Valley Sake
谷川柚子		Tanikawa Yuzu
谷		Tani
警察官		Police officer
警官		Police officer
謹んでない乳	tit	Unreserved breasts
謎の集中線		Mysterious speed lines
謎の疾走感		Mysterious sense of speed
諸手上げ縛り		Both hands tied up
調理		Cooking
調教済みクラスメイト		Trained classmate
読子・リードマン		Yomiko Readman
誤認		Misidentification
誘惑ポーズ		Seductive pose
誘宵美九		Yuyoi Miku
誘い受け		Seductive receiver
誕生日絵		Birthday picture
詰み		Checkmate
詩音=エイヴァロン		Shion Eivalon
設定画		Setting drawing
訓練されたコメント欄		Trained comment section
討魔戦姫セシリア		Demon-slaying war princess Cecilia
言葉責め		Verbal abuse
言い出しっぺの法則		The law of the one who suggests it
言い値で買おう		I'll buy it at the asking price
言いだしっぺの法則		The law of the one who suggests it
触手髪		Tentacle hair
触手貫通	insert	Tentacle penetration
触手空間		Tentacle space
触手椅子		Tentacle chair
触手根		Tentacle root
触手ブラシ		Tentacle brush
触手スーツ		Tentacle suit
触手は一般性癖		Tentacles are a common fetish
触手には勝てなかったよっ!		I couldn't beat the tentacles!
解体		Dismantling
角楯カリン(バニーガール)	©	Karin Tsunodate (Bunny Girl)
角材ぶち込み		Inserting a wooden beam
角オナニー	mast	Horn masturbation
角っ子		Horn girl
角		Horn
観音菩薩		Kannon Bodhisattva
覚醒めたデミトリ		Awakened Demitri
覗き		Peeping
視姦		Voyeurism
見習		Apprentice
見下し		Looking down
見れるなら見たいところこそ見えていない		If you can see it, the part you want to see is not visible
見せてやんねー(・∀・)		I won't show you (・∀・)
見えそう		Looks like you can see it
西行寺		Saigyouji Ayumi Nishizawa
西沢歩		Tami Nishimikado
西御門多美		Chigusa Nishizono
西園チグサ		Shiho Nishizumi
西住しほ		Sash bra
襷ブラ		Socks
襪	nip pierc	Tanning/Becoming a dark-skinned gal/Blonde hair/Smoking/Nipple ring piercings/Graffiti on body
褐色化/黒ギャル化/金髪化/喫煙/乳首リングピアス/体に落書		Tan-skinned gal
褐色ギャル	not_solo sex sm	Multiple gang rapes
複数輪姦		Multiple
複数		Hem gathered
裾絞り		Hem tied
裾結び		Drafting
製図		Production process
製作過程		Naked hakama
裸袴		Naked calligraphy
裸書初め		Nudity tribe
裸族		Naked gloves
裸手袋		Nude woman
裸婦		Naked suspension
裸吊り		Naked rider suit
裸ライダースーツ		Naked scarf
裸マフラー		Naked belt
裸ベルト		Naked towel
裸タオル		Naked skirt
裸スカート		Naked jersey
裸ジャージ		Naked shirt
裸シャツ		Naked apron Pants through pantyhose
裸エプロン/パンスト越しのパンツ		Naked and weapons
裸と武器		Naked kotatsu
裸こたつ		Inner thighs
裏腿		Underground cultural festival
裏文化祭	tit anal ass	Inner boobs/Butt god/Shiny/Tattoo/Jewelry anal plug
裏乳/尻神様/つやつや/タトゥー/ジュエリーアナルプラグ		Hakama
袴		Abuse
被虐		Bound person dominance
被縛者優位		Socks-blocked hole
袜子塞小穴		Worth buying just for the cover!!
表紙だけでも買う価値あり!!		Freedom of expression
表現の自由		Expression Kasuko (pfy)
表情カス子(pfy様)		Expression Kasuko (pfy-sama)
衣装交換		Shocking ending
衝撃のラスト		Street boss
街霸		Machio Naruzo
街雄鳴造		Sorcerer
術士		Spell
術		Chopsticks
行箸		In full view of the crowd
衆人環視		Blood decree Texas (Arkna) Itsu)
血管		Platelet (Cells at Work!)
血掟テキサス(アークナイツ)	©	Blood Code Texas (Arknights)
血小板(はたらく細胞)		Platelet (Cells at Work!)
蟲奸		Candle Torture
融合		Bee Girl
蝋燭責め		Moth
蜂娘		Octopus and Diver
蛾		Tsuyu Asui
蛸と海女		Echidna, the Serpent's Beauty
蛙吹梅雨		Snake Wife (Fate)
蛇艶大公エキドナ		Yumeko Hebami
蛇女房(Fate)	©	Snake Wife (Fate)
蛇喰夢子		Yu Meiren (Fate)
虫取り		Captive Melody
虞美人(Fate)	©	Yu Meiren (Fate)
虜ノ旋律		Tiger Golden Princess Laughing Tiger
虚研社		Tiger Tsū Online
虎金妃笑虎		Tiger Stripe
虎通OnLine		Tiger Pattern
虎縞	swim	Tiger Bikini
虎柄	loli	Loli
虎ビキニ		Ran-neechan
蘿莉		Yuki Fujisawa
蘭ねーちゃん		Taiga Fujimura
藤澤勇希		Yukino Fujimoto
藤村大河		Toyomi Fujiwara
藤本幸乃		Moeha Fujiwara
藤原豊実		Mei Aihara
藤原萌葉		Medicine Master Emma
藍原芽衣		The Apothecary Diaries
薬師エマ		The Apothecary
薬屋のひとりごと		Nakiri Erina
薬屋		Rose
薙切えりな		Vitamin Vita
薔薇		Vitamin Vita
薇蒂雅·香农		Thinning Fabric
薇蒂雅		Leim
薄くなる布地		Leisi
蕾姆		Leiqiao Leaf
蕾丝		Houraisan Kaguya / Yagokoro Eirin
蕾丘はっぱ		Blue Poison
蓬莱山輝夜・八意永琳		Luminous
蓝毒		Azure Dragon
蓄光		Aoki Kurenai
蒼龍		Aomori Mine
蒼樹紅		Mask
蒼森ミネ		Ashizuki Iori
蒙面		Dong Bai
葦月伊織		Katsushika Oui
董白		Katsushika Hokusai (Fate)
葛飾応為		Katsuragi Misato
葛飾北斎(Fate)	©	Katsushika Hokusai (Fate)
葛城ミサト		Hazuki Izuna
葛城		Chivalry of a Failed Knight
葉月いずな		What was a doodle again?
落第騎士の英雄譚		It was okay to fail
落描きってなんだっけ		Salle Fenny
落ちてもよかった		Xiao Xun'er
萨勒芬妮		Moegi Emo
萧薰儿		Moehime Universe
萌黄えも		Moe Sleeves
萌姫ユニバース		Moe! Yokai Encyclopedia
萌え袖		Moe! Backfire!!!
萌える!妖怪事典		Moe
萌え!のバックファイアー!!!		Suika
萌		Feibi
萃香		Hishinawa
菲比		Kaho (Azur Lane)
菱縄		Kasen
華甲(アズールレーン)	©	Kaho (Azur Lane)
華扇		Author with a good reputation for Kikuchi Makoto
菓彩あまね		Sugao Asuka
菊地真に定評のある作者		Lay
菅生あすか		Monika
莱伊		Lily
莫妮卡		Limu
莉莉丝		Arato Nagi
莉姆		Raging Background Mob
荒砥凪		Strawberry 100%
荒ぶる背景モブ		Grass God
草莓100%		Brown-haired Twin Tails
草神		Julie
茶髪ツインテール		Ibaraki Kasen
茱莉		Hero King, Martial Arts Reincarnated to Master Something
茨歌仙		English Teacher Keiko
英雄王、武を極めるため転生す		The Suffering Pear
英語教師・景子		Wakaba Hinata
苦悩の梨		Wakasa Yuri
若葉ヒナタ		Wakaba Mutsumi
若狭悠里		Young Majorina
若叶睦		Serizawa Rin
若いマジョリーナ		Serizawa Asahi
芹沢りん		Flower Knight
芹沢あさひ		Flower Train
花騎士		Fireworks
花電車		Hanami Yume
花火		Hanazono Yurine
花海佑芽		Hanasaki Tsubomi
花園ゆりね		Hanakyoin Chieri
花咲つぼみ		A 117-Year-Old Woman Who Makes Even Flowers Blush
花京院ちえり		Flowers and Girls
花も恥らう117歳		Flowers
花と女の子		Babala
花		Ashido Mina
芭芭拉		Fuwa Kokone
芦戸三奈		Furolan (Cloud Project)
芙羽ここね		Ereshkigal
芙洛伦(云图计划)	©	Furon (Cloud Illustrated Plan)
艾蕾什基伽尔		Eer's Light
艾莲		Ebo
艾爾之光		Eer's Light
艾波		Aibo
艾尔之光		Erzhi Guang
艶武		Yanbu
色違い陰毛		Different colored pubic hair
色違い		Different color
色仕掛け		Seduction
良妻		Good wife
良い表情		Good expression
良い肉の日		Good meat day
良いアングル		Good angle
艦長(カオゼロ)	©	Captain (Kaozero)
艦船擬人化		Warship personification
艦娘ロック(保護)機能		Kancolle Lock (Protection) Function
艦ぱい/乳風	nip	Kanpai/Nipple style
艦こレーン		Kancolle lane
艦これかわいい		Kancolle is cute
舞と春麗どっちがエロいでショー		Who is sexier, Mai or Chun-Li?
舘涼子		Tate Ryoko
舐め回したい胸	tit tongue	Breasts I want to lick all over
舐める	tongue	Licking
舐めてます	tongue	Licking
舌責め	tongue	Tongue torture
舌見せ	tongue	Showing tongue
舌裏	tongue	Underside of tongue
舌舐めずり	tongue	Licking tongue
舌切れそう	tongue	Looks like my tongue is going to break Uh
舌分身	tongue	Tongue clone
舌上射精	cum tongue	Ejaculation on the tongue
臼沢塞		Ususawa Sai
至高の乳	tit	Supreme breasts
至高のゆからん		Supreme Yukaran
臭がる		Smelly
自転車		Bicycle
自衛隊彼の地にて、斯く戦えり		Thus the Self-Defense Forces fought in that land
自衛艦これ		JSDF Kantai Collection
自虐露出	ryona expose	Self-destructive exposure
自舐めオナニー	tongue mast	Self-licking masturbation
自縛	bond	Self-bondage
自称初キョンキョン兄貴		Self-proclaimed first Kyonkyon bro
自爆放尿	uro	Self urination
自然排便	sca	natural defecation - shizen haiben
自然		Nature
自己破壊	ryona	Self-destruction
自分姦	mast	Self-sex
自傷	ryona	Self-injury
自作lora		Homemade Lora
臍		Navel
膨尻	ass	Swelled buttocks
膨体		Swelled body
膨らみかけ		Beginning to swell
膨らみ		Swelling
膣脱糞	pussy sca	vaginal defecation
膣内排尿	pussy uro	Vaginal urination
膣	pussy	Vagina
膝立ち		Kneeling
膝枕幸せサンドイッチ		Kneeling pillow happy sandwich
腹掛け		Belly wrap
腹		Belly
腰高位		High waist position
腰骨		Hip bone
腰蓑		Grass loincloth
腰トントン		Waist tapping
腰スジ		Waist veins
腰に手		Hands on waist
腟内放尿	pussy uro	Vaginal urination
腕輪		Bracelet
腕組		Arms crossed
腕なし		Armless
腐界に眠る王女のアバドーン		Abaddon, the princess sleeping in the realm of decay
腋乳	tit	Armpit boob
腋下		Armpit
腋を強調する		Emphasizing the armpit
腋は性器		Armpit is a genital
腋こちょ		Armpit tickling
脳内住人		Inhabitant of the brain
脱衣		Undressing
脱腸		Hernia
脱ぎたてパンティ		Freshly removed panties
脇シール		Armpit sticker
脇みせ		Showing the armpit
胸開きタートルネック		Open-chest turtleneck
胸責め	tit	Breast torture
胸舐め	tit tongue	Breast licking
胸縛り	tit	Breast binding
胸ポッチ	nip	Nipple
胸ベルト	tit	Breast belt
胸スリット	tit	Breast slit
胸キュン刑事		Heart-pounding detective
胸をつかむ	tit	Grabbing the breasts
胸にマーク	tit	Mark on the breasts
胸きつ丸		Tight chest Round
胸が大鯨		A giant whale's chest
胡桃沢=サタニキア=マクドウェル		Kurumizawa=Satanichia=McDowell
胡桃		Walnut
背面合掌		Praying hands behind back
背面		Back
背筋		Back muscles
背反の癒し手ユーノ		Yuno, the rebellious healer
肥臀	ass	Fatty buttocks
肥満化		Obesity
股间		Crotch
股間の波動砲エネルギー充填120%		Crotch wave cannon energy charging 120%
股ドン		Crotch slam
肝試し		Test of courage
肛门	anal	Anal
肛虐	anal	Anal abuse
肛	anal	Anal
肖像画		Portrait
肉食系女子		Carnivorous woman
肉花瓶		Flesh vase
肉空間		Flesh space
肉球		Paw pads
肉林姦学校	not_solo sex	Flesh orgy school
肉床		Flesh floor
肉布団		Flesh futon
肉尿瓶	uro	Flesh urinal
肉便器/身体に落書き/便女	uro bodymark-	Human toilet / Graffiti on body / Toilet woman
肉便器/便女/落書き	uro bodymark-	Meat toilet / Toilet woman / Graffiti
肉まん		Flesh bun
肉の盾		Flesh shield
肉々しい		Fleshly
職場用壁紙		Workplace wallpaper
聖徳太乳	tit	Shotoku's big boobs
聖伝		Sacred legend
聖シャルロッテ(v-mag)	©	Saint Charlotte (v-mag)
耳姦		Ear Rape
老人		Old Man
翼		Wings
翠眼		Green Eyes
翠星のガルガンティア		Gargantia on the Verdurous Planet
羽鳥智世		Hatori Tomoyo
羽衣		Hagoromo
羽前京香		Uzen Kyoka
義父		Stepfather
義手		Prosthetic Arm
義姉		Stepsister
群交	not_solo sex	Group Sex
羞辱		Humiliation
羞恥露出散歩シリーズ		Shameful Exposure Walk Series
羞恥心		Sense of Shame
美遊		Miyu
美綴綾子		Mitsuzuri Ayako
美童巫女		Beautiful Young Shrine Maiden
美甘ネル(バニーガール)	©	Mikami Neru (Bunny Girl)
美甘ネル		Mikami Neru
美獣		Beautiful Beast
美月もも		Mizuki Momo
美憂		Miyu
美尻	ass	Beautiful Buttocks
美少年		Beautiful Boy
美少女文庫		Bishoujo Bunko
美少女戦士		Pretty Warrior
美女と骸骨		Beauty and the Skeleton
美女と野獣		Beauty and the Beast
美女と竜		Beauty and Dragon
美味しいから大丈夫だよ		It's delicious, so it's okay
美人だけど変態		Beautiful but perverted
羊耳		Sheep ears
羅天		Luo Tian
置き去りディルド		Abandoned dildo
罪の破片(Debris)	©	Fragments of Sin (Debris)
罗莎莉亚		Rosalia
缪尔赛斯		Mulsace
维斯卡Visca		Visca
维娜		Visna
绳缚	bond	Rope bondage
绫波レイ		Ayanami Rei
终末地		The End
练習少女のヌード		Nude of a practicing girl
线条		Line
纳西妲		Nashida
约稿		Draft
红晓音Akane		Akane
红晓音		Akane
红云		Red cloud
織田信長(Fate)	©	Oda Nobunaga (Fate)
織田信長		Oda Nobunaga
繁殖行為		Reproductive act
縦ロール		Vertical curls
縞ブラ		Striped bra
縛りプレイ	bond	Bondage play
縛られた		Tied up
縄跳び		Jump rope
縄縛り	bond	Rope bondage
縁側		Veranda
練習巡洋艦		Training cruiser
練習		Training
練白瑛		Hakuei Ren
線画		Line drawing
緒山まひろ		Mahiro Oyama
緑髪ボブ		Green bob haircut
緑川ゆず		Yuzu Midorikawa
緋田美琴/斑鳩ルカ/樋口円香		Mikoto Hida/Luka Ikaruga/Madoka Higuchi
緊縛露出	bond	Bondage exposure
緊縛着衣	bond	Bondage clothing
緊縛拘束	bond	Bondage restraint
綾里真宵		Mayoi Ayasato
綾里春美		Harumi Ayasato
綾里千尋		Chihiro Ayasato
綾波(アズールレーン)	©	Ayanami (Azur Lane)
綾小路清隆		Kiyotaka Ayanokoji
綺麗な精液	cum	beautiful semen - kireina seieki
綺良々		Kirara
網ボディタイツ		Fishnet body tights
継続は力なり		Persistence is power
絶頂管理		Orgasm control
絶頂我慢		Orgasm endurance
絶対入ってるよねコレ		It's definitely in there, right?
絶壁		Cliff
絶体絶命		Desperate Situation
絶体×		Desperate ×
絵札の女王カノン		Queen of Picture Cards Kanon
絞殺		Strangulation
結婚		Marriage
結城美柑		Mikan Yuuki
結城友奈		Yuuna Yuuki
結城みか		Mika Yuuki
経口補水液	mouth	Oral Rehydration Solution
紺セーラー		Navy Sailor Uniform
紳士ハンド		Gentleman's Hand
紬		Tsumugi
紫雲清夏		Seika Shion
紫色老太婆(滑稽)		Old Woman in Purple (Funny)
紫水宮		Shisui Palace
紫式部		Shikibu Murasaki
紫タイツ		Purple Tights
紫々部シオン		Shion Shion
素裳		Sumo (formal kimono)
素材		Material
素晴らしすぎる		Absolutely Wonderful
素子		Motoko
紗夢		Sam
紗の幽蘭		Yuran of Sha
純白少女		Pure White Girl
紐水着	expose swim	String Bikini
紐チラ		String Glance
納得の犯罪臭		Unmistakable Criminal Scent
納原智恵		Chie Nohara
紅輪の道士ナタク		Nezha, the Taoist of the Crimson Wheel
紅豆		Red Bean
紅蓮(勝利の女神:NIKKE)	©	Guren (Goddess of Victory: NIKKE)
紅白		Red and White
紅楼夢9		Dream of the Red Chamber 9
紅楼夢		Dream of the Red Chamber
紅月カレン		Kougetsu Karen
紀伊型		Kii-class
糸目		Slit eyes
精霊特捜		Spirit Special Investigation
精灵宝可梦		Pokémon
精液浴	cum	semen bath
精液水車	cum	semen waterwheel
精液大量	cum	large amount of semen
精液塗り込み	cum	semen smearing
精液便女	cum	semen flight woman - seieki-bin on'na
精液中毒	cum	semen addiction - semen poisoning - seieki chūdoku
精液ブリッジ	cum	semen string - semen bridge
精子浴	cum	Sperm bath
精子の透明感	cum	Transparency of sperm
精子	cum	Sperm
精品		Premium product
籾岡里紗		Momioka Risa
米菈		Mirai
籠目深沙希		Kagome Misaki
簡易トイレ		Portable toilet
篠澤広		Shinozawa Hiro
篠原まり		Shinohara Mari
節分艦娘		Setsubun ship girl
節分		Setsubun
管理人(エンドフィールド)	©	Administrator (Endfield)
管理人(アークナイツエンドフィールド)	©	Administrator (Arknights Endfield)
管牧典		Kan Bokuten
笹木咲		Sasaki Saki
第肆ミルク工場	milk	The 4th Milk Factory
第十七駆逐隊		Seventeenth Destroyer Division
第三再臨		Third Ascension
第七史诗		Seventh Historical Poem
第一人称视角		First-person perspective
符玄		Fu Xuan
笠谷葉子		Kasa Tani Yoko
笑撃のラスト		Shocking ending
竿姉妹		Rod sisters
竹林		Bamboo forest
竹刀		Bamboo sword
競スク	swim	Swimsuit
童颜巨乳	tit	Baby face with big breasts
童磨		Douma
竜騎士ルシル		Dragon Knight Lucille
竜騎士		Dragon Knight
竜姦		Dragon rape
竜吉公主		Ryukichi Princess
竜人		Dragon person
立花響		Tachibana Hibiki
立花里美		Tachibana Satomi
立体感		Three-dimensional feel
立体な真夜		Three-dimensional Maya
立位		Standing position
立て膝		Kneeling
立ち絵		Standing illustration
立ち糞	sca	standing defecation
立ちパイズリ	tit dick	standing paizuri
立ちんぼ		Standing girl
立ちかなえ		Standing Kanae
空雷翔姫モルガン		Sora Rai Shohime Morgan
空雷		Sora Rai
空甘		Sora Ama
空条徐倫		Cujo Jolyne
空折(魔都精兵のスレイブ)	©	Sora Ori (Slave of the Demon City's elite soldiers)
空手着		Karate uniform
空弦		Sora Gen
空井サキ(水着)	swim ©	Sora Saki (swimsuit)
空中放尿	uro	Air urination
空を落とした女		The woman who brought down the sky
空の境界		Kara no Kyoukai
空		Sora
穹サフェ		Kyu Safe
穴開き		Hole
穴あきパンツ		Hole in pants
穴あき		Hole
稲葉風歌		Inaba Kaze Song
稲妻(原神)	©	Lightning (Genshin Impact)
種島ぽぷら		Taneshima Popura
種噴き/失禁/事後/ガバマン	uro cum	Seed Spray/Incontinence/Aftermath/Gabaman
種づけ孕ませ☆魔法少女〜The_RPG〜		Seed-Planting Pregnancy☆Magical Girl ~The RPG~
稗田阿求		Hieda no Akyuu
秦谷美鈴		Hatamiya Misuzu
秘密の花園		Secret Garden
秘密		Secret
秘宝伝		Hihouden
秋雲(艦隊これくしょん)	©	Akigumo (Kantai Collection)
秋雲		Akigumo
秋雪こはく		Akiyuki Kohaku
秋月涼		Akizuki Ryo
秋山凜子		Akiyama Rinko
秋季例大祭		Autumn Reitaisai
秋園栞奈		Akizono Kanna
秋のフォーリシア		Autumn Folicia
秋のクリ収穫祭2011	clit	Autumn Kuri Harvest Festival 2011
秋のクリ収穫祭	clit	Autumn Kuri Harvest Festival
私服艦娘		Casual Clothes Ship Girl
私服		Casual Clothes
私处		Private Place
福山舞		Fukuyama Mai
福丸小糸		Fukumaru Koito
禊ぎ		Purification Ritual
神風怪盗ジャンヌ		Kamikaze Phantom Thief Jeanne
神野めぐみ		Jinno Megumi
神速の射手バシラ		God Swift Archer Basira
神話礼装		Mythological Attire
神裂火織		Kanzaki Kaori
神羅万象・第一章		Shinra Bansho Chapter 1
神田川JETGIRLS		Kandagawa JET GIRLS
神楽坂優奈		Kagurazaka Yuna
神楽シリーズ		Kagura Series
神楽めあ		Kagura Mea
神楽(あずまんが大王)	©	Kagura (Azumanga Daioh)
神月アンナ		Kamizuki Anna
神州丸(艦隊これくしょん)	©	Shinshumaru (Kantai Collection)
神州丸		Shinshumaru
神山満月		Kamiyama Mitsuki
神尾観鈴		Kamio Misuzu
神守清華		Kamimori Kiyoka
神威(艦隊これくしょん)	©	Kamui (Kantai Collection)
神威		Kamui
神姫PROJECT		Kamihime PROJECT
神奈芹香		Kanna Serika
神代小蒔		Kamishiro Komaki
神の軌跡		The Trajectory of the Gods
神々の谷間		Valley of the Gods
祓魔少女シャルロット		Exorcist Girl Charlotte
祀られる風の人間		The Worshipped Wind Human
社員証		Employee ID
礼服		Formal Suit
磔スポーツ少女		Crucifixion Sports Girl
碇シンジ		Shinji Ikari
碁盤攻め		Go Board Attack
破面		Arrancar
破廉恥		Shameless
破壊		Destruction
破れ		Tears
破けた服		Torn Clothes
砕蜂		Soifon
砂浜ラプソディ		Beach Rhapsody
砂塚あきら		Akira Sunazuka
砂九葉		Kuyo Suna
石戸霞		Kasumi Ishido
石川涼美		Suzumi Ishikawa
短小		Small
短パン		Shorts
知世		Tomoyo
矢印		Arrow
矢		Arrow
瞬霳黒猫戦姫		Shunten Kuroneko Senki
睡眠姦		Sleep Rape
睡眠		Sleep
着衣露出		Clothed Exposure
着衣越し授乳	tit milk	Breastfeeding Through Clothes
着衣緊縛	bond	Clothed Bondage
着衣爆乳	tit	Clothed Huge Breasts
着衣排便	sca	Clothed Defecation
着衣射し	cum	Clothed Ejaculation
着衣失禁	uro	Clothed Incontinence
ジーンズ	wear-	Jeans
着衣内射精	cum	Ejaculation inside clothing
着衣交尾		Clothed Intercourse
着衣くぱぁ/ローアングル		Clothed Spread Legs/Low Angle
着物美人		Kimono Beauty
着けてない		Not Wearing
眼鏡巨乳女教師はどこに	tit	Where is the Glasses-Wearing Big-Breasted Female Teacher?
眼鏡ピクシブたん		Glasses Pixiv-tan
眼鏡はかけるもの		Glasses are meant to be worn
眼鏡っ娘コンビ		Glasses girl duo
眼罩		Eye mask
眷トワ		Towa Ken
眠鬼		Sleeping demon
真鏡名ミナ		Mina Majikina
真紅		Crimson
真空壓縮		Vacuum compression
真白ちさと		Chisato Mashiro
真朱(C)		Crimson (C)
真女神転生		Shin Megami Tensei
真中らぁら		Laala Manaka
真・女神転生Ⅲ		Shin Megami Tensei III
真っ二つ		Split in two
相田沙良々		Sarara Aida
相変わらずの文字の小ささ		The text is still small
相互挿入	insert	Mutual insertion
相互愛撫		Mutual caressing
直葉		Suguha
直穿き		Putting directly in her underwear
直播		Live broadcast
直撃弾		Direct hit
直履き		Putting directly in her underwear
目が星		Starry eyes
目が幸せ		Happy eyes
目がハート/即夜戦		Heart-shaped eyes/Instant night battle
目からウロコ		Scales falling from her eyes
監獄戦艦		Prison battleship
監獄学園		Prison school
盗賊ベティ		Thief Betty
监禁		Imprisonment
皮剥ぎ		Skinning
皮フェラ		Skin fetish Ra
皇牙サキ		Koga Saki
皇くるみ		Koga Kurumi
的主催		Organizer
百鬼夜行		Hyakki Yakō (Night Parade of One Hundred Demons)
百聞は一見に如かず		Seeing is Believing
百合百合	not_solo yuri	Yuri Yuri
百合園セイア(水着)	swim ©	Yurizono Seia (Swimsuit)
百合ハーレム		Yuri Harem
百合スカ		Yuri Suka
百合クンニ	mouth not_solo yuri	Yuri Cunnilingus
白黒		Black and White
白鹿愛莉		Shiraka Airi
白鳥藍良		Shiratori Aira
白鳥深琴		Shiratori Mikoto
白鳥愛羅		Shiratori Aira
白髪赤眼		White Hair and Red Eyes
白面金毛九尾		White Face, Golden Hair, Nine-Tailed Fox
白面御前イヅナ		White Face, Lady Izuna
白露		Shiratsuyu
白銀の城の召使いアリアンナ		Arianna, Servant of the Silver Castle
白銀の城のラビュリンス		Labyrinth of the Silver Castle
白金燐子		Shirogane Rinko
白衣の天使		Angel in White
白蛇		White Snake
白蓮		Byakuren
白芷		Byakuji
白羽=ラフィエル=エインズワース		Shiraha Raphael Ainsworth
白石紬		Shiraishi Tsumugi
白石マナツ		Shiraishi Manatsu
白眉魎呼		Shirabi Ryoko
白百合騎士テティス		White Lily Knight Thetis
白玉みかん		Shiratama Mikan
白犬	beast	White Dog
白濁	cum	Milky white fluid / Semen
白洲アズサ(水着)	swim ©	Shirasu Azusa (Swimsuit)
白洲アズサ		Shirasu Azusa
白木芽衣子		Shiraki Meiko
白尾エリ		Shirao Eri
白宮明日華		Shiramiya Asuka
白井黒子		Shirai Kuroko
白下着		White Underwear
白ワンピ		White Dress
白バニー		White Bunny
白ニーソックス		White Knee Socks
白グローブ		White Gloves
白ギャルと黒ギャルの誘惑		The Temptation of White and Black Gyaru
白ギャル		White Gyaru
白いレースの下着		White Lace Underwear
発情脱糞	sca	heat defecation
発情犬	beast	Horny Dog
発令!第十一号作戦		Operation No. 11 Issued!
痴幼女		Lewd Little Girl
痴女戦士		Lewd Warrior
痛かったら悲鳴あげてくださいねー		Scream if it hurts
痛いのは嫌なので防御力に極振りしたいと思います。		I don't like pain, so I'll max out my defense.
疑似パイフェラ	tit dick	Pseudo-Pie-Fellatio
異色肌		Unusual Skin
異端審問官(アラド戦記)	©	Inquisitor (Dungeon Fighter Online)
異端審問官		Inquisitor
異世界スーサイド・スクワッド		Otherworld Suicide Squad
異世界サキュバス店シリーズ		Otherworld Succubus Shop Series
番魔		Banma
町田月乃		Machida Tsukino
男逆バニー		Male Reverse Bunny
男湯の女の子		Girl in Men's Bath
男水着チャレンジ	swim	Male Swimsuit Challenge
男性向け便所		Men's Toilet
男子便所		Men's Toilet
男子トイレですよ。お嬢さん。		This is a men's toilet, young lady.
男子スク水	swim	Male School Swimsuit
男娼		Male Prostitute
男女エロ		Male and Female Erotica
男主陽		Male Protagonist Yang
男主獅子		Male Protagonist Lion
男主狐		Male Protagonist Fox
男主女房		Male Protagonist Wife
男トレーナー(ポケモンGO)	©	Male Trainer (Pokemon GO)
男の狐		Male Fox
男の子		Boy
男の娘エルフ		Crossdressing Elf
男がキノピオに見えた		The Man Looked Like Toad
电锯人		Electric Sawman
申鶴(原神)	©	Shen Tsuru (Genshin Impact)
甲河アスカ		Kouga Asuka
甲板胸/極上の貧乳	tit	Deck Chest/Ultimate Small Breasts
由良		Yura
由比ヶ浜結衣		Yui Yuigahama
田中琴葉		Tanaka Kotoha
田中あすか		Tanaka Asuka
産卵プレイ		Egg-Laying Play
生足		Bare Legs
生誕祭		Birthday Celebration
生穴		Bare Hole
生活感		Sense of Life
生成AI		Generating AI
生徒会にも穴はある!		Even the Student Council Has Holes!
生天目仁美		Nabatame Hitomi
生命維持		Life Support
生命のセレスティア		Celestia of Life
生前		Before Death
生き恥ウェディングドレス		Living Shame Weddie Long dress
生き埋め		Buried alive
甘城Natsuki	©	Amagi Natsuki
甘園房		Amazono House
甘やかし		Spoiling
環古達		Tamaki Kotatsu
瑠璃の宝石		Lapis Lazuli Jewel
瑞鳳		Zuiho
琵琶法師		Biwa player
琴吹		Kotobuki
琴乃宮雪		Kotonomiya Yuki
琳妮特		Linnit
琳奈		Rinna
理性を破壊する程度の能力		The ability to destroy reason
理々奈		Ririna
球体関節人形		Ball-jointed doll
現実逃避		Escapism
現実は非情である		Reality is cruel
現実は非常である		Reality is harsh
班長		Squad leader
珠乃井ナナ		Tamanoi Nana
珍珠奶茶	tit-	Boba milk tea
珍珠丁字裤		Pearl thong
玲音(アイドルマスター)	©	Reon (Idolmaster)
玩具		Toy
王妃		Queen
王女		Princess
王冠		Crown
王元姫		Wang Yuanji
玉藻の前(水着)	swim ©	Tamamo no Mae (swimsuit)
玉舐め	tongue	Ball licking
玉潰し		Ball crushing
玉枝		Tamae
玉揉みパイズリ	tit dick	ball-rubbing paizuri
玉パン		Ball panties
獸人		Beastman
獣婚		Beast marriage Beast
獣	fantasy	Kemono
獏乳		Lion King (Fate)
獅子王(Fate)	©	Shishio (Fate)
獅子娘		Sarutobi Shinobu
猿飛忍		Nekokoya Yasaka
猫興野菜果	loli	Cat-eared Loli
猫耳ロリ		Cat-ear Headband
猫耳カチューシャ		Cat Cat
猫猫		Nekomiya Hinata
猫宮ひなた		Cat Pose
猫ポーズ		Cat Pose
猫のポーズ	tit	Breastfeeding a Cat
猫に授乳		Inokuma Yoko
猪熊陽子		Inokuma Mizuki
猪熊美月		Inokuma Sorata
猪熊空太		Fierce Clawed Beast Uru
猛き爪獣ウル		Hunting Insects
猎奇阴部		Werewolf
狼男		Wolf Girl
狼少女		Werewolf Rape
狼姦		Wolf Woman
狼女		Wolf
狼		Scorpion
狮蝎		Hunter
狩人		Kitsunehaku Series
狐白シリーズ		Kitsunehaku RPG
狐白RPG		Fox Mama
狐ママ		Crime Warning
犯行予告	pet sm	Dog Restraint
犬拘束		Inuyama Kuroe
犬山黒ヱ	fantasy sm	Dog Transformation Training
犬化调教	uro pet	Dog Peeing Pose
犬のおしっこポーズ	beast	Dog and Girl
犬と女の子		Special Restraint
特殊拘束		Tokusatsu Heroine
特撮ヒロイン		Mononobe Futo
物部布都		Handling I
物扱い	beast	Female dog
牝犬		Cow mooing
牛鳴き		Cow girl
牛飼娘		Ushiwakamaru (Fate)
牛若丸(Fate)	©	Ushiwakamaru (Fate)
牛柄		Ushizaki Junmi
牛崎潤美		Cow girl
牛子		Cow calf
牛仔	milk	Milk play
牛乳遊び	milk	Milk...?
牛乳…?		One eye
片目		Katagiri Sanae
片桐早苗		Kataoka Yuki
片岡優希		Nishida Rino
爾子田里乃		Love fluid
爱液		Love mathematics
爱数学		Explosive death
爆死	nip	Huge areola
爆乳輪	tit	Huge breast fortress
爆乳大要塞		Burning! Encyclopedia
燃える!事典		Bear intercourse
熊姦		Smoke red
煙緋		Pipe
煙管		Sparkle
煌		Blazing
煉星姫シリウス		Blazing Star Princess Sirius
焼き印		Branding iron
焼きごて		Branding iron
無重力		Zero gravity
無表情		Expressionless
無毛		Hairless
無月ひさめ		Mugetsu Hisame
無料AI画像生成		Free AI image generation
無料		Free
無抵抗		No resistance
無慈悲なアンケート		Merciless questionnaire
無彩限のファントムワールド		Myriad Colors Phantom World
無修正		Uncensored
無人島		Deserted island
焔影リード(アークナイツ)	©	Flame Shadow Reed (Arknights)
炎炎ノ消防隊		Fire Force
炎の使い手ニクス		Nyx, the Fire User
災難		Disaster
灵魂潮汐		Soul Tide
灰皿		Ashtray
灰原哀		Ai Haibara
火防女		Fire Keeper
火遊びでなければ良いのだな?		I hope it's not just playing with fire?
火煉討伐記録		Fire Refinement Extermination Record
火将ロシエル		Rosiel, the Fire General
火守女		Fire Guardian
火天		Fire Heaven
火刑		Fire Punishment
火傷		Burns
瀬南ももか		Momoka Senan
濡れ濡れ		Soaked
濡れチアシリーズ		Wet Cheer Series
濃姫		Nohime
激凸		Intense Charge
澪梓		Azusa Mio
潤羽るしあ		Rushia Uruha
潤美		Junmi
漫研		Manga Club
漫畫		Manga
漫画じゃないよ		Not a manga
漣		Ripples
漏尿	uro	Incontinence
漂泊者		Wanderer
滝本ひふみ		Hifumi Takimoto
溢れ精液/電マ/ゴミ捨て場/廃棄/拡張済み/身体に落書き	cum	Overflowing semen/Electric massager/Garbage dump/Discarded/Expanded/Written on body
溢れ出るマン肉		Overflowing Man Flesh
溜め精液	cum	accumulated semen
準裸袴		Semi-Naked Hakama
満面の笑み		Beaming Smile
満月をさがして		Searching for the Full Moon
湾内絹保		Kinuho Wanai
湊あくあ新衣装		Aqua Minato Costume
游戏		Game
港湾棲姫		Harbor Princess
温水佳樹		Yoshiki Onmizu
温かい目		Warm Eyes
渡辺星		Hoshi Watanabe
渡我被身子		Watanabe's Birth
済安(アズールレーン)	©	Ji'an (Azur Lane)
清水潔子		Kiyoko Shimizu
清楚ビッチ		Pure Bitch
清楚		Pure
清少納言(Fate)	©	Sei Shonagon (Fate)
清姫(Fate)	©	Kiyohime (Fate)
添い寝		Sleeping Together
混ぜるな危険		Do Not Mix
深空之眼		Eye of the Deep Sky
深海棲母ホウショウ		Deep Sea Mother Houshou
深森白夜		Byakuya Fukamori
深圳校服		Shenzhen School Uniform
深刻な収容違反		Serious Containment Breach
淫魔降臨デビル☆カーニバル		Incubus Descent Devil☆Carnival
淫獣学園		Incubus Academy
淫獣		Incubus
淫堕の姫騎士ジャンヌ		Jeanne, the Fallen Princess Knight
淫乱化		Becoming Lewd
淫乱の姫サキュバスクイーン		Incubus Princess Succubus Queen
淫リンボー		Incubus Limbo
涼風青葉		Aoba Suzukaze
涼月(艦隊これくしょん)	©	Cool Moon (Fleet Collection)
涼月		Suzutsuki
涼宮星花		Suzumiya Seika
涙ぐむ		Tears welling up
涎	mouth	Drool
海風		Sea breeze
海瑟音		Kaisene
海江風		Kaie Kaze
浴衣艦娘		Yukata ship girl
浴潮		Bathing tide
浴女房		Bathing wife
浮波柚葉		Ukinami Yuzuha
浮気		Infidelity
浮力が発生するレベルのおっぱい	tit	Buoyancy-generating breasts
浮乳	tit	Floating breasts
浮き浮き乳首	nip	Floating nipples
浦風(艦隊これくしょん)	©	Urakaze (Kantai Collection)
浦和花子		Urawa Hanako
浜辺		Beach
浜口あやめ		Hamaguchi Ayame
浅生由真互換機		Asao Yuma compatible machine
流魅空		Ryumi Sora
流螢		Ryuketa
流し込み		Pouring in
津辺愛香		Tsube Aika
洞木ヒカリ		Horaki Hikari
洗髪		Hair washing
洗腦		Brain washing
洗脳装置		Brainwashing device
洗脳済み		Brainwashed
洗脳完了		Brainwashing complete
洗脑		Brain washing
洗濯バサミ/アヘ顔		Clothespin/Ahegao
洋式		Western style
泳ぐ18禁	swim	Swimming (18+)
注射針		Hydrating needle
注射器		Syringe
注ぐ		Pouring
注:あくまでおしぼりです		Pouring :It's just a wet towel
泥だらけ		Covered in mud
波打際のむろみさん		Muromi at the water's edge
泡吹き		Foaming
泡なのか…?		Is it foam...?
泡		Foam
沸き立つエロス		Boiling eros
沧岚		Cang Lan
沢渡ほのか		Sawada Honoka
沢井結乃		Sawai Yuno
沙花叉クロ		Shaka Kuro
沙村広明『人でなしの恋』		Samura Hiroaki "A Heartless Love"
沙恩霍斯特		Shaon Khosit
沙九葉(SAKYUUBA)		Shakyuuba
沓沢真生		Kutsuzawa Mao
決めポーズ		Signature pose
池倉マリナ		Ikekura Marina
江風改二		Kawafu Kai Ni
江風(アズールレーン)	©	Kawakaze (Azur Lane)
汚メイド喫茶		Dirty maid cafe
汚れ足		Dirty feet
汗だくセックス		Sweaty sex
汉服		Hanfu
汁男優	cum	Cumming actor
汁濁		Fluid
永遠の七日		Eternal Seven Days
永远的七日之都		Eternal Seven Days City
永远的7日之都		Eternal 7 Days City
永吉昴		Nagayoshi Subaru
永井豪		Go Nagai
氷結のアスタロト		Frozen Astaroth
氷川紗夜		Hikawa Sayo
氷室鐘		Himuro Kane
氷		Ice
水龍舞		Water Dragon Dance
水魔法		Water Magic
水面下		Below the Surface
水霊使いエリア		Water Spirit User Eria
水鉄砲		Water Gun
水野		Mizuno
水遊び		Water Play
水谷絵理		Mizutani Eri
水蘭児		Mizuranji
水着霊夢	swim	Swimsuit Reimu
水着跡	swim	Swimsuit Marks
水着ブーツ	swim	Swimsuit Boots
水着パーカー	swim	Swimsuit Hoodie
水着タイツ	swim	Swimsuit Tights
水着ジャージ	swim	Swimsuit Jersey
水着グレア	swim	Swimsuit Glare
水着エプロン	swim costume	Swimsuit Apron
水着ウマ娘	swim	Swimsuit Uma Musume
水着のスイレン	swim	Swimsuit Suiren
水玉コラ		Polka Dot Collage
水瀬渚		Minase Nagisa
水濡れ		Soaked
水浴びエルフシリーズ		Water Bathing Elf Series
水泳	swim	Swimming
水橋パルスィ		Mizuhashi Parsee
水樹奈々		Mizuki Nana
水木聖來		Mizuki Seira
水月		Mizuki
水星纪念		Mercury Memorial
水手服	swim	Swimsuit Suit
水戸郁魅		Mito Ikumi
水彩		Watercolor
水嶺のシズク		Waterdrop of the Water Ridge
水城結華		Yuka Mizuki
水城不知火		Shiranui Mizuki
水兰儿		Ran'er Mizuki
水中結合		Underwater Union
水のエレメンタル		Water Elemental
水		Water
気絶		Fainting
気密服		Airtight Suit
民族衣装		Traditional Costume
民族		Ethnicity
民意(エロ)が活かされた		Public Opinion (Erotic) Was Applied
比叡(アズールレーン)	©	Hiei (Azur Lane)
比叡		Hiei
毒药		Poison
母蜘蛛		Mother Spider
母狗	beast	Mother Dog
母娘丼		Mother-Daughter Bowl
母乳鉄砲	tit milk	Breast Milk Gun
母乳極め	tit milk	Breast Milk Mastery
母乳体質	tit milk	Breast Milk Constitution
殺生院リリィ		Lily Sesshouin
殺生院キアラ(水着)	swim ©	Chiara Sesshouin (Swimsuit)
段ボール		Cardboard
死霊魔術師メメント		Necromancer Memento
死の悪魔		Death Demon
死なずの姫君		Immortal Princess
歴代女性同行者		Successive Female Companions
歯磨きフェラ	mouth	Toothbrush Fellatio
歯形		Toothprints
歩くセックス		Walking Sex
武道家		Martial Artist
武藏		Musashi
武蔵改二		Musashi Kai Ni
武蔵ちゃん		Musashi-chan
武蔵(アズールレーン)	©	Musashi (Azur Lane)
武田弘光		Takeda Hiromitsu
武器屋カトレア		Weapon Shop Cattleya
武器		Weapons
武内優香		Takeuchi Yuka
武具		Armor
正面絵		Front view
正義のセーラー服ナイト		Justice Sailor Suit Knight
正経同人		Authentic Doujinshi
歌住サクラコ		Kazumi Sakurako
欲情		Lust
欲尿	uro lust	Lust for urine
次の犠牲者		Next victim
欠损		Damage
櫻待冬子		Sakuramachi Fuyuko
櫛谷智子		Kushitani Tomoko
機動戦士ガンダム第08MS小隊		Mobile Suit Gundam 08th MS Team
機動戦士ガンダムGQuuuuuuX		Mobile Suit Gundam GQuuuuuuX
機動戦士ガンダム		Mobile Suit Gundam
機動戦士Ζガンダム		Mobile Suit Zeta Gundam
橙汁		Orange Juice
橙		Orange
橘ヒカリ		Tachibana Hikari
橘ノゾミ		Tachibana Nozomi
橘サクヤ		Tachibana Sakuya
樫野		Kashino
横山千佳		Yokoyama Chika
横チン		Yokochin
槍間くるみ		Yarima Kurumi
槌永ヒヨリ		Tsuchinaga Hiyori
榛名ちゃんマジ天使		Haruna-chan is a real angel
榛名(艦隊これくしょん)	©	Haruna (Fleet) Collection)
榛名(アズールレーン)	©	Haruna (Azur Lane)
榊原里美		Sakakibara Satomi
極限機能測試中		Extreme Function Test in Progress
極太ディルド/馬ディルド		Extra Thick Dildo/Horse Dildo
極上の谷間		Ultimate Cleavage
極上の腹筋		Ultimate Abs
極上の腋		Ultimate Armpits
極上の胸チラ		Ultimate Glimpse of Chest
極上の背中		Ultimate Back
極上の肌		Ultimate Skin
極上の太もも		Ultimate Thighs
極上の乳…	tit	Ultimate Breasts...
極上の乳/魅惑の谷間	tit	Ultimate Breasts/Enchanting Cleavage
極上の乳/首輪/しゃがみ/乳寄せ/放尿/飲尿/水たまり	tit uro mouth	Superb breasts/collar/squatting/breast pressing/urination/drinking urine/puddle
極上のM		Ultimate Masochist
楠琴葉		Kusunoki Kotoha
楊貴妃		Yang Guifei
椎名唯華		Shiina Yuika
椎名千鶴		Shiina Chizuru
椅子取りゲーム		Musical Chairs
棺零		Hitsuji Rei
森羅万象		All Things in Nature
森様		Mori-sama
森島はるか		Morishima Haruka
森カリオペ		Mori Calliope
棘バイブ		Thorn Vibrator
棒球		Baseball
棒アイス		Ice Pop
梶山浩		Kajiyama Hiroshi
梓		Azusa
梅花十三		Baika Jusan
桜田ハネ		Sakurada Hane
桜田のり		Sakurada Nori
桜森真帆		Sakuramori Maho
桜崎華菜		Sakurazaki Kana
桜島麻衣		Sakurajima Mai
桜守歌織		Sakuramori Kaori
桜坂しずく		Sakurazaka Shizuku
桜井真一		Sakurai Shinichi
桜井夢子		Sakurai Yumeko
桜井千里		Sakurai Chisato
桜井ミヨ		Sakurai Miyo
桑山千雪		Kuwayama Chiyuki
桐生キキョウ		Kiryu Kikyo
桐条美鶴		Kirijo Mitsuru
桃鈴ねね		Momosuzu Nene
桃祈		Momoki
桃子ちゃん		Momoko-chan
桃井愛莉		Momoi Airi
桃まん		Momoman
格闘		Fighting
格差姦		Disparity Rape
根性焼き		Branding
根倉杏子		Nekura Kyoko
校舎		School Building
栞葉るり		Shioriha Ruri
栗林志乃		Kuribayashi Shino
栗みたいな口	mouth	Clit-like Mouth
柴田美月		Shibata Mizuki
柚鳥ナツ		Yuzutori Natsu
柚子		Yuzu
柔らか唇		Soft Lips
柊柚子		Hiiragi Yuzu
柄ニー		Pattern Knee
枕営業		Pillow Business
极上の女体		Ultimate Female Body
松柏彩歌		Matsuba Ayaka
松本頼子		Matsumoto Yoriko
松本沙理奈		Matsumoto Sarina
松山夢姫		Matsuyama Yumehime
松堂言葉		Matsudo Kotoba
東風舞希		Higashi Kaze Maiki
東雲幽紀		Shinonome Yuki
東雪蓮		Higashi Setsuren
東條希生誕祭2017		Higashi Touhou Nozomi Birthday Celebration 2017
東条希		Touhou Nozomi
東方遊兎戯		Touhou Yuutogi
東方逆遊兎		Touhou Gyakuyuuto
東方輝針城		Touhou Kishinjou
東方紺珠伝		Touhou Kanjuden
東方紅楼夢		Touhou Kouroumu
東方百合	not_solo yuri ©	Touhou Yuri
東方深秘録		Touhou Shinpiroku
東方横顔美人		Touhou Yokogao Bijin
東方助平服		Touhou Sukehifuku
東方メイド服		Touhou Maid Outfit
東方ドリンクバー		Touhou Drink Bar
東方うごイラ		Touhou Ugoirara
東方PROJECT		Touhou PROJECT
東山コベニ		Touhou Kobeni
東城綾		Touhou Aya
東和		Touhou Wa
東北イタコ		Touhou Itako
杭打ち騎乗位		Pile Driving Riding Position
杭打ち		Pile Driving
来生瞳		Kiseki Hitomi
杜乃こりす		Mori no Korisu
村雨		Murasame
材质		Material
杏仁豆腐		Almond Tofu
李素裳		Li Sushang
李原りこ		Li Hara Riko
杉本彩		Sugimoto Aya
朽葉千咲		Kuchiba Chisaki
机械姦		Mechanical Rape
机械		Mechanical
朴ゆう		Park Yuu
朱鸢		Touhou (Crimson Bird)
朱雀の化身・レイラン		Reiran, the Incarnation of Suzaku (Vermilion Bird)
札束		Wrap of cash
本編でも堕ちました		She fell in the main story as well
本番は何も言えなくなってから		The real thing begins when she can no longer say anything
本田珠輝		Tamaki Honda
本田未央		Mio Honda
本条寺あきら		Akira Honjouji
本当は怖い幻想郷		Gensokyo is actually scary
未花		Mika
未経験(だった)		Inexperienced (I was)
未来(閃乱カグラ)	©	Mirai (Senran Kagura)
未亡人		Widow
木漏れ日		Sunlight filtering through the trees
朝顔ハナエ(応援団)	©	Hanae Asagao (Oendan)
朝顔		Morning glory
朝霧陽子		Yoko Asagiri
朝潮(艦隊これくしょん)	©	Asashio (Kantai Collection)
朝潮		Asashio
朝比奈まふゆ		Mafuyu Asahina
朝ヶ谷琳		Rin Asagaya
望月穂波		Honami Mochizuki
服部半蔵鮎香		Ayuka Hattori Hanzo
服交換		Clothes exchange
服の上から乳を吸う	tit	Sucking breasts over clothes
服と自由を奪われた状態で顔以外鞭打ち	ryona	Whipping everywhere except the face while deprived of clothes and freedom
有馬かな		Kana Arima
有栖川夏葉		Natsuha Arisugawa
月里光		Hikari Tsukisato
月読調		Shirabe Tsukuyomi
月読アイ		Ai Tsukimura
月村手毬		Tsukimura Temari
月岡恋鐘/白瀬咲耶/桑山千雪/有栖川夏葉		Kogane Tsukioka / Sakuya Shirase / Chiyuki Kuwayama / Natsuha Arisugawa
月光(閃乱カグラ)	©	Gekkou (Senran Kagura)
月の獅子		Lion of the Moon
月		Moon
最高の笑顔		Best smile
最愛チアモ		My dearest Cheerleader
最古シリーズ		Oldest series
最上(艦隊これくしょん)	©	Mogami (Kantai Collection)
最カワ☆		Cutest☆
書道		Calligraphy
書初め		First calligraphy of the year
更衣室		Changing room
曲(パニグレ)		Song (Punishing Grey)
曲		Song
曙		Dawn
暴露		Exposure
暴雨		Storm
暴力		Storm Power
暗黒プリンセス		Dark Princess
暑中見舞い		Summer Greeting Card
暁美ほむら		Akemi Homura
暁山瑞希		Akiyama Mizuki
暁切歌		Akatsuki Kirika
晴れ着		Formal Attire
普瑞賽斯		Pruiser
普尔亚		Pruiser
時雨改二		Shigure Kai Ni
時津風		Tokitsukaze
時崎狂三		Tokisaki Kurumi
昼寝好きのラピヌ		Lapine, the Nap-Loving One
昼寝		Nap
春原彩花		Sunohara Ayaka
春原シュン		Sunohara Shun
春先のどか		Harusaki Nodoka
春乃撫子		Haruno Nadeshiko
春丽		Haruno Rei
春の習い		Spring Practice
映姫		Eiki
星野ルビー		Hoshino Ruby
星野ありす		Hoshino Alice
星輝子		Hoshi Teruko
星见雅		Hoshimi Miyabi
星空		Starry Sky
星汐seki		Hoshishio Seki
星欲少女		Star-Desire Girl
星柄パンツ		Star Patterned Pants
星条旗ビキニ	swim	Stars and Stripes Bikini
星律动		Starry Rhythm
星奈		Hoshina
星塔旅人		Hoshito Tabibito
星ホタ		Hoshi Hota
昔の金箔と同レベルの封入。。		Enclosed at the same level as the old gold foil.
昏昏アリア		Konkon Aria
明石		Akashi
明前奶绿	milk	Green breast milk
早乙女乱馬		Saotome Ranma
早乙女らんま		Saotome Ranma
旧スク水	swim	Old School Swimsuit
旧スク	swim	Old School Swimsuit
日野森志歩		Hinomori Shiho
日焼		Sunburn
日本刀		Japanese Sword
日本アニメ(-ター)見本市	event	Japan Animator Expo
日影(閃乱カグラ)	©	Hikage (Senran Kagura)
日常		Everyday Life
日向雏田		Hinata Hina
日下部みさお		Kusakabe Misao
既成事実		Established Fact
无量塔姬子		Muryoto Himeko
无修		Unrepaired
旗風(艦隊これくしょん)	©	Hatakaze (Kantai Collection)
旗風		Hatakaze
旋光の輪舞		Senko no Rondo
新田ーニャ		Nitta Nya
新年雪合戦		New Year's Snowball Fight
新島真		Niijima Makoto
新山みすず		Niiyama Misuzu
新刊サンプル		New Book Sample
新入生		New Student
新党のほほん		New Party Nohohon
新体操		Rhythmic Gymnastics
新しい表現		New Expression
断髪		Haircut
断面		Cross-section
斬妖Raksasi		Raksasi the Demon Slayer
斗罗大陆		Tou Luo Continent
斗破苍穹		Tou Ha Cang Qiu
斑鳩ルカ		Ikaruga Luka
斎森美世		Saimori Miyo
斉藤洋子		Saito Yoko
文化祭		Cultural Festival
文		Text
敵艦隊のチャイドル	©	Enemy Fleet's Child Idol
敵艦隊のグラドル	©	Enemy Fleet's Gravure Idol
整備士		Mechanic
教堂		Church
敗北者		Loser
敖闰		Ao An
放送事故		Broadcast Accident
放課後		After School
放心		Dazed
放尿プレイ	uro	Piss play
攻撃ボタン長押し状態!!		Attack Button Long Press!!
改造人間		Cyborg
支配の悪魔		Dominating Demon
攝影		Photography
擬獣化		Anthropomorphism
擬牝台		Anthropomorphic Female Table
擬人		Personification
撮影会		Photo Shoot
撮る人は撮られる人		The Photographer is the Photographed
撫で回したくなる尻		A Butt You Want to Stroke
撞球台		Billiard Table
摩耶(艦隊これくしょん)	©	Maya (Kantai Collection)
摩多羅隠岐奈		Matara Okina
搾精艦		Squeeze Fine ship
搾乳器	milk gear	Milking machine
搖滾是淑女的嗜好		Rolling is a lady's preference
揺れる胸	tit	Shaking breasts
援助交配		Assisted mating
援交の御子		Child of compensated dating
插圖		Illustration
描かせていただきました		I was allowed to draw it
描いてもいいのよ(レス		You can draw it (reply)
揉みしだきたい		I want to knead them
揉みしだき		Knead them
掴み易い髪の毛		Easy-to-grab hair
掴みシーツ		Grab the sheets
掰穴		Pull the hole
接写		Close-up
探検ドリランド		Exploration Driland
授業		Class
授乳手マン	tit milk dick	Breastfeeding handjob
授乳ブラ	tit	Breastfeeding bra
捨て猫		Stray cat
捕食		Predation
捕獲		Capture
挟尿	tit uro	Piss between breasts
挟みたい乳	tit	Breasts I want to hold between
挟まれたい		I want to be held between
指輪コキ	mouth dick	Ring blowjob
指輪っか手コキ	dick	Ring handjob
指輪っか		Ring
指揮官(アズールレーン)	©	Commander (Azur Lane)
指折り		Finger counting
指南ショーコ		Instructor Shoko
指切り		Finger Cutting
指入れ	insert	Finger insertion
指ブラ		Finger bra
指フェラ	mouth	Finger fellatio
指チュパ		Finger sucking
指コキ	dick	Finger job
指ぬきグローブ		Fingerless glove
持物戦争		Possession war
拳銃		Handgun
拡張/拡張済み/Dilation_belt/ガバマン/肉便器	uro	Expansion/Expanded/Dilation_belt/Gabaman/Meat toilet
拘束絶頂		Restrained orgasm
拘束ミトン		Restrained mittens
拘束おもらし		Restrained wetting
拘束/緊縛	bond	Restrained/Bondage
拘束/ニードルプレイ/器具くぱぁ/ぐぱぁ/拡張済み		Restrained/Needle play/Device spread open/Gooey/Expanded
拘束/ぐぱぁ/拡張		Restrained/Gooey/Expanded
拉珠		Picking up
抽腸		Enema
押田(GuP)	©	Oshida (GuP)
押し倒し		Pushing down
押しボタン式信号機		Push-button traffic light
抱きしめる		Hugging
护士		Nurse
技絵		Technique drawing
扳机		Pushing machine
托卵		Cuckooing
打屁股	ass	Hitting Buttocks
才羽ミドリ		Saiha Midori
手錠/鎖/ずらし挿入/騎乗位/キャミソール/肩紐ずらし	insert	Handcuffs/Chains/Sliding Insertion/Cowgirl Position/Camisole/Sliding Shoulder Straps
手綱乳首	nip	Nipple Reins
手淫	mast	Masturbation
手ブラは洋服		Hand Bra as Clothing
手ハート		Hand Heart
手コキ素振り	dick	Handjob Practice
手ぶら		Handless
扇風機ぶわさ		Fan Blowing
所恵美		Tokoro Megumi
戦闘員		Combatant
戦術教官ケイティ		Tactical Instructor Katie
戦艦少女R		Battleship Girl R
戦艦ル級		Battleship Ru-class
戦士♀︎		Warrior♀︎
戦場のヴァルキュリア		Valkyria Chronicles
戦國ストレイズ		Sengoku Strays
戦国ランス		Sengoku Rance
戦国コレクション		Sengoku Collection
戦国IXA		Sengoku IXA
戦利品		Spoils of War
戦刃むくろ		Ikusaba Mukuro
戦争の悪魔		Demon of War
戦乙女エミリア		Valkyrie Emilia
战败		Defeated
战舰少女R		Battleship Girl R
战绳		War rope
战双帕弥什		War double-pepper Mish
我的愛人		My lover
我慢		Patience
我恨你像块木头		I hate you like a piece of wood
我妻由乃		My wife Yuno
我が子を孕め		Conceive my child
我々の業界では最上のご褒美です		It's the highest reward in our industry
我々の宗派では神徳です		It's a divine virtue in our sect
成熟		Maturity
成海萌奈		Narumi Mona
成人向け		Adult content
懺悔室		Confession booth
懶妹		Lazy girl
懲罰		Punishment
感度3000倍		Sensitivity 3000 times higher
愛麗絲·泰姆菲爾德		Elise Tamfild
愛清フウカ		Aisei Fuuka
愛液飲ませ		Let me drink your love juice
愛液トロトロおまんこ	pussy	Your pussy is dripping with love juice
愛園愛美		Aizono Aimi
愛原ほなみ		Aihara Honami
愛の蜜		The nectar of love
愛のあるアナルセックス	anal	Anal Sex with Love
愛と希望の暁星		A Dawn Star of Love and Hope
惚れときどきヌクもり		Infatuation and Occasional Warmth
悪魔羽		Demon Wings
悪魔祓い		Exorcism
悪魔姉妹		Demon Sisters
悪魔城ドラキュラ		Castlevania
悪魔のヘアバンド		Demon Headband
悪魔っ子		Demon Girl
悪鬼スマイル		Evil Demon Smile
悪戯		Mischief
悪役令嬢		Villainess
悪堕		Fallen into Evil
悪キュアビューティ		Evil Cure Beauty
悩殺		Captivating
悠久幻想曲		Eternal Fantasy
恵庭椎		Eniwa Shiina
恥ずかしい滝		Embarrassing Waterfall
恥じらい		Shyness
恒例行事		Regular Event
恐怖脱糞	sca	fear-induced defecation
恐怖に支配された鎮守府		Naval Base Dominated by Terror
恐怖		Terror
恐山アンナ		Osoreyama Anna
恍惚		Ecstasy
恋慕のコンパニオン		A Companion of Love
恋愛		Romance
怪盗ジャンヌ		Phantom Thief Jeanne
怪物		Monster
怪奇ゾーングラビティフォールズ		Gravity Falls
性行為		Sexual intercourse
性欲の権化		Embodiment of lust
性欲		Sexual desire
性教育実習		Sex education practice
性感		Sensual sensation
性女		Sex woman
性大祭9		Sex Festival 9
性夜		Sex night
性器破壞		Genital destruction
性具散乱		Scattered sex toys
性具		Sex toys
性の自由研究		Sexual free research
急所責め		Target attack
急所攻撃		Vital spot attack
急性アルコール中毒		Acute alcohol poisoning
快感携帯電話相談室		Pleasure cell phone consultation room
忘归人		Forgotten person
志村ー!漢字漢字!		Shimura! Kanji Kanji!
志木麗佳		Shiki Reika
忍び		Ninja
心臓貫通	insert	Heart penetration
心臓		Heart
心夏		Kokona
徳川まつり		Tokugawa Matsuri
微笑み		Smile
御札		Talisman
御巫(遊戯王)	©	Shrine maiden (Yu-Gi-Oh!)
御巫		Mikoto
御子神リコ		Mikogami Riko
御咲灯花		Misaki Touka
後ろ矢筈		Arrowhead behind
後ろ手		Hands behind back
後ろから見えるおっぱい	tit	Boobs visible from behind
律子		Ritsuko
影森みちる		Kagemori Michiru
彩華		Ayaka
形くっきりペニス	dick	Clearly defined penis
强迫		Coercion
强暴		Rape
弹丸论破		Bullet gun refutation
強気		Confident
強制飲食		Forced eating and drinking
強制百合	not_solo yuri	Forced yuri
強制オナニー	sm mast	Forced masturbation
強制くぱぁ		Forced spread legs
強催眠club		Strong hypnosis club
強催淫性フェロモン噴出		Strong aphrodisiac pheromone release
弱音ハク		Weak Haku
弦巻マキ		Tsurumaki Maki
弦乃咲のお題箱		Tsurunosaki's suggestion box
张腿		Spread legs
弟は見た		My younger brother saw
弓道		Kyudo (Japanese archery)
弓矢		Bow and arrow
弓田信哉		Yumita Shinya
弓兵ソーマ		Archer So M
弓使い		Archer
弁財天(モンスト)	©	Benzaiten (Monster Strike)
弁財天		Benzaiten
弁天(うる星やつら)	©	Benten (Urusei Yatsura)
弁天		Benten
开大车		Large vehicle
廣井きくり	clit	Hiroi Kikuri
廉恥		Shameless
廃病院		Abandoned hospital
廃墟		Ruins
廃人(ガチ)量産機		Mass-producing machine for hardcore addicts
废墟图书馆		Ruins library
店員さん		Shop assistant
店員		Shop assistant
底なし沼		Bottomless swamp
床舐め	tongue	Floor licking
幽霊娘		Ghost girl
幽灵鲨		Ghost shark
幽灵娘		Ghost girl
幼児化		Infancy
幻想郷一位の藍さま		Gensokyo's number one, Ran-sama
幻想		Fantasy
幻夢戦記レダ		Genmu Senki Leda
幸せの象徴		Symbol of happiness
年賀イラスト		New Year's illustration
年末のご挨拶		Year-end greetings
平野美晴		Hirano Miharu
平和		Peace
師匠ランサー		Master Lancer
希露·珂露蒂娅		Kirou · Karutiya
布越し射精	cum	Ejaculation through cloth
布越しセックス		Sex through cloth
布田裕美音		Yumi Futa
布団		Futon
市川雛菜		Hinana Ichikawa
市中引き回し		Public parade
巾着袋		Drawstring bag
巳年		Year of the Snake
差分希望		Difference requested
巫女水着	swim costume	Shrine maiden swimsuit
巨根白腰夢	dick	Huge penis white waist dream
巨尻/調教		Huge ass/training
巨大的蛋蛋		Giant eggs
巨大ロボット		Giant robot
巨乳魔王の敗北	tit	Defeat of the big-breasted demon lord
巨乳長	tit	Big-breasted leader
巨乳兵	tit	Big-breasted soldier
巨乳ランドセル	tit	Big-breasted schoolbag
巨乳ファンタジー	tit	Big-breasted fantasy
巨乳キャラクター	tit	Big-breasted character
巨乳を超えた大巨乳	tit	Big breasts beyond big breasts
巨マン/巨クリ/巨乳首/小陰唇/サンタコス/アナルパール	clit pussy anal nip	Huge pussy/Huge clitoris/Big nipples/Labia minora/Santa costume/Anal Pearl
巨マン		Giant Man
左手薬指		Left Ring Finger
左右非対称乳	tit	Asymmetrical Breasts
工口处刑		Erotic Execution
巡洋艦		Cruiser
川島瑞樹		Mizuki Kawashima
川島みなみ		Minami Kawashima
川咲さくら		Sakura Kawasaki
川内		Sendai
川井モナ		Mona Kawai
崩壊;スターレイル		Collapse; Star Rail
崩坏星穹铁道Honkai:		Collapse Star Rail Honkai:
崩坏		Collapse
崩三		Collapse III
島風の服		Shimakaze's Clothes
島風(艦隊これくしょん)	©	Shimakaze (Kantai Collection)
島田千代		Chiyo Shimada
島村卯月/前川みく/水本ゆかり/乙倉悠貴/佐久間まゆ		Uzuki Shimamura/Miku Maekawa/Yukari Mizumoto/Yuki Otogura/Mayu Sakuma
島村		Shimamura
峰津院都		Miyako Minezuin
峰不二子		Fujiko Mine
岩永琴子		Kotoko Iwanaga
岡崎みく		Miku Okazaki
岁己sui		Seiji ui
山神カルタ		Yamagami Karuta
山猪		Yama Inoshishi
山本玲		Yamamoto Rei
山城由依		Yamashiro Yui
山城(アズールレーン)	©	Yamashiro (Azur Lane)
屍姦		Necrophilia
屋内		Indoors
屈辱/恥辱/辱め/羞恥/無様エロ/尊厳破壊/痴態		Humiliation/Disgrace/Shame/Shame/Unseemly Erotic/Destruction of Dignity/Lewd Behavior
尿道処刑	pussy expose ryona	Urethral execution
尿道/Dilation_belt_ぐぱぁ/拡張/子宮口	pussy expose gear	Urethra/Dilation belt/spread/dilation/cervix
尿浴び	uro	Urine bath
尿欲	uro lust	Urine desire
尿ぶっかけ	uro cum	Urine bukkake
尾鳥たん		Otori Tan
尾刃カンナ		Oba Kanna
尼奥波莉丹		Amaoku Haritan
尻鷲掴み	ass	Butt Grab
尻肉	ass	Butt Meat
尻神様/かわいいお尻	ass	Butt God/Cute Butt
尻神样	ass	Butt God Spirit
尻破れ	ass	Tearing Butt
尻尾オナホ	mast toy	Tail Masturbation Toy
尻合わせ	ass	Butt Pressing
尻にマーク	ass	Mark on Butt
尸解ユヱ		Shikai Yue
少女入浴中		Girl Bathing
少女と裏路地		Girl in a Back Alley
少佐		Major
少し消化されている		Slightly Digested
小麦色の肌		Wheat-colored Skin
小麦肌		Tan skin
小鳥遊聖		Takanashi Sei
小鳥遊美羽		Takanashi Miwa
小鳥遊キアラ		Takanashi Kiara
小野寺小咲		Onodera Kosaki
小豆沢こはね		Azusawa Kohane
小豆梓		Azuki Azusa
小舞		Komai
小穴塞袜子		Oana Saiko
小穴		Oana
小瀬川白望		Osegawa Shirami
小早川凛子		Kobayakawa Rinko
小日向彩羽		Kohinata Iroha
小悪魔王・織田信長		Little Demon King Oda Nobunaga
小峠英二		Kotoge Eiji
小妻要		Ozuma Kaname
小便器舐め	tongue uro toilet	Licking a urinal
小便シャワー	uro	Urine shower
小人		Dwarf
尋問		Interrogation
封神		Fengshen
寿真		Kotobuki Makoto
寿みなみ		Kotobuki Minami
対魔忍アサギ(アニメ)	tm	Taimanin Asagi (anime)
対魔忍RPG		Taimanin RPG
対面座位		Face-to-face sitting position
寶月夜宵		Takatsuki Yayoi
寧々たん絵		Nene-tan illustration
寝転びション	uro	Peeing while lying down
寝巻き		Nightgown
寝室		Bedroom
寝バック		Sleeping from behind
寒冷フェチ		Cold fetish
寒中お見舞い		Winter greetings
密着		Close contact
寅丸星		Toramaru Hoshi
寅		Tora
寄せ乳	tit	Breast cleavage
家守霧子		Iemori Kiriko
家具		Furniture
家元		Head of the school
宵崎奏		Yoizaki Kanade
宴		Banquet
宮廷剣士サビーネ		Court Swordsman Sabine
宮崎邑		Miyazaki Yuu
宮尾美也		Miyao Miya
宮下愛		Miyashita Ai
室内		Indoors
実況		Live commentary
宝瞳マリン		Hōdō Marin
宝可梦		Hōkamen
定点カメラ		Fixed-point camera
宗教画		Religious painting
完熟四季王		Ripe Four Seasons King
完成		Completion
完堕ちキス		Complete fall kiss
完堕ち		Complete fall
完全裸		Completely naked
安藤(GuP)	©	Ando (GuP)
安産祈願		Prayer for safe childbirth
安産		Safe childbirth
安心院アンジェリーナ		Anshin'in Angelina
安心して下さい、生えてますよ		Don't worry, it's growing
安全日		Safe day
安ピンの日		Safe pin day
守岸人		Morigishinto
守りたい、この笑顔		I want to protect this smile
宇津见绘里世		Utsumi Eriyo
宇崎瞳		Uzaki Hitomi
宇宙戦艦ヤマト		Space Battleship Yamato
宇宙ドーナツ		Space donut
宇宙		Space
宇佐美みいな		Usami Miina
宅配便		Delivery service
宁茵		Níng yīn
学生艦娘		Ningyin Student ship girl
学園ロマンチカ		School Romantica
学園トロイメライ		School Traumerei
孕婦		Pregnant woman
子宮責め		Uterine torture
子宮摘出		Hysterectomy
子宮オナホ	mast gear	Uterine masturbation device
子宮をノック		Knocking on the uterus
子宮のポーズ		Uterine pose
子供化		Infancy
嬲		Teasing
嬉ション	uro	Peeing with joy
嫐		Nǎo
媚薬ローション		Aphrodisiac lotion
婦人警官		Female police officer
娜美		Nami
娘化		Daughterification
姫騎士		Princess knight
姫野(チェンソーマン)	©	Himeno (Chainsaw Man)
姫海棠はたて		Himekaidou Hatate
姫川友紀		Himekawa Yuki
姫始め		First time as a princess
姫初め不可避		First time as a princess is inevitable
姫		Princess
委員長		Class president
姉蜘蛛		Sister spider
姉浜		Sister Hama
姉体験週間		Sister experience week
妹様マジ天使		My little sister is truly an angel
妲己(Fate)	©	Daji (Fate)
妲己		Daji
妮露		Niro
妮可		Nike
妬視		Jealous gaze
妖精騎士ガウェイン		Fairy knight Gawain
妖怪		Yokai
妖夢		Youmu
妊娠確実		Pregnancy certain
妊娠確定		Pregnancy confirmed
妊娠DB		Pregnancy DB
妃咲		Hisaki
如月火煉		Kisaragi Karen
如月ハニー		Kisaragi Honey
奶子	milk	Milk
奴隷服		Slave outfit
奴隷娼婦		Slave prostitute
奴隷堕ち		Fallen into slavery
女魔王(ステラソラ)	©	Female Demon King (Stella Sora)
女魔法使い(DQ3)	©	Female Mage (DQ3)
女高中生		Female High School Student
女賢者		Female Sage
女装男子		Crossdressing Man
女装少年		Crossdressing Boy
女肉		Female Flesh
女神		Goddess
女相撲		Female Sumo Wrestler
女盗賊		Female Thief
女湯		Women's Bathhouse
女格鬥家		Female Fighter
女戰士		Female Warrior
女戦士(DQ3)	©	Female Warrior (DQ3)
女性秘書		Female Secretary
女性形デジモン		Female Digimon
女性同士		Female-Female
女幽霊		Female Ghost
女尻	ass	Female Buttocks
女尊男卑		Female Supremacy
女孩		Female Child
女子小学生		Female Elementary School Student
女子学生		Female Student
女天使		Female Angel
女囚縛り	bond	Female Prisoner Bondage
女医		Female Doctor
女化		Female Transformation
女勇者(DQ3)	©	Female Hero (DQ3)
女児水着	swim	Girl's Swimsuit
女児ぱんつ		Girl's panties
女僧侶(DQ3)	©	Female Priest (DQ3)
女僕		Maid
女体盛り		Female body sushi
女体燭台		Female body candlestick
女体化注意		Warning: Female transformation
女体の神秘		Mystery of the female body
女仆		Maid
女上連串し喉奥	throat	Female skewered deep in the throat
女レンジャー(アラド戦記)	©	Female Ranger (Dungeon Fighter Online)
女モンスター		Female Monster
女ピエロ		Female Clown
女セルフ飲尿	uro mouth lust	Female self-drinking urine
女グラップラー(アラド戦記)	©	Female Grappler (Dungeon Fighter Online)
女クルセイダー(アラド戦記)	©	Female Crusader (Dungeon Fighter Online)
女ガンナー		Female Gunner
女の性欲		Female Sexual Desire
女の子同士		Girls Together
女の子の日		Girl's Day
女×ふた		Female x Futa
奪われた刻印		The Stolen Seal
奥沢美咲		Okusawa Misaki
奥村春		Okumura Haru
奥戸羽スミレ		Okutoba Sumire
奏流院朱美		Souryuuin Akemi
奉仕部		Service Club
奈奈姫		Nanahime
失踪した妻からの寝取られビデオレター		A Video Letter of Infidelity from My Missing Wife
夫婦以上、恋人未満。		More Than a Couple, Less Than Lovers.
太極図		Taijitu
太ももからこんにちは		Hello from the Thighs
天馬司		Tenma Tsukasa
天雨アコ(ドレス)	©	Amaame Ako (Dress)
天院紅呼鈴		Ten'in Beni Korin
天野陽菜	©	Amano Hina
天野寧々	©	Amano Nene
天野めぐみはスキだらけ!		Amano Megumi is Full of Openings!
天野めぐみはスキだらけ		Amano Megumi is Full of Openings
天野めぐみ	©	Amano Megumi
天色*アイルノーツ		Amairo*Ailnotes
天羽雅音		Amaha Masane
天空橋朋花		Tenkubashi Tomoka
天空の花嫁		Bride of the Sky
天王洲なずな		Nazuna Tennozu
天狼拳エメラルダ		Emeralda Tenrouken
天火		Tenka
天才		Genius
天川薫子		Kaoruko Amakawa
天宮薫子		Kaoruko Amamiya
天城	©	Amagi
天地無用!魎皇鬼		Tenchi Muyo! Ryo-Ohki
天地無用!		Tenchi Muyo!
天内理子		Riko Amanai
天元突破グレンラガン		Tengen Toppa Gurren Lagann
天使ルリエル		Angel Ruriel
天使みゅ。		Angel Myu.
天使の悪魔		Angel's Demon
天使しかいない		Only Angels
天体		Celestial Body
天乳	tit	Heavenly Breasts
天ノ川きらら		Kirara Amanogawa
天々座理世		Rize Tedeza
大黑塔		Great Black Tower
大麻		Marijuana
大鳳(戦艦少女)		Taihou (Battleship Girl)
大鳳(META)		Taihou (META)
大魔王と八つの柱駒		The Great Demon King and the Eight Pillar Pieces
大鎌		Great Scythe
大量放尿	uro	Massive urination
大量ぶっかけ	cum	Massive Cumshot
大輪姦	not_solo sex sm	Gang Rape
大褐色時代		The Great Tan Era
大藍祭		Great Indigo Festival
大艦巨乳主義/即夜戦	tit	Big Ship Big Breast Doctrine/Night Battle
大胆なおっぱい	tit	Bold Breasts
大空直美		Naomi Oozora
大神澪		Mio Ogami
大破		Heavy Damage
大淀(艦隊これくしょん)	©	Oyodo (Kantai Collection)
大淀		Oyodo
大気光		Great Light
大槻唯/及川雫/久川凪/城ヶ崎莉嘉/藤原肇/桐生つかさ		Yui Otsuki / Shizuku Oikawa / Nagi Hisakawa / Rika Jougasaki / Hajime Fujiwara / Tsukasa Kiryu
大槻唯		Yui Otsuki
大根		Radish
大張正己		Masami Obari
大峰		Omine
大屁股	ass	Big Butt
大宮忍		Shinobu Omiya
大姐姐		Big Sister
大垣ひなた		Hinata Ogaki
大喬		Da Qiao
大凤		Da Feng
大便	sca	Feces
大人の女性		Adult Woman
大人の世界		Adult World
大丈夫だ、問題ない		It's Okay, No Problem
大おもらし		Big Bedwetting
大9州東方祭		Great 9th State Eastern Festival
夢野花梨		Karin Yumeno
夢幻戦士ヴァリス		Valis the Dream Warrior
夜桜		Night Cherry Blossoms
夜景		Night View
夜叉姫		Yashahime
多萝西		Taraxi
多喜		Taki
多人数		Many People
多々良小傘		Kogasa Tatara
夕部ゆり		Yuri Yube
夕焼ヒノ		Hino Yuuyake
夕焼け		Sunset
夕暮れ		Twilight
夕時雨		Evening Rain
夕張		Yubari
夏空のやくそく		Summer Sky Promise
夏神楽		Summer Kagura
夏目アンアン		An'an Natsume
夏洛特		Xia Luot
夏侯雪		Xiahou Xue
夏休みの工作(子供)		Summer Vacation Craft (Children)
夏の災難!?		Summer Disaster!?
夏の思い出		Summer Memories
変身		Transformation
変態王子と笑わない猫。		The Perverted Prince and the Laughing Cat.
変態王子と笑わない猫		The Perverted Prince and the Laughing Cat
変態女		Perverted Woman
変幻装姫シャインミラージュ		Shapeshifting Princess Shine Mirage
売買		Buy and Sell
売り切れてるよ…再販希望		Sold Out... Hoping for a Restock
声望		Voice of Desire
声我慢		Hold Back Your Voice
士道さん美味しそうですわ		Shido-san Looks Delicious
壊理		Eri
壁ション	uro	Peeing Against the Wall
塩見周子		Shiomi Shuko
塞雷娅		Saireiya
塞蕾斯蒂娅		Saireitiya
堕霊夢		Fallen Reimu
堕姫		Daki
堕ち		Fallen
堀北鈴音		Horikita Suzune
埴安神袿姫		Haniyasushin Keihime
城壁のハチコ		Hachiko of the Castle Wall
埋まりたい乳	tit	Breasts I Want to Bury In
埃塞克斯		Essex
地雷		Landmine
地産地消		Local Production for Local Consumption The Earth was blue
地球は青かった		Hell Teacher Nube
地獄先生ぬ〜べ〜		Plain
地味		Underground fighting arena
地下闘技場		Tabi boots
地下足袋		Basement
地下室		Underground idol shameful exposure live
地下アイドル羞恥露出ライブ		Underground idol
地下アイドル		Overwhelming survey
圧倒的なアンケート		Saint Louis
圣路易斯		Christmas
圣诞		Christmas
圣地亚哥		Santiago
土佐(アズールレーン)	©	Tosa (Azur Lane)
園崎魅音		Sonozaki Mion
图耶		Tuya
国风		National style
固法美偉		Kofumii
固め		Holding down
図書館		Library
囲夜琴音		Iya Kotone
因幡はねる		Inaba Haneru
四肢封印		Limb sealing
四竜大公		Four Dragons Grand Duke
四条貴音/三浦あずさ/桜守歌織/百瀬莉緒		Takane Shijou / Azusa Miura / Kaori Sakuramori / Rio Momose
四本腕		Four Arms
四国めたん		Shikoku Metan
囚犯		Prisoner
囚人服		Prisoner Uniform
囚われの身		Captive
器具くぱぁ		Spreading Device
噛みつき		Biting
噂のガノトトス		The Rumored Ganototos
嘉米		Kamai
喷水		Squirting Water
喷乳	milk	Squirting Milk
喪服		Mourning Clothes
喉射	throat	Throat Shot
喉奥射精	cum throat	Deep Throat Ejaculation
商業誌		Commercial Magazine
商業		Commercial
商人ちゃん		Merchant-chan
唾液風呂	mouth	Saliva Bath
唯登詩樹		Yuito Shiki
唯		Yui
唐九夏还想再躺一下		Tang Jiuxia Wants to Lie Down Again
唐九夏		Tang Jiuxia
哪吒之魔童闹海		Nezha's Demon Child in the Sea
哥布林		Goblin
咲畑梨深		Sakihata Rimi
咥えゴム(使用済み)	mouth	Used condom on mouth
和風ビキニアーマー	costume	Japanese-Style Bikini Armor
和铃		Wasuzune
和泉香織		Izumi Kaori
和泉愛衣		Izumi Ai
和泉元エイミ(臨戦)	©	Izumi Gen Amy (Ready for Battle)
和彫		Japanese tattoo
和式便所		Japanese-style toilet
和室		Japanese-style room
咀嚼		Chewing
呪術廻戦		Jujutsu Kaisen
周防桃子		Suou Momoko
周防有希		Suou Yuki
吹雪		Fubuki
吹寄制理		Fukiyose Seiri
吸血鬼狩人フーリ		Vampire Hunter Furi
吸血鬼		Vampire
吸い付きたくなるオッパイ	tit	Boobs you want to suck on
吟霖		Yin Lin
吞精	cum	Swallowing semen
君のことが大大大大大好きな100人の彼女		100 girlfriends who really, really, really, really love you
君たちにとっては多分、パラレルワールドの出来事だ		For you, it's probably an event in a parallel world
吐舌	tongue	Spitting out tongue
后入式		After-entry ceremony
后入		After-entry
名札		Name tag
名探偵プリキュア!		Detective Precure!
名古屋団地		Nagoya housing complex
同意せざるを得ない		I have no choice but to agree
同人再録		Doujin reprint
同一CP		Same pairing
同キャラ		Same character
吊袜带		Suspenders
吊带袜天使		Suspenders and Suspenders Angel
吊り革		Handrail
吉田優子		Yuko Yoshida
吉安娜		Anna Yoshida
合法乳首	nip	Legal nipples
司波深雪		Miyuki Shiba
右下のパイズリ	tit dick	bottom-right paizuri
台詞無し4ページ・マンガ		4-page manga with no dialogue
可畏(碧蓝航线)	©	Kei (Azur Lane)
可畏		Kei
可琳		Karin
可愛い女子		Cute girl
可愛い女の子		Cute girl
可哀想な藍様		Poor Lady Ran
召雷剣【麒麟帝】		Summoning Thunder Sword [Kirin Emperor]
召姦		Summoning Rape
召喚少女		Summoning Girl
古鷹(艦隊これくしょん)	©	Furutaka (Kantai Collection)
古鷹		Furutaka
古関ウイ		Ui Koseki
古賀ゆいな		Yuina Koga
古見さんは、コミュ症です		Komi Can't Communicate
古装		Ancient clothing
古米		Furumai
古手梨花		Rika Furude
古代エジプト		Ancient Egypt
口隠し	mouth	Mouth Hidden
口腔性交	mouth	Oral sex
口球	mouth	Mouthball
口内指責め	mouth	Finger torture in mouth
口中射精	cum	Ejaculation in mouth
口マンコ	pussy mouth	Mouth pussy
口	mouth	Mouth
叢雲改二		Murakumo Kai Ni
叢雲/古鷹/加古		Murakumo/Furutaka/Kako
受容死		Receptive death
受けツリ眼		Receptive slanted eyes
取扱説明書		Instruction manual
反差		Contrast
双葉理保		Futaba Riho
双葉杏		Futaba Anzu
友達の妹が俺にだけウザい		My friend's little sister is annoying only to me
友人A		Friend A
参加型		Participatory
原神イラコン2周年衣装		Genshin Impact Illustration Contest 2nd Anniversary Outfit
原画	oc	Original drawing
原田真琴		Harada Makoto
原尻		Harada ass
原创角色	oc	Original character
厚化粧		Heavy makeup
即負け		Instant defeat
即堕ち		Instant fall
卯月		Uzuki
卜灵		Buling
卜卜		Bulbu
博艾		Boai
博礫		Boreki
博安		Boan
博傭		Boying
単行本宣伝(成人漫画)		Book promotion (adult manga)
単根		Single Root
南野奏		Minamino Kanade
南瓜		Pumpkin
南夢芽		Minami Yume
南半球×2		Southern Hemisphere x2
卒アルデリヘル		Graduation Album Delivery Service
卑弥呼(Fate)	©	Himiko (Fate)
半龍半人		Half-Dragon, Half-Human
半首(はつぶり・小具足)	©	Hantsuburi (Hatsuburi Kogusoku)
半熟英雄		Half-Baked Hero
午年		Year of the Horse
千鶴ちゃん開発日記		Chizuru-chan Development Diary
千鶴		Chizuru
千鳥ヶ淵愛音		Chidorigafuchi Aine
千葉凪沙		Chiba Nagisa
千草ナナ		Chigusa Nana
千織(原神)	©	Qianli (Genshin Impact)
千枝		Chie
千束		Chitsuka
千早愛音		Chihaya Aine
千斗		Sento
千手攻め		Thousand-Armed Attack
千川ちひろ		Senkawa Chihiro
千堂瑛里華		Sendo Erika
千凛あゆむ		Senrin Ayumu
北条沙都子		Hojo Satoko
北条そふぃ		Hojo Sophie
北方棲姫		Northern Princess
北斗(原神)	©	Beidou (Genshin Impact)
北大路さつき		Kitaoji Satsuki
勘解由小路ユカリ		Kadekoji Yukari
動物耳	fantasy	Animal ears
動物森友會	tm	Animal Crossing
勇者用壁紙		Wallpaper for heroes
勇者向け		For heroes
勇者		Hero
勇気爆発バーンブレイバーン		Courage explosion Burn Brave Burn
勇儀姐さん		Yugi-nee-san
勃起ペニス	dick	Erect penis
加賀道夫		Kaga Michio
加賀(艦隊これくしょん)	©	Kaga (Kantai Collection)
加賀(アズールレーン)	©	Kaga (Azur Lane)
加奈子と千尋		Kanako and Chihiro
劇画		Graphic manga
割烹着		Apron
割れ目		Crack / Fissure
剧情		Plot
剥製		Stuffed animal
剥ぎ取れそうなパンツ		Pants that look like they could be ripped off
剣士ミーティア		Meteor swordsman
剣士ショート		Short swordsman
剣オナニー	mast toy	Sword masturbation
前転		Forward roll
前立腺		Prostate
前掛けだけ隠岐奈		Okina wearing only an apron
前手縛り		Hands tied in front
前戯		Foreplay
前屈み		Bending forward
前垂れ		Apronating apron
前かがみ		Leaning forward
刻刀		Kokuto
刻俄柏		Kokugashiwa
刺青/タトゥー/巨乳首	tit	Tattoo/Tattoo/Big breasts
刺客伍六七		Assassin 567
制裁		Punishment / Sanctions
制服裸足		Barefoot in school uniform
利根型		Tone type
利根(艦隊これくしょん)	©	Tone (Kantai Collection)
利根		Tone
利尿剤	uro	Diuretic
別冊コミックアンリアル		Bessatsu Comic Unreal
初風		First wind
初音未来		Hatsune Miku
初雪		First Snow
初月		First Moon
初春飾利		Kazari Hatsuharu
刑務所		Prison
切腹		Seppuku
切株		Tree stump
切原眞子		Mako Kirihara
切り株		Tree stump
切り取り線		Dotted line
切り刻み		Chopping
分身姦		Clone Rape
刃物		Blade
刀使ノ巫女		Toji no Miko (Sword Maiden)
出したい砲台		Cannon Wanting to Release
凰鈴音		Huang Lingyin
処女ビッチ		Virgin Bitch
処女アナル	anal	Virgin Anal
凛(ウルトラヒロイン)	©	Rin (Ultra Heroine)
凍傷		Frostbite
冷やし女の子はじめました		Started a Chilled Girl Business
冴えカノ		Saekano
冥土へ誘うものアイリ		Airi, the One Who Leads to the Underworld
冥冥		Meimei
冒険者		Adventurer
再掲		Republished
再投稿		Repost
円城咲耶		Enjou Sakuya
円光		Enkou (compensated dating)
内視鏡		Endoscope
内田ユカ		Uchida Yuka
兽人		Beastman
共通点:へそ出し		Common Point: Bare Navel
共通点:おっぱい	tit	Common Point: Breasts
六郷沙織		Rokugo Saori
六角形の宝石を探す本		The Book to Find Hexagonal Gems
六本腕		Six Arms
六本木サディスティックナイト		Roppongi Sadistic Night
六尺褌		Six-Foot Loincloth
公開処刑		Public Execution
公有物少女		Public Property Girl
公式が追いついた		Official Catch-up
公園		Park
公共场合		Public Place
八雷神		Eight Thunder Gods
八重樱		Yaezakura
八重桜		Yaezakura
八重の桜		Yae no Sakura
八神ヒカリ		Hikari Yagami
八神コウ		Kou Yagami
八男って、それはないでしょう!		The Eighth Son? That Can't Be Right!
八王子直人		Naoto Hachioji
八潮瑠唯		Rui Yashio
八代護		Mamoru Yashiro
兩穴		Two Holes
全身網タイツ		Full Body Fishnet Stockings
全身コキ	mouth dick	Full Body Blowjob
全裸露出		Nude Exposure
全裸登校		Nude School Attendance
全裸待機		Nude Waiting
全裸コート		Nude Coat
全裸になると変身バンク開始		Transformation Sequence Begins When Naked
全年齢		All Ages
全員集合		All Together
內臟		Internal Organs
入須冬実		Fuyumi Irisu
入れ墨		Tattoo
児玉りん		Rin Kodama
児玉さん		Kodama-san
兎耳		Rabbit Ears
兎と人参		Rabbit and Carrot
克利奥佩特拉		Christopher Petra
光魔后妃リリス		Lilith, Queen of Light
光神話・パルテナの鏡		Kid Icarus: Uprising
光焔の御子シャルロット		Charlotte, Child of Light and Flame
光焔の御子		Child of Light and Flame
光影练习		Light and Shadow Practice
光学迷彩		Optical Camouflage
光井ほのか		Honoka Mitsui
光る目		Shining Eyes
光のコヤンスカヤ		Koyanskaya of Light
光と水のダフネ		Daphne of Light and Water
光		Light
先輩最高です。		Senpai is the best.
先生ありのままでイキマショウw	cum	Teacher, let's cum just as we are lol
先生!中出しは修正ですか?	cum	Teacher! Is the cumshot censored?
先ホシ		First Star
先っぽちゅーちゅー		Tip Sucking
先っちょ当て		Tip Touch
先っちょフェラ	dick	Tip Fellatio
優曇華		Udonga
儀玄		Yi Xuan
僧侶		Monk
僕##のヒーローアカデミア		My Hero Academia
像素		Pixel
傾国		Nation-Bending
傳說對決		Legendary Duel
催眠調教		Hypnotic training
催眠術2		Hypnotism 2
催眠性指導		Hypnotic instruction
催眠JKシリーズ		Hypnotic JK series
催淫弾		Aphrodisiac bullet
催淫媚薬粘液		Aphrodisiac slime
傘木希美		Kasaki Nozomi
傘		Umbrella
偽島		Fake island
側位		Side position
停云		Stop the clouds
倉敷麗華		Kurashiki Reika
俺ツイ		My pigtails
俺は全てを【パリイ】する		I'll parry everything
俺の知ってる落書きと違う		This is different from the graffiti I know
俺の名を言ってみろ		Say my name
俺の主砲が一斉掃射		My main cannons fire all at once
俺たちの青春		Our youth
俺、ツインテールになります。		I'll have pigtails.
俯瞰		Overhead view
修羅場		Scene of conflict
信頼のおっぱい率	tit	Reliable breast ratio
信濃		Shinano
信浓		Shinano
便秘		Constipation
便女ブラシ		Toilet girl brush
便器拘束	uro	Toilet restraint
便器娘たちのドラゴンクエスト	uro	Dragon Quest of toilet girls
便器埋め込み	uro	Toilet embedded
便器の子	uro	Toilet child
便利屋68		Handyman 68
便ザー		Toilet spray
依田芳乃		Yoshino Yoda
依存		dependence
供養		memorial service
侑那		Yuna
侍魂		samurai spirit
例大祭8コンテスト+地霊殿		Reitaisai 8 Contest + Subterranean Animism
例大祭8コンテスト		Reitaisai 8 Contest
例大祭14		Reitaisai 14
例大祭11		Reitaisai 11
例の下着		That underwear
例のプール		That pool
使用済みコンドームフェイスベール		Used condom face veil
使い魔		Familiar spirit
佩丽卡		Peika
作者巡回済み		Author has already visited.
作者の花村好きは異常		The author's love for Hanamura is abnormal.
何故か偏るアンケート		Why is the survey so biased?
何このやらしい生き物		What is this lewd creature?
何かのキャラだと思う		I think it's some kind of character.
体育館		Gymnasium
体育着		Gym Clothes
体育倉庫		Gym Storage Room
体罰		Corporal Punishment
体液		Body Fluids
体洗い		Body Washing
体外式ポルチオマッサージ		External Porchio Massage
佐藤心/宮本フレデリカ		Sato Kokoro/Miyamoto Frederica
佐天涙子		Saten Ruiko
佐倉愛里		Sakura Airi
佐倉ひびき		Sakura Hibiki
佐伯麗奈		Saeki Reina
佐久間怜子		Sakuma Reiko
佐々木柑奈		Sasaki Kanna
伪装拘束		Disguise Restraint
伦道夫		Lun Do-o
伝説級のテクニカル		Legendary Technical Skill
伝説の勇者の伝説		The Legend of the Legendary Hero
伝説のタイガー		The Legendary Tiger
伝承地底世界アガルタ		Agartha, the Legendary Underground World
伝勇伝		The Legend of the Legendary Heroes
优香		Yuuka
伏摩		Fumo
伍六七		Wu Liuqi
伊藤乃絵美		Ito Noemi
伊薇特		Ivit
伊落マリー(体操服)	©	Marie Iraku (Gym Uniform)
伊莎蓓尔Isabel		Isabele Isabel
伊莎蓓尔		Isabele
伊草ハルカ		Igusa Haruka
伊瀨見緹娜		Isemi Dina
伊東一刀斎		Ito Ittosai
伊吹萃香		Ibuki Suika
伊什塔尔		Ishtar
伊634		I-634
伊25(アズールレーン)	©	I-25 (Azur Lane)
伊19(アズールレーン)	©	I-19 (Azur Lane)
伊168		I-168
仲正イチカ		Nakasho Ichika
仰け反り		Backbend
仮面		Mask
令嬢丼		Young Lady Donburi
仙道八		Xian Dao Hachi
仙界伝封神演義		Fengshen Yanyi (Legend of the Immortal Realm)
仙侠		Xianxia
他者変身		Transformation of Others
他所様の看板娘		Another Shop's Poster Girl
仕込みローター		Prepared Rotor
仕事		Work
今週のまで読んだ		I Read Up to This Week's Issue
今夜は寝かさないぞ		I Won't Let You Sleep Tonight
今井リサ		Imai Lisa
人魚姦		Mermaid Rape
人魚スーツ		Mermaid Suit
人間椅子		Human Chair
人間便器マスク	uro	Human Toilet Mask
人間トイレ		Human Toilet
人造人間キカイダー		Android Kikaider
人造人間21号		Android 21
人生終了		Life Over
人権剥奪		Deprivation of Human Rights
人外肌		Non-Human Skin
人外百合	not_solo yuri fantasy	Non-Human Yuri
人体実験		Human Experimentation
人体かばん		Human Bag
人それをセクハラという		People Call That Sexual Harassment
京極サツキ		Kyogoku Satsuki
京乃まどか		Kyono Madoka
交尾		Mating
交互ズリ		Alternating Rubbing
亜美真美		Ami Mami
亜也子(逃げ上手の若君)	©	Ayako (The Young Lord Who's Good at Running Away)
五郎		Goro
五花大绑		Five Flowers in a Tie
五月雨(艦隊これくしょん)	©	Samidare (Kantai Collection)
五月雨		Samidare
五十鈴華		Isuzu Hana
五十鈴牧場		Isuzu Ranch
五十嵐響子		Igarashi Kyoko
五十嵐梨花		Igarashi Rika
互		Mutual
云堇		message
二穴バイブ		Two-hole vibrator
二次创作		2D creation
二次元ドリームマガジン		2D dream magazine
二次元コミックマガジン		2D comic magazine
二次元		2D
二次エロ		2D erotica
二宮飛鳥/鷺沢文香/白坂小梅/白雪千夜/砂塚あきら		Ninomiya Asuka / Sagisawa Fumika / Shirasaka Koume / Shirayuki Chiya / Sunazuka Akira
二宮飛鳥		Ninomiya Asuka
二人三脚		Three-legged race
二人		Two people
二プルファック	nip insert	Nipple fuck
事後アイドル		Post-Costume Idol
乾紗寿叶		Inui Sasuka
乾心寿		Inui Shinju
乳首開発	nip	Nipple Development
乳首責めフェラ	nip mouth dick	Nipple Torture Fellatio
乳首肥大化	nip	Nipple Enlargement
乳首攻め	nip	Nipple Attack
乳首吸引	nip	Nipple Suction
乳首吊り/クリ吊り	clit nip	Nipple Hanging/Clit Hanging
乳首切断	nip	Nipple Cutting
乳首ローター	nip	Nipple Rotor
乳首ボルト	nip	Nipple Bolt
乳首ピアス/クリピアス/双頭ディルド/陰毛	clit nip pierc	Nipple Piercing/Clit Piercing/Double-Headed Dildo/Pubic Hair
乳首ピアス/へそピアス/クリピアス/ジュエリーアナルプラグ	clit nip pierc anal	Nipple Piercing/Navel Piercing/Clit Piercing/Jewelry Anal Plug
乳首ビアス	nip pierc	Nipple Piercing
乳首コキ	nip  mouth dick	Nipple Blowjob
乳首クランプ	nip	Nipple Clamp
乳首アクセサリー	nip	Nipple Accessories
乳首に防犯ブザー	nip	Security Alarm on Nipple
乳首に鈴	nip	Bell on Nipple
乳首に名札/乳首ピアス	nip pierc	Name Tag on Nipple/Nipple Piercing
乳首ちんこ	nip	Nipple Penis
乳首いじり	nip	Nipple Play
乳链	nip	Nipple chains
乳釘	nip	Nipple nails
乳透け	nip	Nipple transparency
乳輪/輪チラ	nip	Accidental areola exposure
乳蜘蛛	nip	Nipple spider
乳虐	nip	Nipple abuse
乳色吐息	milk	Milk-Colored Sigh
乳舐め	nip tongue	Nipple licking
乳腺拡張	tit	Mammary Gland Dilation
乳腺	tit	Mammary Glands
乳胶		Latex
乳股弄り	nip	Nipple and crotch play
乳縛	nip	Nipple binding
乳穴拡張	nip	Nipple hole dilation
乳破壊	nip	Nipple destruction
乳牛崎	© milk	Milky Cow Ushio Noa
乳波	nip	Nipple waves
乳比べ	nip	Nipple comparison
乳房拷問	tit	Breast Torture
乳尻太股	nip	Nipple buttocks and thighs
乳刺し	nip pierc	Nipple piercing
乳伸ばし	nip	Nipple stretching
乳乗せ	nip	Nipple resting
乳上	nip	Nipple lift
乳ベルト	nip	Nipple belt
乳ピアス	nip pierc	Nipple piercing
乳ビンタ	nip	Nipple slapping
乳ノ川きらら		Chinokawa Kirara
乳テント	nip	Nipple tent
乳クラウン	nip	Nipple crown
乳は重そうですけどね	tit	Breasts seem heavy, though.
乳の所まで飲み干したら次はまさか・・・	tit	If you drink it all the way down to the breasts, what's next...?
乳のあるイケメン	tit	Handsome Man with Breasts
乳なる神	tit	Goddess of Breasts
乳いじめ	nip	Nipple abuse
乱菊		Rangiku
乱シャ		Ransha
乱れ髪		Messy Hair
九重椿		Kokonoe Tsubaki
九邪戦乱の章		Chapter of the Nine Evil Wars
九条裟羅の服		Kujo Sara's outfit
九尾		Nine-Tailed Fox
九一式徹甲乳	tit	Type 91 Armor-Piercing Breasts
乙女ゲームの破滅フラグしかない悪役令嬢に転生してしまった…		I was reincarnated as the villainess in an otome game with nothing but doom flags...
乗馬マシン		Riding machine
乗っ取り		Takeover
久川颯		Hisakawa Hayate
乃木園子		Nogi Sonoko
主サレ		Master Sare
丹生谷森夏		Nibutani Morika
丹瑾		Dan Jin
丸眼鏡		Round glasses
串刺し貫通	pierc	Impaling and piercing
中間棲姫		Nakajima Abyssal Princess
中長手袋		Medium-length gloves
中野美玖		Nakano Miku
中野四葉		Nakano Yotsuba
中西獲座		Nakanishi Eiza
中艦ぱい		Nakajima Pai
中文		Chinese
中指		Middle finger
中島ぺぺろ		Nakajima Pepero
中の人		The person inside
両穴くぱぁ		Both Holes Spread Wide Open
両手に茎/エロ蹲踞/べろちゅー/対面座位/腕輪/網タイツ		Stems in Each Hand / Erotic Squatting / French Kiss / Face-to-Face Sitting Position / Bracelets / Fishnet Stockings
両手に花		A beautiful woman on each arm
両儀式		Shiki Ryougi
东雪莲		Yuuren Tou
世界樹の迷宮		The Labyrinth of the World Tree
世界樹でよくあること。		Things That Often Happen at the World Tree
世界最高の暗殺者、異世界貴族に転生する		The World's Best Assassin Reincarnates as an Isekai Noble
世界地図		World Map
世田谷まり		Mari Setagaya
丑年		Year of the Ox
不良道-ギャングロード		Delinquent Way - Gang Road
不良ちゃん		Delinquent Girl
不良		Delinquent
不破氷菓		Hyouka Fuwa
不知火舞コス		Mai Shiranui Cosplay
不知火舞vsかすみ		Mai Shiranui vs. Kasumi
不来方とあ		Toa Kogata
不夜城のキャスター		Caster of the City That Never Sleeps
不二咲千尋		Chihiro Fujisaki
下脱ぎセーラー		Sailor outfit with bottoms removed
下着艦娘		Underwear Ship Girl
下痢便		Diarrhea
下江コハル		Shimoe Koharu
下水道		Sewer
下品		Vulgarity
下克上		Overthrowing the established order
下乳艦娘南半球進出作戦	tit	Operation Southern Hemisphere Expansion of the Underboob Ship Girls
下ネタという概念が存在しない退屈な世界マン●篇		A boring world where the concept of dirty jokes doesn't exist: Man Chapter
下ネタという概念が存在しない退屈な世界		A boring world where the concept of dirty jokes doesn't exist
下ズレ		Slipping Down
下にも出したい		Want to Put It Down Too
上野さんは不器用		Ueno-san is Clumsy
上藤政樹		Masaki Kamifuji
上葉みあ		Mia Kamiba
上白沢慧音		Keine Kamishirasawa
上海人形		Shanghai Doll
上海アリス幻樂団		Team Shanghai Alice
上海		Shanghai
上条当麻		Touma Kamijou
上履き		School Shoes
上原歩夢		Ayumu Uehara
上原彩也香		Sayaka Uehara
上半身裸		Topless
上伊那ぼたん、酔へる姿は百合の花		Botan Kamiina, Drunk, Looks Like a Lily
上伊那ぼたん		Botan Kamiina
三鷹アサ		Asa Mitaka
三面図		Three-View Drawing
三隈		Mikuma
三角木马		Triangular Wooden Horse
三船美優		Miyu Mifune
三玖		Miku
三点責め		Three-Point Attack
三国無双7		Dynasty Warriors 7
三国無双		Dynasty Warriors
三匹の子豚		The Three Little Pigs
万乗パンツ		Manjo Pants
七草真由美		Nanagusa Mayumi
七海優乃		Nanami Yuno
七海nana7mi		Nanami nana7mi
七咲逢		Nanasaki Ai
七七(原神)	©	Qiqi (Genshin Impact)
七七		Nanana
七つの大罪(ホビージャパン)	©	The Seven Deadly Sins (Hobby Japan)
七つの大罪		The Seven Deadly Sins
丁礼田舞		Choreida Mai
一騎当千		One Against a Thousand
一転攻勢		A Counterattack
一番いい浅生さんを頼む		Please Give Me the Best Asao-san
一番いいエロを頼む		Please Give Me the Best Erotica
一本鞭		One Whip
一宮エルナ		Ichinomiya Elna
一人称		First Person
一之瀬さん		Ichinose-san
一マリ		Ichimari
一ノ瀬アスナ		Ichinose Asuna
ヴェール		Veil
ヴェルメイ		Vermey
ヴェリニー		Velini
ヴェリィ・ベリィ		Very Berry
ヴェナリータ		Venalita
ヴィーナスランブル		Venus Rumble
ヴィヴィアン(M.vv)		Vivian (M.vv)
ヴィヴィ		Vivi
ヴィルトゥオーサ(アークナイツ)	©	Virtuosa (Arknights)
ヴィランズ		Villains
ヴィットリオ・ヴェネト級		Vittorio Veneto class
ヴィットリオ・ヴェネト		Vittorio Veneto
ヴィタ		Vita
ヴィグナ(アークナイツ)	©	Vigna (Arknights)
ヴィクトル		Victor
ヴァンパイア(アズールレーン)	©	Vampire (Azur Lane)
ヴァルキリー		Valkyrie
ヴァリアブル・ジオ		Variable Geo
ヴァニラ		Vanilla
ヴァジラ		Vajra
ヴァイス(アルカナハート)	©	Weiss (Arcana Heart)
ヴァイス		Weiss
ンドフィールド		Ndfield
ワールドフリッパー		World Flipper
ワーム		Worm
ワーフリ		Warfli
ワーハクタク		Warhakutaku
ワーグ(ラストオリジン)	©	Warg (Last Origin)
ワレメ		Waremen
ワニマガジン		Wani Magazine
ワダアルコ		Wada Arco
ワシミミズク(けものフレンズ)	©	Great Horned Owl (Kemono Friends)
ワクワクもんだぁ!		It's Exciting!
ワキ毛		Armpit Hair
ワキガ		Armpit Odor
ワイズナー		Wisner
ローレン・ラーライア・ドゥ・ルビエルテ		Lauren Lauraia de Rubierte
ローレンス乃亜子		Lauren Noako
ローレシアの王子		Prince of Lorecia
ローレグ		Loreg
ロール・キャスケット		Roll Casket
ロールちゃん(ロックマン)	©	Roll-chan (Mega Man)
ローラー搾乳	milk gear	Roller milking
ローマ(艦これ)	©	Roma (Kancolle)
ローマ		Rome
ローファー		Loafers
ロードオブヴァーミリオン		Lord of Vermilion
ローションプレイ		Lotion Play
ローションガーゼ		Lotion Gauze
ロングヘア		Long Hair
ロリ爆乳/乳内射精	cum tit loli	Loli Huge Breasts/Intramammary Ejaculation
ロリ巨尻	ass loli	Loli Big Butt
ロリ妊婦	loli	Loli Pregnant Woman
ロリータ	loli	Lolita
ロリンチ	loli	Lolinch
ロリババァ	loli	Loli Granny
ロリバニー	loli	Loli Bunny
ロリィタ	loli	Lolita
ロマンティックあげるよ		I'll Give You Romance
ロマンス		Romance
ロボ娘		Robo Girl
ロボット		Robot
ロボ		Robo
ロビン(スターレイル)	©	Robin (Star Rail)
ロックマンDASH		Rockman DASH
ロックマン		Rockman
ロック		Rock
ロゼッタ(スーパーマリオ)	©	Rosalina (Super Mario)
ロシデレ		Rosidere
ロサリア(原神)	©	Rosaria (Genshin Impact)
ロサリア		Rosalia
ロケットモンスター		Rocket Monster
ロイヨル		Royol
ロイヤル・アイシング		Royal Icing
ロイヤルレディの海		Royal Lady's Sea
ロイヤルペンギン(けものフレンズ)	©	Royal Penguin (Kemono Friends)
ロイヤルプリンセス(花騎士)	©	Royal Princess (Flower Knight)
ロイヤルプリンセス		Royal Princess
ロイド・ガッシュ		Lloyd Gash
ロり	loli	Loli
レースグローブ		Racing gloves
レーシングスーツ		Racing suit
レヴィ		Revi
レンタルコキ	dick	Rental cock
レミリア		Remilia
レミュアン(アークナイツ)	©	Remiuan (Arknights)
レポ漫画		Report manga
レベッカ・ストライサンド		Rebecca Streisand
レベッカ		Rebecca
レナ・シャルロット・タイクーン		Rena Charlotte Tycoon
レディーデビモン		Lady Devimon
レッドブル		Red Bull
レッドフード(漫画)	©	Red Hood (Manga)
レゼ(チェンソーマン)	©	Reze (Chainsaw Man)
レズ奴隷	not_solo yuri sm	Lesbian slave
レジ袋みたいな服着やがって		Wearing clothes that look like a plastic bag
レザ蛍		Leza Firefly
レザー(原神)	©	Razor (Genshin Impact)
レギンス		Leggings
レキシントン(CV-16)	©	Lexington (CV-16)
レキシントン		Lexington
レオナ・ウェスト		Leona West
レオナルド・ダ・ヴィンチ(Fate)	©	Leonardo da Vinci (Fate)
レオタ見せ衣装		Leotard-revealing outfit
レウィシア・アクアブルー		Lewisia Aquablue
レイラン		Leilan
レイブン		Raven
レイファン		Reifan
レイナーレ		Reinare
レイチェル(マーシャルチャンピオン)	©	Rachel (Martial Champion)
レイコ・ホリンジャー		Reiko Hollinger
レイぱい		Reipai
ルーンファクトリー4		Rune Factory 4
ルールー		Lulu
ルーナ		Luna
ルージュ・ザ・バット		Rouge the Bat
ルーシー(エッジランナーズ)	©	Lucy (Edge Runners)
ルーシィ・ハートフィリア		Lucy Heartfilia
ルフユ		Rufuyu
ルファス・マファール		Rufus Mafahl
ルピー(勝利の女神:NIKKE)	©	Rupee (Goddess of Victory: NIKKE)
ルビー		Ruby
ルパン三世		Lupin III
ルバース		Rubers
ルナプロフェシー		Luna Prophecy
ルシファー(モンスト)	©	Lucifer (Monster Strike)
ルシファー		Lucifer
ルシェ		Rushe
ルカ様に鞭でしばかれ隊		The Squad to be Whiped by Luca-sama
ルカ様に踏まれ隊		The Squad to be Stepped On by Luca-sama
ルカ様		Luca-sama
ルカリお姉さん		Lucari-nee-san
ルイ友		Luis's Friend
ルイス・キャミー		Lewis Cammy
リーリエ(トレーナー)	©	Lillie (Trainer)
リーリエ(アニポケ)	©	Lillie (Anime Pokemon)
リーリエ		Lillie
リーフちゃん(ベルギロ産)	©	Leaf-chan (Belgiro)
リード(アークナイツ)	©	Reed (Arknights)
リード		Lead
リーゼロッテ=シャルロック	©	Lieselotte Sherlock
リーズレット		Lieselotte
リース(聖剣伝説3)	©	Riesz (Trials of Mana)
リーザ・フローラ・メルノ		Liza Flora Melno
リーザ		Liza
リーグオブレジェンズ		League of Legends
リン・シャオユウ		Lin Xiaoyu
リンボー舞		Limbo Dance
リンネー		Linne
リンディス		Lindis
リングギャグ		Ring Gag
リン(アークナイツ)	©	Lin (Arknights)
リリー		Lily
リリミヅ		Lilimizu
リリス(Fate)	©	Lilith (Fate)
リラ(トレーナー)	©	Lila (Trainer)
リョナ･･･?	ryona	Ryona...?
リューネ・ゾルダーク		Lune Zoldark
リュウ		Ryu
リムアリーシャ		Rim Alisha
リム(魔弾の王と戦姫)	©	Rim (Lord Marksman and Vanadis)
リム		Lim
リボン縛り		Ribbon Binding
リボンの武者		Ribbon Warrior
リベッチオ		Libecchio
リドリー		Ridley
リトルマーメイド(勝利の女神:NIKKE)	©	The Little Mermaid (Goddess of Victory: NIKKE)
リトルマーメイド		The Little Mermaid
リトルウィッチアカデミア		Little Witch Academia
リッカー		Ricker
リッカ		Rikka
リチュア・マーカー		Ritual Marker
リチュア		Ritual
リタ・ファレン		Rita Faren
リタ		Rita
リゼ		Lize
リズきゅん		Liz-kyun
リズ		Liz
リストカット		Wrist Cutting
リスカム(アークナイツ)	©	Liskarm (Arknights)
リス		Squirrel
リジネッタさん		Riginetta-san
リシュリュー(アズールレーン)	©	Richelieu (Azur Lane)
リコーダー		Recorder
リアルなおへそ		Real Navel
ラーメン		Ramen
ラーテル		Honey Badger
ラース		Lars
ラージホール		Large Hole
ラ・プルマ(アークナイツ)	©	La Pluma (Arknights)
ラ・ビ・アン・ローズ		La Vie en Rose
ランボー		Rambo
ランブルローズ		Rumble Roses
ランサーアルトリア		Lancer Altria
ラングレー		Langley
ラングリッサーモバイル		Langrisser Mobile
ラングリッサー		Langrisser
ラン		Ran
ラレンティア		Larentia
ララ・サタリン・デビルーク		Lala Satalin Deviluke
ラム生誕祭2017		Ram's Birthday Celebration 2017
ラムレッダ		Ramretta
ラムレザル		Ramlethal
ラム(うる星やつら)	©	Lum (Urusei Yatsura)
ラプンツェル(勝利の女神:NIKKE)	©	Rapunzel (Goddess of Victory: NIKKE)
ラブレットピアス	pierc	Love Letter Piercing
ラブラブ		Love Love
ラブラバ		Love Brava
ラブライブサンシャイン		Love Live Sunshine
ラブライブ!サンシャイン		Love Live! Sunshine
ラブライブ!PDP		Love Live! PDP
ラブライカ		Love Laika
ラブアッパー		Love Upper
ラブ★アッパー!		Love★Upper!
ラフム		Lahmu
ラフィエル		Raphael
ラピス		Lapis
ラビリビ		RabiRibi
ラビットヒーロー		Rabbit Hero
ラバー拘束		Rubber Restraint
ラバーメイド		Rubber Maid
ラバーナン		Rubber Nan
ラバーシスター		Rubber Sister
ラバーカップブラ		Rubber Cup Bra
ラノベ		Light Novel
ラナの冒険		Lana's Adventure
ラティファ		Latifa
ラッピング		Wrapping
ラジエル(グラブル)	©	Raziel (Granblue Fantasy)
ラグナロクオンライン三次創作		Ragnarok Online Fan Fiction
ラクス・クライン		Lacus Clyne
ラクシュミー		Lakshmi
ラウンドガール		Round Girl
ライラックmk2		Lilac mk2
ライラ		Laila
ライブ		Live
ライナ		Lyna
ライトノベル		Light Novel
ライチ(トレーナー)	©	Lychee (Trainer)
ライダーさん		Rider-san
ライダー(Fate/EXTRA)	©	Rider (Fate/EXTRA)
ライスシャワー(ウマ娘)	©	Rice Shower (Uma Musume)
ライスシャワー		Rice Shower
ライザリン		Ryzaline
ライザのアトリエ2		Atelier Ryza 2
ライオン(アズールレーン)	©	Lion (Azur Lane)
ライオン		Lion
ライアス		Lias
ヨーコさん		Yoko-san
ヨン・チェヨン		Yon Chaeyoung
ヨルハA型二号		Yorha Type A No. 2
ヨルハ2号B型		Yorha No. 2 Type B
ヨルッパイ		Yoruppai
ヨル		Yor
ヨウマオ		Youmao
ユーベル(葬送のフリーレン)	©	Ubel (Frieren: Beyond Journey's End)
ユーニ(ゼノブレイド3)	©	Yuni (Xenoblade Chronicles 3)
ユースティア(ブラウンダスト)	©	Youthia (Brown Dust)
ユースティア		Yustia
ユリーカ		Eureka
ユリ・サカザキ		Yuri Sakazaki
ユリド戦記		Yurido Chronicles
ユフィリア・マゼンタ		Euphilia Magenta
ユニタード		Unitard
ユニコーン		Unicorn
ユエル		Yuel
ユエソシ		Yuesoshi
ユウリ(トレーナー)	©	Yuri (Trainer)
ユウキ(橙汁)		Yuuki (Orange Juice)
ユウキ(SAO)	©	Yuuki (SAO)
ユウカ		Yuuka
ヤ・シュトラ		Y'shtola
ヤン・ナリ		Yan Nari
ヤリ捨て		One-Night Stand
ヤリチン		Yarichin
ヤリステメスブター		Yarisutemesubutā
ヤリたい放題催眠性活		Hypnotic Sex Life Where You Can Do Whatever You Want
ヤミィ		Yami
ヤマメ		Yamame
ヤスダスズヒト		Yasuda Suzuhito
ヤギ耳		Goat Ears
モーニングシャワーシリーズ		Morning Shower Series
モードレッド(Fate)	©	Mordred (Fate)
モードレッド		Mordred
モンハンワイルズ		Monster Hunter Wilds
モンスター少女		Monster Girl
モンスターボール		Monster Ball
モンスターハンターワイルズ		Monster Hunter Wilds
モンスターエナジー		Monster Energy
モンク		Monk
モルペコ		Morpeko
モルガン		Morgan
モリリリ		Mori-riri
モモカ		Momoka
モブ姦		Mob Rape
モブキャラ		Mob Character
モビルドール・サラ		Mobile Doll Sarah
モバマスアイドル乳責めシリーズ	tit	Mobamas Idol Boob Torture Series
モニカ(グラブル)	©	Monica (Granblue Fantasy)
モナーク		Monarch
モナ(デスチャ)	©	Mona (Destiny Child)
モナ		Mona
モデウス(Helltaker)	©	Modeus (Helltaker)
モデウス		Modeus
モダニア		Modania
モスティマ(アークナイツ)	©	Mostima (Arknights)
モザイクいらないから(良心)		No need for mosaic (conscience)
モザイク		Mosaic
モイ		Moi
メークレンブルク(アズールレーン)	©	Mecklenburg (Azur Lane)
メロンブックス		Melonbooks
メロディブラッド		Melody Blood
メルヘヴン		Märchen Awakens Romance
メルヘン・メドヘン		Märchen Mädchen
メルテス		Meltes
メルティ		Melty
メルゥ		Meru
メリーランド(アズールレーン)	©	Maryland (Azur Lane)
メリークルシミマス		Merry Cruelty
メリナ		Melina
メリケンサック		Brass Knuckles
メリクリ		Merry Christmas
メフレックス		Meflex
メビウス		Mobius
メドゥーサ(Fate)	©	Medusa (Fate)
メッシュ		Mesh
メチャシコウ		Mecha Shikou
メタルスラッグ		Metal Slug
メタバース		Metaverse
メス豚		Female Pig
メス男子		Female Boy
メスミスト		Mess Mist
メスドラ		Female Dragon
メギド72		Megido 72
メガミデバイス		Megami Device
メガネっ子		Glasses Girl
メガストアα		Megastore α
メガストア		Megastore
メガサーナイト(色違い)	©	Mega Gardevoir (Shiny)
メガサーナイト		Mega Gardevoir
メカバレ		Mecha Bare
メイヴ(Fate)	©	Maeve (Fate)
メイヴ		Maeve
メイリン・ホーク		Meilin Hawk
メイド少年		Maid Boy
メイド喫茶		Maid Cafe
メイドラゴン		Mai Dragon
メイド/達磨/性器ピアス/ガバマン/アナルフィスト/人生終了	anal insert pussy pierc	Maid / Daruma / Genital piercing / Gabaman / Anal fisting / Life over
メイディン		Maidin
メイジナイト		Mage Knight
メアリー・リード		Mary Read
メアリー:メディカルラビット		Mary: Medical Rabbit
メアリ・ノートン		Mary Norton
メア		Mare
ムーンブルクの王女		Princess of Moonbrooke
ムツキ		Mutsuki
ムチ		Muchi
ムサシ(アニポケ)	©	Jessie (Anime Pokemon)
ムギ		Mugi
ミーム汚染		Meme Contamination
ミーム		Meme
ミーティア姫		Princess Meteor
ミーア		Mia
ミンク族		Mink Tribe
ミルク工場	milk	Milk Factory
ミルクタンク	milk	Milk Tank
ミリム・ナーヴァ		Milim Nava
ミリシタ		Mirishita
ミリオンアーサーイラコン魔		Million Arthur Illustration Contest
ミリアム(Bloodstained)	©	Miriam (Bloodstained)
ミランダ(神撃のバハムート)	©	Miranda (Rage of Bahamut)
ミランダ		Miranda
ミラルーツ		Miraroots
ミラバルカン		Mirabalkan
ミラクルミルコ		Miracle Mirko
ミラ		Mira
ミミック		Mimic
ミミちゃん助手		Mimichi Yan Assistant
ミハラ:ボンディングチェーン		Mihara: Bonding Chain
ミノタウロス		Minotaur
ミノってオスしかいなくて異種姦で繁殖するんですってw		Apparently, Minotaurs only have males and reproduce through interspecies mating lol
ミネル		Miner
ミネア		Minea
ミヅリリ		Mizuriri
ミッドナイト(僕のヒーローアカデミア)	©	Midnight (My Hero Academia)
ミッドナイト		Midnight
ミックスファイト		Mix Fight
ミストレス(アラド戦記)	©	Mistress (Dungeon Fighter Online)
ミストレス		Mistress
ミスティオラ		Mystiora
ミサト(プリコネ)	©	Misato (Princess Connect)
ミコト		Mikoto
ミクリトリス	clit	Micro Clit
ミカミ・リク		Mikami Riku
ミカグラ学園組曲		Mikagura School Suite
ミオリネ・レンブラン		Miorine Rembrandt
ミオ(ゼノブレイド3)	©	Mio (Xenoblade Chronicles 3)
ミアンヌ		Mianne
ミア(ワールドフリッパー)	©	Mia (World Flipper)
マーメイドボンデージ	bond	Mermaid Bondage
マーメイド		Mermaid
マーハ・トウアハーデ		Maha Touaharde
マーシー		Marcy
マーシュ(トレーナー)	©	Marsh (Trainer)
マーガレット(ルーンファクトリー)	©	Margaret (Rune Factory)
マーこれかわいい		This is Cute
マン隠し	pussy	Pussy hiding
マン開	pussy	Pussy open
マン的	pussy	Pussy-like
マン淫電車	pussy	Pussy slut train
マン汁	pussy	Pussy juice
マン毛		Pubic hair
マン屁	pussy	Pussy fart
マンママン	pussy	Pussy mommy
マンティコア(アークナイツ)	©	Manticore (Arknights)
マンカス	pussy	Pussy scum
マンぐり返し	pussy	Pussy flipping
マロン(YAT安心!宇宙旅行)	©	Maron (YAT Safe! Space Travel)
マルティナ(DQ11)	©	Martina (DQ11)
マルティナ		Martina
マルタ(水着)	swim ©	Malta (swimsuit)
マルタ		Marta
マリー(GuP)	©	Marie (Girls und Panzer)
マリカー		Marika
マリオメーカー		Mario Maker
マリオシリーズ		Mario series
マリア・テレサ		Maria Theresa
マリ(キカイダー)	©	Mari (Kikaider)
マヨめし		Mayo-meshi
マヤ		Maya
マホ(プリコネ)	©	Maho (Princess Connect)
マヒル		Mahiru
マネージャー		Manager
マドリン		Madorin
マトイ		Matoi
マッハブレイカーズ		Mach Breakers
マッジョーレ・バラッカ(アズールレーン)	©	Maggiore Baracca (Azur Lane)
マチルダ・アジャン		Matilda Ajan
マチュ		Machu
マゾ崎悪雌		Mazosaki Akume
マゾィちゃん		Mazoi-chan
マズルガード		Muzzle Guard
マスターベーション	mast	Masturbation
マスクビキニ	swim	Mask Bikini
マスカーニャコス		Mascanya Costume
マジョリーナ		Majolina
マジョリタ		Majolita
マジアマゼンタ		Magical Magenta
マジで殺られる5秒前		5 Seconds Before You're Seriously Got Killed
マシロ		Mashiro
マシュー		Matthew
マシュケベ礼装		Mashy's Lewd Outfit
マサル(トレーナー)	©	Masaru (Trainer)
マサマリ		Masamari
マコトナナヤ		Makoto Nanaya
マグロ	guro	Maguro
マグマ団		Magma Team
マグナムX		Magnum X
マグショット		Magshot
マクロスフロンティア		Macross Frontier
マクロスF		Macross F
マクスウェル(勝利の女神:NIKKE)	©	Maxwell (Goddess of Victory: NIKKE)
マキ・ア・ルージュ		Maki a Rouge
マキマさん		Makima-san
マキマ(チェンソーマン)	©	Makima (Chainsaw Man)
マカ=アルバーン		Maka Albarn
マオ(アニポケ)	©	Mao (Anime Pokemon)
マインドブレイク		Mind Break
マイユ		Maiyu
マイクローンマガジン		Microne Magazine
マイクロビキニーソ	expose swim	Micro Bikini So
マイ=ナツメ		Mai Natsume
マァム		Maam
ポールギャグ		Ball Gag
ポーズ		Pose
ポンポン		Pom-Pom
ポッキーゲーム		Pocky Game
ポッキーの日		Pocky Day
ポゼッションプレイ		Possession Play
ポケモン界の女神		Goddess of the Pokemon World
ポケモンレンジャー		Pokemon Ranger
ポケモンマスターズ	tm	Pokemon Masters
ポケモンセンター		Pokemon Center
ポケモン♂×人間♀		Pokemon Male x Human Female
ポケモン×人間		Pokemon x Human
ポケモンORAS		Pokemon ORAS
ポケモンLPLE		Pokemon PLE
ポケモンGO		Pokemon GO
ポケモノ		Pokemon
ポケットモンスターバイオレット		Pokemon Violet
ポケットモンスターサン・ムーン		Pokemon Sun & Moon
ポイズン(ファイナルファイト)	©	Poison (Final Fight)
ボールギャグ/猿轡		Ball Gag/Muzzle
ボールガウンドレス		Ball Gown Dress
ボンボン		Bom-Bom
ボンディングチェーン		Bonding Chain
ボンテージゲーム	bond	Bondage Game
ボロボロ		Ragged
ボムガキ		Bomb Kid
ボブカット		Bob Cut
ボトル		Bottle
ボディ落書き		Body Graffiti
ボコォ/ボテ腹/精液ボテ/産卵/目がハート/アヘ顔/トロ顔	cum	Big belly / Swelling belly / Semen-filled belly / Egg-laying / Heart-shaped eyes / Ecstatic face / Dazed face
ボクっ娘		Boku-girl
ボイン		Boing
ボイスドラマ		Voice Drama
ホールピアス	pierc	Hole Piercing
ホワイトブリム		White Brim
ホワイトデー		White Day
ホワイトタイガー		White Tiger
ホワイトスミス		Whitesmith
ホログラフィック		Holographic
ホルハイヤ(アークナイツ)	©	Horhaiya (Arknights)
ホルスタイン		Holstein
ホムラ		Homura
ホノルル(艦隊これくしょん)	©	Honolulu (Kantai Collection)
ホテル		Hotel
ホタル(ヤリステメスブター)	©	Hotaru (Yaristemesbuta)
ホタル(スプラトゥーン)	©	Hotaru (Splatoon)
ホタル		Firefly
ホシノルリ		Hoshino Ruri
ホシノ		Hoshino
ホシグマ(アークナイツ)	©	Hoshiguma (Arknights)
ペンチ		Pliers
ペンギー		Pengy
ペローナ		Perona
ペロペロ会場	tongue	Lick-Lick Venue
ペロペロ	tongue	Lick
ペルナ		Perna
ペルソナ4		Persona 4
ペルソナ3		Persona 3
ペルシカ(ドールズフロントライン)	©	Persica (Girls' Frontline)
ペリードット		Peridot
ペリシー		Perisie
ペヤングだばあ		Peyang Spill
ペニスバンド	dick	Penis Band
ペニスソックス	dick	Penis Socks
ペド爆乳	tit	Pedophile Big Breasts
ペットシーツ		Pet Sheet
ペコキャル	©	Pecorine+Karyl
ベータ(イナズマイレブンGO)	©	Beta (Inazuma Eleven GO)
ベータ		Beta
ベンチ		Bench
ベロニカ(DQ11)	©	Veronica (DQ11)
ベロチュー		French Kiss
ベレー帽		Beret
ベレス		Byles
ベルベット		Velvet
ベルフェゴール		Belphegor
ベルナデッタ=フォン=ヴァーリ		Bernadette von Vale
ベルナデッタ		Bernadette
ベルトブラ		Belt Bra
ベルゼブブ嬢のお気に召すまま。		As Miss Beelzebub Likes It
ベルゼブブ		Beelzebub
ベルセルク		Berserk
ベルウィックサーガ		Berwick Saga
ベル(トレーナー)	©	Belle (Trainer)
ベル		Bell
ベリーダンス		Belly Dance
ベリーショート		Very Short
ベスティア・ゼータ		Bestia Zeta
ベスタニャ		Vestanya
ベスタ(異世界迷宮でハーレムを)	©	Vesta (Harem in the Labyrinth of Another World)
ベアトリス		Beatrice
ベアトップ		Bandeau Top
ヘンゼル		Hansel
ヘルヴァ・ボス		Helva Boss
ヘルシング		Hellsing
ヘルエス		Heles
ヘラジカ(けものフレンズ)	©	Moose (Kemono Friends)
ヘッドフォーン.		Headphones
ヘッドフォン		Headphones
ヘッドショット		Headshot
ヘソ出し		Navel Bare
ヘアヌード		Hair Nude
プールサイド		Poolside
プレゼントは私		The Present is Me
プレゼント		Present
プルクラ(ゼンゼロ)	©	Pulchra (Zen Zero)
プリーツスカート		Pleated Skirt
プリースティス(アークナイツ)	©	Priestis (Arknights)
プリンセスプリキュア		Princess Precure
プリンセスストライク❤️		Princess Strike ❤️
プリンセスコネクト!		Princess Connect!
プリンセスコネクト		Princess Connect
プリンセス		Princess
プリンシ		Princi
プリバティ:アンカインド・メイド		Private: Unkinded Maid
プリバティ		Private
プリティーリズム・ディアマイフューチャー		Pretty Rhythm: Dear My Future
プリシラ		Priscilla
プラマニクス(アークナイツ)	©	Pramanix (Arknights)
プラマニクス		Pramanix
プライブユー		Privilege You
プライド		Pride
プッシーバル	pussy	Pussy ball
プチカラット		Petit Carat
ブロンド		Blonde
ブレードランナー2049		Blade Runner 2049
ブレスオブザワイルド		Breath of the Wild
ブレスの代わりに潮を吹く		Squirting Instead of Breathing
ブレイブリーデフォルト		Bravely Default
ブレイブウィッチーズ		Brave Witches
ブレイジングハート		Blazing Heart
ブレア・デイム		Blair Dame
ブルー		Blue
ブルマ勇儀		Bloomers Yuugi
ブルマ(ドラゴンボール)	©	Bulma (Dragon Ball)
ブリトマート(Fate)	©	Britmart (Fate)
ブリジット		Bridget
ブリオン寮		Brion Dormitory
ブラ見せ		Bra showing
ブラ着パイズリ	tit dick	bra paizuri
ブラ抜き		Bra removal
ブランコプレイ		Swing Play
ブラマジガール		Black Magic Girl
ブラッドステインド		Bloodstained
ブラック・マジシャン・ガ		Black Magician Girl
ブラックレディ		Black Lady
ブラックラグーン		Black Lagoon
ブラックシティ		Black City
ブラックエース(アズールレーン)	©	Black Ace (Azur Lane)
ブラチラ		Bratchira
ブラダマンテ(Fate)	©	Bradamante (Fate)
ブラダス2		Bradus 2
ブラシ		Brush
ブラゴミ箱		Bra trash can
ブラウザ三国志		Browser Romance of the Three Kingdoms
ブラインドコンタクト		Blind contact
ブイラン		V-Run
フーパ製グッズ		Hoopa-made Goods
フーパ		Hoopa
フード		Food
フーターズ		Hooters
フンボルトペンギン(けものフレンズ)	©	Humboldt Penguin (Kemono Friends)
フンチラ		Funt Cheek
フローラ		Flora
フロストリーフ(アークナイツ)	©	Frostleaf (Arknights)
フロギィ装備		Froggi Equipment
フレーム拘束		F Rehm Restraint
フレッシュ&スウィート!		Fresh & Sweet!
フレイア鏡		Freyja Mirror
フレイ		Frey
フルールドリス		Fleur-de-lis
フリードリヒ・デア・グローセ(アズールレーン)	©	Friedrich der Grosse (Azur Lane)
フリック		Flick
フランソワーズ		Françoise
フランシス・ドレイク		Francis Drake
フランちゃんウフフ		Fran-chan Ufufu
フラペチーノ		Frappuccino
フラフープ		Hula hoop
フラノ・スケーレット		Flano Scalett
フラット貞操帯		Flat Chastity Belt
フブキ		Fubuki
フトモモ		Thighs
フットカバー		Foot cover
フック		Hook
フジサワ・アヤ		Fujisawa Aya
フォーリシア		Folicia
フォートナイト		Fortnite
フォン・ライカン		Von Lycan
フォフォ		Fofo
フォトカノ		Photokano
フォカロルス		Focalorus
フェール		Fail
フェンリルナイト(聖剣伝説3)	©	Fenrir Knight (Trials of Mana)
フェンリルナイト		Fenrir Knight
フェンリル(ラストオリジン)	©	Fenrir (Last Origin)
フェリス・エリス		Ferris Ellis
フェリ		Feri
フェラーリ		Ferrari
フェラピス		Ferrapis
フェザータッチ		Feather Touch
フェイト/エクステラ		Fate/Extella
フェイスハーネス		Face Harness
フェアリーテイルナイト		Fairy Tail Knight
フィービー(鳴潮)	©	Phoebe (Narushio)
フィービー		Phoebe
フィン・エ・ルド・スイ・ラフィンティ		Finn e Rud Sui Lafinti
フィオーレ・ブルネリ		Fiore Brunelli
フィオ・ジェルミ		Fio Germi
フィオ		Fio
ファートゥース(アークナイツ)	©	Fartooth (Arknights)
ファントム・ワールド		Phantom World
ファンタボトルの次デザイン候補にしよう		Let's make this the next design candidate for Fanta Bottle
ファンサービス		Fan Service
ファルファラ		Farfara
ファリス・シェルヴィッツ		Faris Scherwitz
ファティマ・ベトロラム		Fatima Betrolam
ファスナービキニ	expose swim	Zipper Bikini
ファイナルファンタジー13		Final Fantasy XIII
ファイアーエムブレム無双風花雪月		Fire Emblem Warriors: Three Houses
ファイアーエムブレムEchoes		Fire Emblem Echoes
ピーチ		Peach
ピンク髪は淫乱		Pink Hair is Lewd
ピンクローター		Pink Rotor
ピンキーパイ		Pinkie Pie
ピストンマシン		Piston Machine
ピス		Pis
ピクボイス誕生祭		PicVoice Birthday Celebration
ピクシブたん		Pixiv-tan
ピクサー		Pixar
ピカチュウ		Pikachu
ピエロ娘		Clown girl
ピアノ		Piano
ピアスチェーン	pierc	Piercing chain
ビール売り子		Beer girl
ビーム		Beam
ビーチエンジェルズ		Beach Angels
ビーズワクス(アークナイツ)	©	Beeswax (Arknights)
ビーストクロエ		Beast Chloe
ビーストイリヤ		Beast Illya
ビースト(Fate)	©	Beast (Fate)
ビンビビン		Binbibin
ビンタ跡		Slap Mark
ビンタ		Slap
ビリヤード		Billiards
ビリア		Billia
ビラビラ		Flapping
ビビッドレッド・オペレーション		Vividred Operation
ビビり		Scared
ビニール		Vinyl
ビス子		Bisuko
ビスマルク		Bismarck
ビスチェ		Bustier
ビスケット(勝利の女神:NIKKE)	©	Biscuit (Goddess of Victory: NIKKE)
ビスケット		Biscuit
ビジンダー		Bijinder
ビギナーライダー(アズールレーン)	©	Beginner Rider (Azur Lane)
ビキビキ		Bikibiki
ビキニ水着	swim	Bikini swimsuit
ビキニ・ウォリアーズ	swim	Bikini Warriors
ビキニパンツ	swim	Bikini pants
ビキニサンタ	swim	Bikini Santa
ビキニアーマー/ブレスレット/アームレット/ガーターリング	costume	Bikini armor/bracelet/armlet/garter ring
ビキニのおねえさん(XY)	© swim	Girl in a bikini (XY)
ビキニのおねえさん	swim	Bikini lady
ビオラ(トレーナー)	©	Viola (Trainer)
ビエロウ		Biero
ビアホール		Beer hall
ヒートテック		Heattech
ヒンデンブルク(アズールレーン)	©	Hindenburg (Azur Lane)
ヒルダ		Hilda
ヒビキ		Hibiki
ヒナタコス		Hinatacos
ヒナぱい		Hinapai
ヒナさん(原神)	©	Hina (Genshin Impact)
ヒトハちゃん		Hitoha-chan
ヒスイゾロア		Hisuizoroa
ヒガナ		Higana
ヒカリ(プラチナ)	©	Hikari (Platinum)
ヒカリ(アニポケ)	©	Hikari (Anime Pokemon)
パールショーツ		Pearl shorts
パーミャチ・メルクーリヤ(アズールレーン)	©	Pamyat Merkuria (Azur Lane)
パープルハート		Purple Heart
パープルシスター		Purple Sister
パープル(ネプテューヌ)	©	Purple (Neptune)
パーティードレス		Party dress
パース		Perth
パーシュース(アズールレーン)	©	Perseus (Azur Lane)
パーカー女子		Girl in a parka
パンモロ		Panty exposed
パンプギャグ		Pump gag
パンパパン		Panpapan
パンティーライン		Panty line
パンツ内射精	cum	Ejaculation inside panty
パンツは見せつけるもの		Panty is something to show off
パンツはかぶるもの		Panty is something to wear on your head
パンツに手		Hand in panty
パンツで口塞ぎ	mouth	Mouth covered with panty
パンツであやとり		Cat's cradle with panty
パンツ!パンツです!		Panty! It's panty!
パンチラキック		Panty shot kick
パンダ春香		Panda Haruka
パンダ		Panda
パンスト直穿き		Wearing pantyhose directly
パンイチ		Panty only
パレット(ブラウンダスト)	©	Palette (Brown Dust)
パル子		Paruko
パルテナ		Palutena
パラリティク・バーサス		Paratic Versus
パラディン(アラド戦記)	©	Paladin (Dungeon Fighter Online)
パパの言うことを聞きなさい!		Listen to Your Father!
パネルギャグ		Panel Gag
パニシング:グレイレイヴン		Punishing: Gray Raven
パチュアリ		Patchually
パチスロ		Pachislot
パジャマチャレンジ		Pajama Challenge
パジャマ		Pajama
パイ擦りフェラ	tit mouth dick	Boob rub fellatio
パイ射	cum tit	Boob ejaculation
パインコーン(アークナイツ)	©	Painecorn (Arknights)
パイロット		Pilot
パイモンぱい	tit	Paimon boobs
パイモン(原神)	©	Paimon (Genshin Impact)
パイモロ	tit	Boob moro
パイプレンチ		Pipe wrench
パイビロコウ		Pai Biro Kou
パイタッチ	tit	Boob touch
パイズリ挟射	tit dick	5. Boob Job Squeezing - 5 paizuri kyōsha
パイズリ射精	cum tit	4. Boob Job Ejaculation - 4 paizuri shasei
パイズリ出来ない…	tit dick	3. Can't do a boob job... - 3 paizuri dekinai…
パイズリフェラ	tit mouth dick	2. Boob Job Fellatio - 2 paizurifera
パイズリアンドロイド	tit dick	1. Boob Job Android - 1 Paizuriandoroido
パイオツェッペリン		Pio Zeppelin
パイオツ	tit	Boobs
バーバーヤーガ		Barber Yaga
バーニス		Bernice
バーテンダー		Bartender
バーチャルライバー		Virtual Liver
バーチャルyoutuber		Virtual YouTuber
バーチャル		Virtual
バーサーカー		Berserker
バレー部ちゃん		Volleyball Club Girl
バレー部		Volleyball Club
バレーユニフォーム		Volleyball Uniform
バレーボール		Volleyball
バレンタイン中止のお知らせ		Valentine's Day Cancellation Notice
バレンタインデー		Valentine's Day
バレリーナ		Ballerina
バレットフィリア達の闇市場		The Bulletphilia's Black Market
バレットガールズ		Bullet Girls
バルーンストッパー		Balloon Stopper
バルログ(ストリートファイター)	©	Balrog (Street Fighter)
バリカタ		Barikata
バランスボール		Balance Ball
バラエティーアニマル		Variety Animal
バラ		Rose
バフォメット		Baphomet
バニー衣装		Bunny Costume
バニーメイド		Bunny Maid
バニーウェアウルフ		Bunny Werewolf
バニラ(ネコぱら)	©	Vanilla (Nekopara)
バナナボート		Banana boat
バッドガール		Bad Girl
バッドエンドプリキュア		Bad End Precure
バッドエンドビューティ		Bad End Beauty
バックハート		Back heart
バックアタック		Back attack
バス停		Bus stop
バスタブ		Bathtub
バスタオル		Bath towel
バクマン		Bakuman
バカンス		Vacation
バエル		Bael
バイブ貞操帯		Vibrator chastity belt
バイブレーター		Vibrator
バイブ。(スイッチ入れよう)で	©	Vibe. (Let's turn on the switch)
バイブINパンツ/ボディハーネス/背後から胸揉み/乳首責め	tit nip	Vibrator-in-pants/Body harness/Breast massage from behind/Nipple torture
バイパー:シャイン・オブ・ラブ		Viper: Shine of Love
バイパー(勝利の女神:NIKKE)	©	Viper (Goddess of Victory: NIKKE)
バイザー		Viser
バイオロイド		Bioroid
バイオ		Bio
ハールート・マールート		Harut Marut
ハールート		Harut
ハーフパンツ体操着		Half-pants gym uniform
ハーフグローブ		Half-gloves
ハーフアップ		Half-up
ハーピー		Harpy
ハード		Hard
ハート服		Heart outfit
ハートフルボッコストーリー		Heartful Beatdown Story
ハートの女王		Queen of Hearts
ハーゼリーラ		Hazerilla
ハンターハンター		Hunter x Hunter
ハロー、ハッピーワールド!		Hello, Happy World!
ハロウィン2025		Halloween 2025
ハロウィン2024		Halloween 2024
ハレゼナ		Harezeena
ハルバード		Halberd
ハルカ(アニポケ)	©	Haruka (Anime Pokemon)
ハリベル		Haribel
ハメ撮り		Hametori
ハメピス		Hamepisu
ハミ陰唇	pussy	Hami Labia
ハミデルタ		Hamidelta
ハマーン・カーン		Haman Karn
ハプニング		Happening
ハニートラップ特化		Honey Trap Specialist
ハナヤマタ		Hanayamata
ハドソン		Hudson
ハシビロコウ		Shoebill
ハサミ		Scissors
ハコス・ベールズ		Hakos Veils
ハケ水車		Brush waterwheel
ハイレグ水着	swim	High-leg swimsuit
ハイレグスーツ		High-leg suit
ハイニー		Hiney
ハイスクールDxD		High School DxD
ハイキック		High kick
ハイエンド尻穴ファッカー	ass insert	High-end asshole fucker
ノーブルウィッチーズ		Noble Witches
ノーブラサイン		No bra sign
ノービス		Novice
ノーハンド射精	cum	No hands ejaculation
ノーハンドフェラ	mouth dick	No hands fellatio
ノーハンドパイズリ	tit dick	hands-free paizuri
ノーハンド		No hands
ノースリーブユニフォーム+バレーパンツ		Sleeveless uniform + volleyball shorts
ノワール(勝利の女神:NIKKE)	©	Noir (Goddess of Victory: NIKKE)
ノワール(ネプテューヌ)	©	Noire (Neptune)
ノワール		Noir
ノルニス		Nornis
ノゾミ(プリコネ)	©	Nozomi (Princess Connect)
ノエル・アンダーソン		Noel Anderson
ノエル(原神)	©	Noelle (Genshin Impact)
ネーナ・トリニティ		Nena Trinity
ネーナ		Nena
ネージュ		Neige
ネロアリス		Neroalice
ネルソン(アズールレーン)	©	Nelson (Azur Lane)
ネルギガンテ		Nergigante
ネモフィラ		Nemophila
ネモっぱい	tit	Nemoppai
ネモ(ポケモン)	©	Nemo (Pokemon)
ネメシス(ToLOVEる)	©	Nemesis (To LOVE-Ru)
ネメシス		Nemesis
ネプテューヌ		Neptune
ネフェルピトー		Neferpitou
ネフェルタリ・ビビ		Nefertari Vivi
ネフェル(原神)	©	Nefer (Genshin Impact)
ネバ神様		Neba-sama
ネト嫁		Netoyome
ネットカフェ		Internet Cafe
ネコミク		Nekomiku
ネコマタ		Nekomata
ネコぱら		Nekopara
ネコ		Cat
ネグリジェ		Negligee
ネクロ(ギルティギア)	©	Necro (Guilty Gear)
ネオンカラー		Neon Color
ネオポルテ		Neoporte
ネウロ様		Neuro-sama
ネイル		Nail
ネア(プリコネ)	©	Nea (Princess Connect)
ヌードモデル		Nude model
ヌンボラ		Nunbora
ニー子		Niiko
ニーベルン		Nibelung
ニンジャスレイヤー		Ninja Slayer
ニューハーフ		Newhalf
ニャンコロジ		Nyankoroji
ニマ大師		Nima Daishi
ニプルフックビキニ	nip sm expose swim	Nipple hook bikini
ニプルファック凸	nip insert	Nipple fuck bump
ニパ		Nipa
ニノン		Ninon
ニトクリス	©	Nitocris (Fate/Grand Order)
ニップルドーム	nip	Nipple dome
ニップルチェーン	nip	Nipple chain
ニットワンピ		Knit dress
ニッカ・エドワーディン・カタヤイネン		Nikka Edvardine Katajainen
ニセコイ		Nisekoi
ニジエたん		Nijie-tan
ニシキゴイ		Nishikigoi
ニコ(ブルーアーカイブ)	©	Nico (Blue Archive)
ニキチッチ		Nikichichi
ニオポリタン		Niopolitan
ニアール(アークナイツ)	©	Nearl (Arknights)
ナヴィア		Navia
ナルヒナ		Naruhina
ナルト疾風伝		Naruto Shippuden
ナルガ装備		Narga equipment
ナユタ(勝利の女神:NIKKE)	©	Nayuta (Goddess of Victory: NIKKE)
ナムナ		Namuna
ナナ・テスカトリ		Nana Tescatli
ナナ・アスタ・デビルーク		Nana Asta Deviluke
ナナホシすず		Nanahoshi Suzu
ナナドラ		Nanadra
ナナカ(プリコネ)	©	Nanaka (Princess Connect)
ナナとカオル		Nana and Kaoru
ナナ		Nana
ナツメ(ポケスペ)	©	Natsume (Pokemon Special)
ナツメ(トレーナー)	©	Natsume (Trainer)
ナツ		Natsu
ナコルル		Nakoruru
ナガ(勝利の女神:NIKKE)	©	Naga (Goddess of Victory: NIKKE)
ナウシカ		Nausicaa
ナイルちゃん		Nile-chan
ナイル(どうぶつの森	©	Nile (Animal Crossing)
ナイトプール		Night pool
ナイト		Night
ドールズフロントライン2		Girls' Frontline 2
ドーラ		Dora
ドン引き		Completely disgusted
ドロッテ		Dorotte
ドレミコード		Doremi Code
ドレインキッス		Drain Kiss
ドルフロ		Dolfro
ドルフィンパンツ		Dolphin Pants
ドルテ・ドリーセン		Dolte Driesen
ドリ子		Doriko
ドリル拡張		Drill Expansion
ドリルバイブ		Drill Vibe
ドリル		Drill
ドリランド		Doriland
ドリフターズ		Drifters
ドラムマスター	tm	Drum Master
ドラムエ		Drum E
ドラフ族		Draph tribe
ドラゴン娘		Dragon Girl
ドラゴンボールファイターズ	tm	Dragon Ball FighterZ
ドラゴンボールZ	tm	Dragon Ball Z
ドラゴンボールGT	tm	Dragon Ball GT
ドラゴンナイト(アラド戦記)	©	Dragon Knight (Dungeon Fighter Online)
ドラゴンクエストⅤ	tm	Dragon Quest V
ドラゴンクエストⅢ	tm	Dragon Quest III
ドラゴンクエスト8	tm	Dragon Quest 8
ドラゴンクエスト3	tm	Dragon Quest 3
ドラゴンクエスト11	tm	Dragon Quest 11
ドラゴン		Dragon
ドラゴニュート		Dragonewt
ドラクエでよくあること。		Things that often happen in Dragon Quest.
ドラクエ9	tm	Dragon Quest 9
ドラクエ4	tm	Dragon Quest 4
ドラガリアロスト	tm	Dragalia Lost
ドヤ乳	milk	Smug milk
ドブルイニャ・ニキチッチ(Fate)	©	Dobrinja Nikicic (Fate)
ドピュ		Splat
ドテ		Dote
ドッグプレイ	pet	Dog Play
ドッグデイズ	tm	Dog Days
ドギースタイル	sex	Doggy Style
ドキドキプリキュア		Doki Doki Precure
ドウモウ	tm	Animal Crossing
ドゥルガー(Fate)	©	Durga (Fate)
ドイッチュラント		Deutschland
ドすけべオオカミ		Perverted Wolf
ドМホイホイ		Dom-hoihoi
ドmホイホイ		Dom-hoihoi
トール(小林さんちのメイドラゴン)	©	Tohru (Miss Kobayashi's Dragon Maid)
トール		Thor
トロール		Troll
トレーニング		Training
トレーサー		Tracer
トレスマジア		Tres Magia
トレス		Tres
トルソー		Torso
トリミアン		Trimian
トリプルフェラ	mouth dick	Triple Fella
トリッカル		Trickal
トリカブト(花騎士)	©	Aconite (Flower Knight Girl)
トランジスタグラマー		Transistor Glamour
トランクス		Trunks
トライエース		Tri-Ace
トナコス筑摩		Tonacos Chikuma
トナカイ娘		Reindeer Girl
トップ絵		Top Illustration
トップレスブラ		Topless Bra
トップをねらえ!		Gunbuster!
トコロテン		Tokoroten
トゲヌキ		Togenuki
トキ		Ibis
トイレ掃除		Toilet cleaning
トイレ列(大)最後尾		End of the toilet line (large)
トイレブラシ		Toilet brush
トイレは綺麗に使いましょう。		Let's keep the toilet clean.
トイレの神様		Toilet God
トイレには間に合った		I made it to the toilet in time
デーゲンブレヒャー		Degenbrecher
デンマ		Denma
デンジ(チェンソーマン)	©	Denji (Chainsaw Man)
デリバリーヘルスポケマン		Delivery Health Pokeman
デリシャスパーティ♡プリキュア		Delicious Party♡Precure
デュラン		Duran
デュエル・マスターズ_プレイス		Duel Masters_Place
デュエルリンクス		Duel Links
デュエプレ		Duel Masters Play's
デモ		Demo
デミトリ		Demitri
デボラ		Deborah
デボネア・ダイアモンド		Debonair Diamond
デフォ絵		Default Illustration
デフォルメエロ		Deformed Erotic
デビルサバイバー2/		Devil Survivor 2/
デビルサバイバー2		Devil Survivor 2
デビル		Devil
デッドマン・ワンダーランド		Deadman Wonderland
デッキ破壊		Deck Destruction
デスロックさん		Deathlock
デスサイズ		Death Scythe
デジモンアドベンチャー		Digimon Adventure
デジタルモンスター		Digital Monster
デザイン		Design
デコズリ		Forehead Rubbing
デカ乳輪	nip	Huge Areola
デカパイ	tit	Huge Boobs
デイジー		Daisy
ディーゼル(勝利の女神:NIKKE)	©	Diesel (Goddess of Victory: NIKKE)
ディルドー		Dildo
ディルドオナニー	toy mast	Dildo Masturbation
ディフュージョン		Diffusion
ディフェンスに定評のあるスカート		Skirt with a reputation for good defense
ディストピアの花嫁		Bride of Dystopia
ディスガイア5		Disgaea 5
ディスガイア		Disgaea
ディシア/キャンディス/レイラ/ファルザン/ドリー/ニィロウ		Disia/Candice/Layla/Falzan/Dolly/Nilow
テープギャグ		Tape gag
テント撫で		Tent stroking
テントを張る		Setting up a tent
テント		Tent
テンテン		Tenten
テレーゼ		Therese
テルマエ衣装		Thermae Costume
テラー(アズールレーン)	©	Terror (Azur Lane)
テラニー		Terran
テマリ		Temari
テトラ		Tetra
テディベア		Teddy Bear
テスタロッサ		Testarossa
テキラプ		Tekirap
テキトーって何だっけ		What does "tekito" mean again?
テキスト差分		Text Difference
テカリ		Shiny
テイルブルー		Tail Blue
テイルズオブヴェスペリア		Tales of Vesperia
テイルズ		Tales
ティーンタイタンズ		Teen Titans
ティルピッツ(アズールレーン)	©	Tirpitz (Azur Lane)
ティア・ハリベル		Tier Harribel
ティアマト		Tiamat
ティア(勝利の女神:NIKKE)	©	Tia (Goddess of Victory: NIKKE)
ティア(スパイ教室)	©	Tia (Spy Classroom)
ツーショット		Two-shot
ツワブキ		Farfugium
ツリ目		Slanted eyes
ツバキ		Camellia
ツツジ		Azalea
ツタージャの存在感		The presence of Snivy
ツインテちゃん		Twintail girl
ツインエンジェル		Twin Angel
ツイスターゲーム		Twister game
ッ全力射精!	cum	Full-force ejaculation!
チーパオ		Chipao
チン毛付きフェラ	mouth dick	Blowjob with pubic hair
チン嗅ぎ	dick	Penis sniffing
チン乗せ	dick	Penis on top
チンポちょんまげ	dick	Penis topknot
チリ		Chili
チョッパー		Chopper
チューリップ		Tulip
チューブトップ		Tube top
チュンリー		Chun-Li
チュッパチャップス		Chupa Chups
チャリオット(B★RS)	©	Chariot (B★RS)
チャラ男		Flirty guy
チャップス		Chaps
チャイナ娘		China girl
チャイナボンテージ	bond	China bondage
チャイナ		China
チビ巨乳	tit	Chibi Big Boobs
チノ		Chino
チッティ		Chitti
チセ		Chise
チェックスカート		Check Skirt
チェインバー		Chamber
チェイスチェイスジョーカーズ		Chase Chase Jokers
チアーニャ		Chianya
チアックス		Cheax
チア		Cheer
ダーティペア		Dirty Pair
ダークハンター		Dark Hunter
ダークネス		Darkness
ダークソウル3		Dark Souls 3
ダークソウル		Dark Souls
ダークエルブン・フォレストレンジャー		Dark Elven Forest Ranger
ダヴィ・アートマン		Davi Artman
ダンボール		Cardboard
ダンツフレーム(ウマ娘)	©	Danz Frame (Uma Musume)
ダンジョンズ&ドラゴンズ		Dungeons & Dragons
ダンサー		Dancer
ダルマ		Daruma
ダブルパイズリ	tit dick	double paizuri
ダブルディルド		Double dildo
ダスク(アークナイツ)	©	Dusk (Arknights)
ダエッタ		Daetta
ダイ大		Dragon Quest: The Adventure of Dai
ダイワスカーレット(ウマ娘)	©	Daiwa Scarlet (Uma Musume)
ダイワスカーレット		Daiwa Scarlet
ダイヤモンドバスト/即夜戦		Diamond Bust/Instant Night Battle
ダイビング		Diving
ダイドー		Dido
ダイタクヘリオス(ウマ娘)	©	Daitaku Helios (Uma Musume)
ダイアリン		Dialin
ダイの大冒険		Dragon Quest: The Adventure of Dai
タンポン		Tampon
タンクボディスーツ		Tank bodysuit
タペストリー		Tapestry
タバサ		Tabitha
タナトフィリア		Thanatophilia
タッカー		Tucker
タシュケント(アズールレーン)	©	Tashkent (Azur Lane)
タシュケント		Tashkent
タコ		Octopus
タグ荒らし		Tag Tamper
タグ付き首輪		Tagged Collar
タキ		Taki
タカヤノリコ		Takaya Noriko
タオルブラ		Towel Bra
タオルパンツ		Towel Pants
タウィル		Tawil
タイトルなんて飾りです!		Titles are just for show!
タイサイドビキニ	swim	Thai Side Bikini
タイクーン姉妹		Tycoon Sisters
タイの学生服		Thai School Uniform
ゾーイ(グラブル)	©	Zoe (Granblue Fantasy)
ゾンビ娘		Zombie Girl
ゾン		Zon
ゾロ女神		Zoro Goddess
ゾロア		Zoroa
ソーン(グラブル)	©	Thorn (Granblue Fantasy)
ソーン		Thorn
ソーマちゃん		Soma-chan
ソーナ・シトリー		Sona Sitri
ソーダ(勝利の女神:NIKKE)	©	Soda (Goddess of Victory: NIKKE)
ソロモン悪魔		Solomon Demon
ソロモン		Solomon
ソリュシャン・イプシロン		Solution Epsilon
ソラ:スプリングフライト		Sora: Spring Flight
ソラ(アークナイツ)	©	Sora (Arknights)
ソフトリョナ	ryona	Soft Ryona
ソフィーヤ=オベルタス		Sofiya Obertas
ソフィーヤ		Sofiya
ソフィーティア・アレクサンドル		Sophitia Alexandre
ソフィア・シルフィード		Sophia Sylphide
ソニック・ザ・ヘッジホッグ		Sonic the Hedgehog
ソニックキャット		Sonic Cat
ソドレミコード・グレーシア		Sodoremicord Gracia
ソデコ		Sodeko
ソウルイーター		Soul Eater
ゼロツー(ダリフラ)	©	Zero Two (Darling in the Franxx)
ゼロスーツサムス		Zero Suit Samus
ゼルダ姫(スマブラSP)	©	Princess Zelda (Super Smash Bros. Ultimate)
ゼルダの伝説ブレスオブザワイルド		The Legend of Zelda: Breath of the Wild
ゼルダ(ブレスオブザワイルド)	©	Zelda (Breath of the Wild)
ゼファー		Zephyr
ゼシカ・ウォン		Jessica Wong
ゼイユ(ポケモン)	©	Zeiyu (Pokemon)
ゼイユ(トレーナー)	©	Zeiyu (Trainer)
ゼイユ		Zeiyu
セーラームーンなりきりブラセット		Sailor Moon Cosplay Bra Set
セーニャ		Senya
セーター		Sweater
セーエキ		Seieki
センチメンタルグラフティ		Sentimental Graffiti
セン		Sen
セレフィラ		Selephira
セレネ(キンスレ)	©	Selene (King's Raid)
セレネ		Selene
セレナっぱい	tit	Serena's boobs
セル画風		Cel animation style
セル画		Cel animation
セルポ星人		Serpo Alien
セルフ胸揉み	tit	Self-breast massage
セルフ搾乳	milk	Self-milking
セルフ授乳	tit milk	Self-breastfeeding
セルフパイズリ	tit dick	self paizuri 
セルフィ		Selfie
セリカ(ブルーアーカイブ)	©	Celica (Blue Archive)
セリカ(FE外伝)	©	Celica (FE Gaiden)
セラフィータ		Seraphita
セラフィム(ONEPIECE)	©	Seraphim (ONE PIECE)
セラの蟲惑魔		Sera's Insectoid
セミラミス(Fate)	©	Semiramis (Fate)
セブンスロード・ウィッチ		Seventh Road Witch
セパレートユニフォーム		Separate uniform
セセリ		Seseri
セシリア・イマーグリーン		Cecilia Immergreen
セクメト		Sekhmet
セクシー軍服		Sexy Military Uniform
セクシーでかわいいどうぶつコスプレショー	costume	Sexy and Cute Animal Cosplay Show
セクサロイド		Sexaroid
セカフミ		Sekafumi
セイレーン		Siren
セイバー・リリィ		Saber Lily
セイバーオルタ		Saber Alter
ズボン下ろし		Pants Down
スーロン		Sulong
スーパーロボット大戦K	tm	Super Robot Wars K
スーパーファミコン		Super Famicom
スーパーヒロイン		Super Heroine
スーパークラウン		Super Crown
スーテラ		Sutera
スーツYouTuber		Suit YouTuber
スー(アークナイツ)	©	Sue (Arknights)
スワイヤー(アークナイツ)	©	Swire (Arknights)
スレンダー		Slender
スリーパーホールド		Sleeper Hold
スリーインワン		Three-in-One
スリット(洋服)	©	Slit (Western Clothing)
スラム街		Slum
スライム浣腸		Slime Enema
スモモ(トレーナー)	©	Sumomo (Trainer)
スメール		Smell
スマートフォン		Smartphone
スマホ		Smartphone
スマイルプリキュア!		Smile Precure!
スポーツ		Sports
スポユニ		Sports Uniform
スポコス		Sports Costume
スペロケ団		Speloce Team
スペクター(アークナイツ)	©	Specter (Arknights)
スプリング・モニタリング		Spring Monitoring
スプラッター		Splatter
スプラッシュアート		Splash Art
スピリティア・ローゼンベルク		Spiritia Rosenberg
スパロボK		Super Robot Wars K
スパッツ艦娘		Spats Ship Girl
スパクロ		Super Robot Wars Cross Omega
スパイオ装備		Spio Equipment
スノウブレイク		Snowbreak
スノウ(MAR)	©	Snow (MAR)
ストレッチ繊維		Stretch Fiber
ストリートファイタークロス鉄拳		Street Fighter Cross Tekken
ストリートパイター		Street Fighter
ストリート		Street Fighter
ストラトス(PSO2)	©	Stratos (PSO2)
ストライカーズ(ラストオリジン)	©	Strikers (Last Origin)
ストⅤ		Street Fighter V
ステラーブレイド		Stella Blade
ステラ・オーウェル		Stella Orwell
ステラソラ		Stella Sora
ステラのまほう		Stella no Mahou
ステア(GBD)	©	Stear (GBD)
スター団		Star Gang
スターミー		Starmie
スターフォックス		Star Fox
スターシャ		Starsha
スターオーシャン5		Star Ocean 5
スターオーシアン		Star Oceanian
スタンガン		Stun gun
スタジオぴえろ		Studio Pierrot
スタイリッシュ痴女		Stylish slut
スタイリッシュ拘束		Stylish restraint
スジ		Crotch
スケベパーカー		Lewd hoodie
スケベニット		Lewd knitwear
スク水セーラー	swim ©	Swimsuit sailor
スキューバダイビング		Scuba diving
スキャンティ		Scanty
スカート付きレオタード		Leotard with skirt
スカートの中から尻尾		Tail from inside the skirt
スカートの中		Inside the skirt
スカーク		Skirk
スカレズ		Skarezu
スカラ装備		Skala equipment
スカラマシュ		Skamash
スカフィズム		Skafism
スカディ		Skadi
スカジャン		Sukajan
スカイフレア(アークナイツ)	©	Skyfire (Arknights)
スウツ		Suits
スイートプリキュア♪		Suite Precure♪
スイプリ		Suipuri
ジンオウガ		Zinogre
ジン		Jin
ジル・スティングレイ		Jill Stingray
ジョーイ		Joey
ジョルジュ製造機		Georges Manufacturing Machine
ジョリ腋		Shaved Armpit
ジョッキ		Mug
ジョジョの奇妙な冒険		JoJo's Bizarre Adventure
ジュリ		Julie
ジュピター		Jupiter
ジュニアブラ		Junior Bra
ジュニアアイドル		Junior Idol
ジュエリー・ボニー		Jewelry Bonney
ジャーヴィス		Jarvis
ジャンプ		Jump
ジャンヌ姉妹		Jeanne Sisters
ジャンヌ・ダルク(水着)	swim ©	Joan of Arc (swimsuit)
ジャンヌダルク(神撃のバハムート)	©	Joan of Arc (Rage of Bahamut)
ジャンヌダルク		Joan of Arc
ジャック・ザ・リッパー		Jack the Ripper
ジャック・オー		Jack-O'
ジャケット		Jacket
ジャガー(けものフレンズ)	©	Jaguar (Kemono Friends)
ジムリーダー(ジョウト)	©	Gym Leader (Johto)
ジムリーダー(カントー)	©	Gym Leader (Kanto)
ジム		Jim
ジズ(メギド72)	©	Ziz (Megido 72)
ジジ・ムリン		Gigi Murin
ジジ・フジサキ		Gigi Fujisaki
ジオン軍		Zeon army
ジオン兵		Zeon soldier
ジェーナス(アズールレーン)	©	Janus (Azur Lane)
ジェンティルドンナ(ウマ娘)	©	Gentildonna (Uma Musume)
ジェンツーペンギン(けものフレンズ)	©	Gentoo Penguin (Kemono Friends)
ジェフティ(パン屋作戦)	©	Jehuty (Bakery Operation)
ジェネ		Gene
ジェシー・ラズベリー		Jessie Raspberry
シーニィ		Seeny
シーツ掴み		Sheet Grab
シーツおばけ		Sheet Ghost
シーエ		See
シンメトリカルドッキング		Symmetrical Docking
シンデレラブレイド		Cinderella Blade
シンデレラ:ガラスのプリンセス		Cinderella: The Glass Princess
シンダラ		Sindara
シンクライリアナの人		The person from Synchro Liana
シンクライリアナ(花騎士)	©	Sinkly Liana (Flower Knight)
シロネン		Shironen
シロ(ボンバーガール)	©	Shiro (Bomber Girl)
シロ		Shiro
シルヴァ		Silva
シルフィー		Sylphy
シリーズ化希望		Hoping for a series adaptation
シラユリ・サクラ		Shirayuri Sakura
ショーパン		Shorts
ショートヘアー		Short Hair
ショートパンツ体操着		Shorts Gym Uniform
ショートパンツお漏らし	uro	Shorts Peeing
ショートセレナ		Short Serena
ションベンぶっかけ	uro	Pee Splashing
ションベン	uro	Pee
ショッピングカート		Shopping Cart
ショタ椛		Shota Momiji
ショタモンゲットだぜ!		Got a Shota Monster!
ショタエルフ		Shota Elf
ショジョナ		Shojona
ショコラ(ネコぱら)	©	Chocola (Nekopara)
ショコラ&バニラ		Chocolat & Vanilla
ショウ(ポケモン)	©	Sho (Pokemon)
ショアキーパー(鳴潮)	©	Shorekeeper (Narushio)
シュルクーフ(アズールレーン)	©	Surcouf (Azur Lane)
シュルクーフ		Surcouf
シュリンカー		Shrinker
シュブ=ニグラス		Shub-Niggurath
シュネー・ヴァイスベルグ		Schnee Weissberg
シュタルク		Stark
シャーリー・グランズ		Shirley Grands
シャーチル		Sharchill
シャンプー		Shampoo
シャンデラ		Chandela
シャワー室		Shower Room
シャルロット・デュノア		Charlotte Dunois
シャルロット・カトリーヌ・クルーエ		Charlotte Catherine Clouet
シャルティア		Shaltear
シャル		Sharl
シャムシェル		Shamshel
シャボン玉		Soap Bubble
シャフ度		Shaft Degree
シャハナ=ナーナ		Shahana-Nana
シャノア		Shanoa
シャドー		Shadow
シャドウミストレス優子		Shadow Mistress Yuko
シャトラ		Shatra
シャインミラージュ		Shine Mirage
シャイリリー		Shailily
シフォン		Chiffon
シビアン		Sibian
シノン(SAO)	©	Sinon (SAO)
シノアリス		SINoALICE
シニョーラ(原神)	©	Signora (Genshin Impact)
シドニー・オールム		Sydney Aurum
シドニー		Sydney
シドの嫁		Sid's bride
シトラス		Citrus
シズク=ムラサキ		Shizuku Murasaki
シスターマリン		Sister Marine
シスターサキュバス		Sister Succubus
シスタークレア		Sister Claire
シスタークエスト		Sister Quest
シグニット(アズールレーン)	©	Cygnet (Azur Lane)
シギィ		Siggy
シオン・アルフィーネ		Shion Alfine
シェルファニール		Shelfaniel
シェリー・バーキン		Sherry Birkin
シェリル・ノーム		Sheryl Nome
シェフィールド		Sheffield
シェズ		Shez
シイコ・スガイ		Shiiko Sugai
シィンズゥ(アークナイツ)	©	Sinzu (Arknights)
シアシスターズ		Shiasis Sisters
シアシス		Shiasis
ザー飲		Za Drink
ザーメン風呂	cum	semen bath - zāmen furo
ザーメン塗れ	cum	covered in semen - zāmen nure
ザーメンリンス	cum	semen rinse
ザーメンシャンプー	cum	semen shampoo
サ胸ホイホイ		Sauna Chest Hoihoi
サーリャ		Sarya
サーヤ(翠星のガルガンティア)	©	Saya (Gargantia on the Verdurous Planet)
サーヤ		Saya
サーバル(けものフレンズ)	©	Serval (Kemono Friends)
サークルカット		Circle Cut
サーカル		Circal
サンバイザー		Sun Visor
サンディエゴ(アズールレーン)	©	San Diego (Azur Lane)
サンダー龍子		Thunder Ryuko
サンダース		Sanders
サンダー(ドールズフロントライン)	©	Thunder (Girls' Frontline)
サンダル		Sandals
サンタ女子		Santa Girl
サンタクロース		Santa Claus
サンセットシマー		Sunset Shimmer
サンシャインクリエイション60		Sunshine Creation 60
サンシャインクリエイション		Sunshine Creation
サンオイル		Sun Oil
サロペット		Overalls
サレン(プリコネ)	©	Saren (Princess Connect)
サラーサ(グラブル)	©	Sarasa (Granblue Fantasy)
サラーサ		Sarasa
サラトガ(艦隊これくしょん)	©	Saratoga (Kantai Collection)
サラトガ		Saratoga
サヤ		Saya
サメガール		Shark Girl
サメ		Shark
サムネ		Thumbnail
サマーアードウルフ		Summer Aardwolf
サマルトリアの王子		Prince of Samaltria
サマルトリアの王女		Princess of Samaltria
サバゲー		Airsoft
サナっぱい	tit	Sana oppai
サトノダイヤモンド(ウマ娘)	©	Satono Diamond (Uma Musume)
サディちゃん		Sadie-chan
サッキュバス		Succubus
サッカースピリッツ		Soccer Spirits
サターニャ		Satanya
サタノファニ		Satanophany
サザレ(ポケモン)	©	Sazare (Pokemon)
サグラレ堕メ		Sagurare Fallen
サクラギ・コハル		Sakuragi Koharu
サクナヒメ		Sakunahime
サキュバス荘の大家さん		Landlady of Succubus Manor
サキュバスメイド		Succubus Maid
サキュバスホームステイ		Succubus Homestay
サキュバスクイーン		Succubus Queen
サキュバス(このすば)	©	Succubus (Konosuba)
サキぽよ		Sakipoyo
サウナ		Sauna
サイレント(SlaytheSpire)	©	Silent (Slay the Spire)
サイリ		Sayri
サイボーグ009_		Cyborg 009
サイボーグ		Cyborg
サイバーフォーミュラ		Cyber ​​Formula
サイバーパンク2077		Cyberpunk 2077
サイバーパンク		Cyberpunk
サイドオーダー		Side Order
サイコキ	dick	Psychic Handjob
サイコ		Psycho
サイクロプス		Cyclops
サイクルヘルメット		Cycle Helmet
ゴールドビキニ	swim	Gold Bikini
ゴールデンロア		Golden Roar
ゴールデンパインジュース		Golden Pine Juice
ゴールデングロー(アークナイツ)	©	Goldenglow (Arknights)
ゴーリキー		Gorky
ゴースト(ポケモン)	©	Gastly (Pokemon)
ゴロー(原神)	©	Goro (Genshin Impact)
ゴロー		Goro
ゴルロア		Golroa
ゴルゴプスカバ(けものフレンズ)	©	Gorgops Hippopotamus (Kemono Friends)
ゴム購入		Buying rubber
ゴム着用		Wearing rubber
ゴム手袋		Rubber gloves
ゴム		Rubber
ゴミ箱		Trash Can
ゴミ捨て場		Garbage Dump
ゴミを見るような目		Looking at garbage
ゴミ		Trash
ゴブリン娘		Goblin Girl
ゴブリンライダー		Goblin Rider
ゴブリンスレイヤーの登場人物一覧		List of characters from Goblin Slayer
ゴッドイーター2		God Eater 2
コーナータイム		Corner Time
コードギアス双貌のオズ		Code Geass: Oz the Reflection
コーデリア・エメリー		Cordelia Emery
コンバース		Converse
コンドーム腰簑		Condom loincloth
コン(東京レイヴンズ)	©	Con (Tokyo Ravens)
コン		Kon
コロラド(アズールレーン)	©	Colorado (Azur Lane)
コロマグちゃん		Koromagu-chan
コロッサス(グラブル)	©	Colossus (Granblue Fantasy)
コレ絶対入ってるよね		This definitely has something in it
コルフェン		Corfen
コルニ		Cornie
コリィ・スナイパー		Corey Sniper
コミティア106	event	Comitia 106
コミティア	event	Comitia
コミック真激		Comic Shingeki
コミックミルフ		Comic Milf
コミックマーケット94	event	Comic Market 94
コミックマーケット93	event	Comic Market 93
コミックマーケット85	event	Comic Market 85
コミックマーケット84	event	Comic Market 84
コミックマーケット82	event	Comic Market 82
コミックマーケット79	event	Comic Market 79
コミックマーケット78	event	Comic Market 78
コミックマーケット104	event	Comic Market 104
コミックマーケット100	event	Comic Market 100
コミックマショウ		Comic Mashow
コミックボンボン		Comic Bonbon
コミックトレジャー		Comic Treasure
コミックE×E(エグゼ)	©	Comic E×E (EXE)
コミック1		Comic 1
コミケ78	event	Comiket 78
コハル(アニポケ)	©	Koharu (Anime Pokemon)
コハク(Dr.STONE)	©	Kohaku (Dr.STONE)
コノハ博士		Dr. Konoha
コトブキマコト		Kotobuki Makoto
コップ		Cup
コッコロ		Kokkoro
コックリーシュ		Cock leash
コズミックブレイク		Cosmic Break
コスモス		Cosmos
コスプレ公衆便所		Cosplay Public Toilet
コスプ		Cosplay
ココ・バンディクー		Coco Bandicoot
コケティッシュ		Coquettish
コギト(ポケモン)	©	Cogito (Pokemon)
コウモリ		Bat
コウテイ		Emperor
コウサカ・チナ		Kousaka China
ゲーム画面風		Game screen style
ゲーム機		Game console
ゲームボーイ		Game Boy
ゲーマー		Gamer
ゲート		Gate
ゲンブ(けものフレンズ)	©	Genbu (Kemono Friends)
ゲンガー		Gengar
ゲロ出しゲロ飲み	sca	Vomiting and drinking vomit
ゲロゲロ	sca	Vomit vomit
ゲロイン		Heroine
ゲルド族		Gerudo Tribe
ゲルググ		Gelgoog
ゲップ		Burp
ケヴィン(聖剣伝説3)	©	Kevin (Trials of Mana)
ケンタウロス娘		Centaur girl
ケンタウロス		Centaur
ケロ様		Kero-sama
ケロロ軍曹		Sergeant Keroro
ケルベロス(Helltaker)	©	Cerberus (Helltaker)
ケルシー(アークナイツ)/	©	Kal'tsit (Arknights)
ケルゲレン子		Kerguelenko
ケリ姫スイーツ		Kerihime Sweets
ケモ豆先生		Kemomame Sensei
ケモ娘		Kemomusume
ケモ奴隷		Kemono slave
ケモノ娘		Kemono Girls
ケモノ姉妹		Kemono Sisters
ケモノふれんず		Kemono Friends
ケモセーフ		Kemono safe
ケモストア		Kemono store
ケモぱい	tit	Kemono boobs
ケモっぱい	tit	Kemoppai
ケツァル・コアトル(Fate)	©	Quetzalcoatl (Fate)
ケツァルコアトル		Quetzalcoatl
ケツァぐだ♀		Quetzalcoatl (female)
ケツ		Ass
ケッコンカッコカリ		Temporary marriage
ケッコン(アズールレーン)	©	Kekkon (Azur Lane)
ケイ(トレーナー)	©	Kei (Trainer)
ケイ		Kei
グーラ人		Kune
グロ注意		Warning: Graphic Content
グロマン/子宮脱/ガバマン/BDSM	ryona-	Groman/Uterine Prolapse/Gabaman/BDSM
グロチンポ	dick	Gross Penis
グレープフルーツクロー		Grapefruit Claw
グレートマザー		Great Mother
グレーテル		Gretel
グレアン		Grean
グリース		Grease
グリマス		Grimmas
グリッドマンの下半身担当		Gridman's lower body
グラーフ・ツェッペリン(艦隊これくしょん)	©	Graf Zeppelin (Kantai Collection)
グラーフ・ツェッペリン		Graf Zeppelin
グラヴィラ		Gravira
グランバニア王女		Princess of Granvania
グラン		Gran
グラメル		Gramel
グラマラスグラマー		Glamorous Glamour
グラマラスカバ		Glamorous Kaba
グラベル(アークナイツ)	©	G Label (Arknights)
グラベア		Grabear
グラブル主人公		Granblue Fantasy Protagonist
グラビティフォールズ		Gravity Falls
グラビア		Gravure
グラニ(アークナイツ)	©	Grani (Arknights)
グラナル		Granal
グラジタ		Grajita
グラケット		Gracket
グラアニ		Graani
グッズ		Goods
グダ子		Gudako
グズマ		Guzma
グアム(アズールレーン)	©	Guam (Azur Lane)
クーラードリンク		Queen's Gate
クーネ		Cool Drink
クンニリングス	mouth	Cunnilingus
クロージャ(アークナイツ)	©	Closure (Arknights)
クロリンデ		Chlorinde
クロスホルタービキニ	swim	Cross Halter Bikini
クロエ(プリコネ)	©	Chloe (Princess Connect)
クロエ		Chloe
クレー(原神)	©	Klee (Genshin Impact)
クレマンティーヌ		Clementine
クレベース		Cleveres
クレオパトラ(Fate)	©	Cleopatra (Fate)
クレア・アンドリュース		Claire Andrews
クレア		Claire
クルミ(リコリス・リコイル)	©	Kurumi (Licorice Recoil)
クルシュ		Crusch
クリ肥大化	clit	Clitoris hypertrophy
クリ皮	clit	Clitoris skin
クリ淫紋	clit	Clitoris tattoo
クリ散歩	clit	Clitoris walk
クリ拡張	clit	Clitoris dilation
クリ乳首吸引	clit nip	Clitoris nipple suction
クリーチャー		Creature
クリリード…いやチンリード?	clit dick pierc	Clitoris leash / Penis leash
クリムゾン・タイフーン		Crimson Typhoon
クリフハート		Cliffheart
クリトリス包皮	clit	Clitoris foreskin
クリチラ	clit	Clitoris peek
クリス・モーガン		Chris Morgan
クリスマス2024		Christmas 2024
クリスマス2023		Christmas 2023
クリス(このすば)	©	Chris (Konosuba)
クリカバー	clit	Clit cover
クリオナ	clit	Clit ona
クラ婚		Kura wedding
クランプ		Crump
クラリス(シンデレラガールズ)	©	Clarice (Cinderella Girls)
クララ(トレーナー)	©	Clara (Trainer)
クララ		Clara
クラッシュバンディクー		Crash Bandicoot
クラスに1人いる巨乳シリーズ	tit	The Big-Breasted Girl Series (One in Every Class)
クラス3		Class 3
クラゲ		Jellyfish
クラエア		Kuraea
クラウンピース		Clownpiece
クライムバスターズ		Crime Busters
クムリ先輩		Guten Morgen♡Guten Morgen♡
クパァ		Kupaa
クノイチ		Kunoichi
クトゥルフ神話TRPG		Cthulhu Mythos TRPG
クトゥルフ神話		Cthulhu Mythos
クッパ		Bowser
クソビッチ		Bitch
クスリ漬け		Drug addict
クスリ		Drugs
クシャルダオラ		Kushala Daora
クォーツ		Quartz
クエンシー(勝利の女神:NIKKE)	©	Quency (Goddess of Victory: NIKKE)
クイーンズブレイドリベリオン		Queen's Blade Rebellion
クイーンズゲイト		Queen's Blade Rebellion
ギロチン拘束		King Caesar
ギルモン		Beautiful Suppatenko
ギルベルタ(エンドフィールド)	©	Gilberta (Endfield)
ギルティギアストライヴ		Guilmon
ギルます		Guilty Gear Strive
ギリギリアウト		Just Barely Out
ギョロ目		Buggy Eyes
ギャルピース		Galpeace
ギャラクティカ		Galactica
ギャグハーネス		Gag Harness
ギタリスト		Guitarist
ギザ歯		Jagged Teeth
ギガサイズ		Giga Size
キーロフ		Kirov
キヴォトスゲップ部		Kivotos Burp Club
キンシコウ(けものフレンズ)	©	Golden Snub-nosed Monkey (Kemono Friends)
キンシコウ		Testicle Mosaic
キング・シーザー		King of Fighters
キングオブファイターズ		Golden Monkey
キリコ		Kiriko
キリグバイツ		Kirigbites
キラッ☆		Sparkle☆
キョンシー頼光		Jiangshi Yorimitsu
キョンシー娘		Jiangshi Girl
キョウカ(プリコネ)	©	Kyouka (Princess Connect)
キュービィ		Cubie
キュロク		Kyuroku
キュベレイMk‐Ⅱ		Qubeley Mk-II
キュアロゼッタ		Cure Rosetta
キュアリリアン		Cure Rilian
キュアリズム		Cure Rhythm
キュアマーチ		Cure March
キュアマリン		Cure Marine
キュアホワイト		Cure White
キュアピース		Cure Peace
キュアビート		Cure Beat
キュアヒョウタンヤマ		Cure Hyotanyama
キュアニャミー		Cure Nyami
キュアトヨカワ		Cure Toyokawa
キュアトゥインクル		Cure Twinkle
キュアソード		Cure Sword
キュアサンシャイン		Cure Sunshine
キュアアルカナ・シャドウ		Cure Arcana Shadow
キャンディス(原神)	©	Candice (Genshin Impact)
キャンディス		Candice
キャリア潰し		Career ruiner
キャラ配布(ハニーセレクト2)	©	Character Distribution (Honey Select 2)
キャラ配布		Character distribution
キャラクター		Character
キャメルトゥ		Cameltoe
キャプションに全力で同意		I completely agree with the caption.
キャプションで台無し		The caption ruined it.
キャットガール		Cat Girl
キャッツィバニィ!		Catsy Bunny!
キャッシフスルート		Cassifus Route
キャストリス		Castoris
キャストオフ		Cast Off
キャスター(Fate/EXTRA)	©	Caster (Fate/EXTRA)
キャスカ		Casca
キミの瞳に欲情してる		I'm Lusting After Your Eyes
キノコ		Mushroom
キズナアイ		Kizuna AI
キスショット・アセロラオリオン・ハートアンダーブレード		Kiss-Shot Acerola-Orion Heart-Under-Blade
キサラ		Kisara
キサキ		Kisaki
キカイダー01		Kikaider 01
キアサージ(アズールレーン)	©	Kearsarge (Azur Lane)
ガールズバー		Girls bar
ガーネット		Garnet
ガーター		Garter
ガンダム試作2号機		Gundam Prototype Unit 2
ガンダム戦記		Gundam Chronicles
ガンダムSEEDDESTINY		Gundam SEED DESTINY
ガンダム00		Gundam 00
ガンスリンガー		Gunslinger
ガングロ	guro	Ganguro
ガレージキット		Garage Kit
ガレス(Fate)	©	Gareth (Fate)
ガルーダ		Garuda
ガルチュー		Garchu
ガルガンティア		Gargantia
ガラスの中		Inside the Glass
ガハママ		Gahama Mama
ガチ百合	not_solo yuri sex	Hardcore yuri
ガチレズ	not_solo yuri sex	Hardcore lesbian
ガスタの静寂カーム		Gusta's silence, calm
ガジェットリョナ	ryona	Gadget ryona
ガク痙攣		Shaking convulsions
ガキ犯		Kid perpetrator
ガキに戻ってヤリ直し		Go back to being a kid and start over
ガオー		Grrr
カーリー		Carly
カーリナ		Karlina
カーミラ(水着)	swim ©	Carmilla (swimsuit)
カーミラ(Fate)	©	Carmilla (Fate)
カーミラ		Carmilla
カーマ(水着)	swim ©	Karma (swimsuit)
カーディガン		Cardigan
カーディ(アークナイツ)	©	Cardi (Arknights)
カーセックス		Car sex
カンナ		Kanna
カンタレラ・フィサリア		Cantarella Fissalia
カレンちゃん		Karen-chan
カレラ		Carrera
カレット		Carret
カルロッタ(鳴潮)	©	Carlotta (Narushio)
カルム(トレーナー)	©	Calem (Trainer)
カルデアチアリーディング部		Caldea Cheerleading Club
カルデアキッチン組		Caldea Kitchen Group
カルテイラ		Carteira
カリン・ウィクス		Karin Wicks
カリザ(プリコネ)	©	Kariza (Princess Connect)
カリカリ		Crunchy
カリオストロ(グラブル)	©	Cagliostro (Granblue Fantasy)
カラーリップ		Colored Lips
カラータイツ		Colored Tights
カラカル(けものフレンズ)	©	Caracal (Kemono Friends)
カムイ♀		Kamui♀
カムイ(FEif)	©	Kamui (FEif)
カミツレ		Chamomile
カミチア・ネーラ		Kamichia Nera
カボチャ挿入	insert	Pumpkin Insertion
カホ		Kaho
カフェ		Cafe
カヒリ(ポケモン)	©	Kahili (Pokemon)
カバーイラスト		Cover illustration
カノン(ポケモン)	©	Kanon (Pokemon)
カノン(プリコネ)	©	Kanon (Princess Connect)
カノジョも彼女		She's also her
カニバリズム		Cannibalism
カナン・ル・ユーパトリウム		Kanan le Eupatorium
カナン(アラフォー男の異世界通販生活)	©	Kanan (A Middle-Aged Man's Isekai Online Shopping Life)
カットアウェイショルダー		Cutaway shoulder
カタリナ・クラエス		Katarina Claes
カタリナ		Katarina
カズクリ	clit	Kazukuri
カスミ(電撃ピカチュウ)	©	Kasumi (Dengeki Pikachu)
カクビク		Shaking and trembling
カクテル		Cocktail
カガリ(ポケモン)	©	Kagari (Pokemon)
カカオ		Cacao
カオリ・フジワラ		Kaori Fujiwara
カオスヘッド		Chaos Head
カオスゼロナイトメア		Chaos Zero Nightmare
カウベル		Cowbell
カウパー		Cowper
カイ・ハーン		Kai Hahn
オーロ・クロニー		Auro Chrony
オーロラ		Aurora
オーメストグランデ		Omestogrande
オーベム		Obem
オープンニップル	nip	Open nipple
オーバー・ザ・カラー		Over the color
オーバーロード(アニメ)	©	Overlord (Anime)
オートバイ		Motorcycle
オーガ(DQ10)	©	Ogre (DQ10)
オーガ		Ogre
オーイエーアハーン		Oh yeah hahn
オレンジ髪		Orange hair
オレンジペコ(GuP)	©	Orange Pekoe (GuP)
オルレアン		Orleans
オルドリン・ジヴォン		Aldrin Zivon
オルテガ		Ortega
オルガスム		Orgasm
オリビエ		Olivier
オリジナル漫画	oc	Original manga
オリジナルセーラー戦士	oc	Original Sailor Senshi
オリジナルXIII	oc	Original XIII
オリキャラ全部描く	oc	Draw all original characters
オリキャラゆづき	oc	Original character Yuzuki
オリオトライ・真喜子		Oriotrai Makiko
オヤジ		Dad
オムツ		Diapers
オマーン・コーン		Oman Korn
オマンコアップ	pussy	Close-up of pussy
オマル		Omar
オベリスクフォース		Obelisk Force
オフパコ		Off-pako
オフェリア(FEif)	©	Ophelia (FEif)
オフィスラブ		Office love
オファーはメイドさん		Offer is a maid
オパイニダス神話		Opainidas mythology
オナホ扱い		Treated as an onaho
オナホ妖精		Onaho fairy
オナホ化		Onaho transformation
オナホコキ	dick	Onaho cocking
オナホ		Onaho
オナニー配信	expose mast	Masturbation stream
オトメ*ドメイン		Otome*Domain
オトスパス		Otosupas
オトコノコHEAVEN		Otokonoko HEAVEN
オトギリさん		Otogiri-san
オッホアイ		Ohoai
オッティモ!!		Ottimo!!
オスクロル		Oscrol
オスガキ		Osugaki
オシリナル		Oshirinaru
オシリス文庫		Osiris Bunko
オクトリング		Octolin
オカルトマニア(Z-A)	©	Hex Maniac (Z-A)
オカマニ		Okamani
オオカミ		Wolf
オウカテンコウ		Oukatenkou
オイルマッサージの虜になった私		I became addicted to oil massage
オイルプレイ		Oil play
オイナリプリキュア		Oinari Precure
エーデルガルト=フォン=フレスベルグ		Edelgard von Hresberg
エーテル財団職員		Ether Foundation employee
エーギル(アズールレーン)	©	Aegir (Azur Lane)
エヴァQ		Eva Q
エンジェルクラブ		Angel Club
エロ魔女		Erotic witch
エロ運動会		Erotic sports day
エロ蹲踞/尻神様/極上の乳/クリスマス	tit	Erotic squatting/Butt god/Supreme boobs/Christmas
エロ絵		Erotic pictures
エロ画像		Erotic images
エロ校則		Erotic school rules
エロ本		Erotic book
エロ忍者		Erotic ninja
エロ制服		Erotic uniform
エロ写メ		Erotic photo
エロピン		Erotic pin
エロビキニ	swim expose	Erotic bikini
エロトラップダンジョン		Erotic trap dungeon
エロキュア		Erotic Cure
エロカッコイイ		Erotic cool
エロアクセサリー		Erotic accessories
エロかわいい		Erotic cute
エロおにぎり		Erotic rice balls
エレベーターガール		Elevator Girl
エレベーター		Elevator
エレナ・ブラヴァツキー(水着)	swim ©	Helena Blavatsky (swimsuit)
エレナ・ブラヴァツキー(Fate)	©	Helena Blavatsky (Fate)
エレナ・ダグラス		Elena Douglas
エレナ(ストリートファイター)	©	Elena (Street Fighter)
エレグ:ブーム・アンド・ショック		Ereg: Boom and Shock
エレグ(勝利の女神:NIKKE)	©	Eleg (Goddess of Victory: NIKKE)
エレグ		Ereg
エル子		Elko
エルーン		Elune
エルメ		Elme
エルボーサポーター		Elbow Supporter
エルボー&ニーパッド		Elbow & Knee Pads
エルブン・フォレストメーカー		Elven Forestmaker
エルフでビキニでマシンガン!	fantasy swim	Elf in a Bikini with a Machine Gun!
エルフ(DQ10)	©	Elf (DQ10)
エルデンリング:ナイトレイン		Elden Ring: Nightrain
エルデンリング		Elden Ring
エルザ・ブルックス		Elsa Brooks
エルザ(シンフォギア)	©	Elsa (Symphogear)
エル(GuP)	©	El (GuP)
エル		El
エリーチカ		Erichka
エリーゼ・カタリーナ・フォン・ホーエンハイム		Elise Katarina von Hohenheim
エリス(このすば)	©	Eris (Konosuba)
エリス		Ellis
エリザベス・ローズ・ブラッドフレイム		Elisabeth Rose Bloodflame
エリサ		Elisa
エリコ(プリコネ)	©	Eriko (Princess Connect)
エミリー		Emily
エマ		Emma
エピックセブン		Epic Seven
エビ殿(ペティオ)	©	Ebi-dono (Petio)
エパリダ		Epalida
エニシアと契約紋		Contract crest with Enisia
エナメル		Enamel
エナジードリンク		Energy drink
エデンズリッター		Eden's Ritter
エディンバラ(アズールレーン)	©	Edinburgh (Azur Lane)
エディンバラ		Edinburgh
エッジランナーズ		Edgerunners
エチケット袋		Etiquette bag
エターナルアルカディア		Eternal Arcadia
エスプガルーダ		Espgaluda
エサ		Bait
エコー		Echo
エクソシスター・イレーヌ		Exorcist Irene
エクスブレイズ		Exblaze
エクシア(勝利の女神:NIKKE)	©	Exusiai (Goddess of Victory: NIKKE)
エクシア(アークナイツ)	©	Exusiai (Arknights)
エキドナ(ラストオリジン)	©	Echidna (Last Origin)
エキゾチックチャイナ		Exotic China
エウレカセブン		Eureka Seven
エウルア(原神)	©	Eulua (Genshin Impact)
エウリュアレ(Fate)	©	Euryale (Fate)
エウリュアレ		Euryale
エイリーク		Eirik
エイリアン		Alien
エイミー(翠星のガルガンティア)	©	Amy (Gargantia on the Verdurous Planet)
エイミー		Amy
エイプリルフール		April Fool's Day
エイダ・ウォン		Ada Wong
エイキーグレート		Aky Great
エアマット		Air Mat
エアコミケ		Air Comiket
エアグルーヴ(ウマ娘)	©	Air Groove (Uma Musume)
エアグルーヴ		Air Groove
エアガイツ		Ehrgeiz
ェーガー		Jaeger
ウーバーイーツ		Uber Eats
ウンディーネ(ギルティギア)	©	Undine (Guilty Gear)
ウロボロス(ドールズフロントライン)	©	Ouroboros (Girls' Frontline)
ウルリッヒ・フォン・フッテン(アズールレーン)	©	Ulrich F Von Hutten (Azur Lane)
ウルピスフォリア(アークナイツ)	©	Ulpisfolia (Arknights)
ウルシ(ボンバーガール)	©	Urushi (Bomber Girl)
ウル		Uru
ウラビティ		Uravity
ウマ娘ブルマーダービー		Uma Musume Bloomer Derby
ウツロイド		Nihilego
ウチの子		My child
ウシ娘		Cow girl
ウサ耳		Bunny ears
ウサギ娘		Bunny girl
ウォースパイト(艦隊これくしょん)	©	Warspite (Kantai Collection)
ウエディングランジェリー		Wedding lingerie
ウェーブヘア		Wavy hair
ウェービーロングヘアー		Wavy long hair
ウェルロッドMkII(ドールズフロントライン)	©	Welrod MkII (Girls' Frontline)
ウェルロッド		Welrod
ウェルカムドリンク		Welcome drink
ウェディング下着		Wedding underwear
ウェディング		Wedding
ウェットスーツ		Wetsuit
ウェット&メッシー		Wet & Messy
ウェストバージニア(アズールレーン)	©	West Virginia (Azur Lane)
ウインク		Wink
ウィドウメーカー		Widowmaker
ウィドウメイカー		Widowmaker
ウィッチブレイド		Witchblade
ウィッチクラフト・ハイネ		Witchcraft Heine
ウィッチクラフト		Witchcraft
ウィズ(このすば)	©	Wiz (Konosuba)
ウィスラッシュ(アークナイツ)	©	Wislash (Arknights)
ウィステリアシリーズ		Wisteria Series
ウィクロス		WIXOSS
イーブルローズ		Evil Rose
イージス		Aegis
インモラル		Immoral
インプラカブル		Implacable
インプモン		Impmon
インプ		Imp
インフィニット・ストラトス2		Infinite Stratos 2
インフィニットストラトス		Infinite Stratos
インドミタブル		Indomitable
インディアン		Indian
インディアナポリス(アズールレーン)	©	Indianapolis (Azur Lane)
イングリス・ユークス		Inglis Yukes
インキュバス		Incubus
インガオホー		Ingaohho
イワトビペンギン(けものフレンズ)	©	Rockhopper Penguin (Kemono Friends)
イロドリミドリ		Irodorimidori
イレイナ		Elaina
イルル(小林さんちのメイドラゴン)	©	Ilulu (Miss Kobayashi's Dragon Maid)
イリヤビースト		Illya Beast
イラリク消化		Illarik fulfillment
イラスト本		Illustration book
イラストリアス		Illustrious
イラスティガール		Elastigirl
イヤーガード		Ear guard
イブシコ		Ibushiko
イナズマイレブン		Inazuma Eleven
イトウクッキー		Ito Cookie
イデア・リー		Idea Lee
イチカ		Ichika
イザベラ・バレンタイン		Isabella Valentine
イサコ		Isako
イグゥ系		Iguu type
イクラクン		Ikura-kun
イクしかない/連結ピアス/アイデア	cum pierc	No choice but to cum/Connected piercings/Idea
イクしかない/緊縛高手小手胸縄逆さ吊り放置アイデア3点連結ピ	cum pierc bond	No choice but to cum/Bondage, hands high, hands low, chest, rope, upside down suspension, left alone, idea, 3-point connected piercings
イクしかない/緊縛後手M字開脚吊り放置強制絶頂乳首ピアス	cum nip pierc bond	No choice but to cum/Bondage, hands behind back, M-shaped leg spread, suspended, left alone, forced orgasm, nipple piercings
イクしかない/拘束後手連結乳首ピアス	cum nip pierc	No choice but to cum/Restraint, hands behind back, connected nipple piercings
イクしかない/拘束後手放置強制絶頂首輪	cum	No choice but to cum/Restraint, hands behind back, left alone, forced orgasm, collar
イクしかない/拘束バイブ固定放置強制絶頂3点ピアス	cum nip clit pierc	No choice but to cum/Restraint, vibrator fixed, left alone, forced orgasm, 3-point piercings
イクしかない/拘束2点連結乳首ピアスバイブ強制絶頂	cum nip pierc	No choice but to cum/Restraint, 2-point connected nipple piercings, vibrator, forced orgasm
イクしかない/後手拘束放置強制絶頂/連結乳首ピアス	cum nip pierc	No choice but to cum/Hands behind back restraint, left alone, forced orgasm/Connected nipple piercings
イクしかない/完全緊縛高手小手胸縄M字開脚強制絶頂	cum bond	No choice but to cum/Complete bondage, hands high, small Hands, chest, rope, M-shaped leg spread, forced orgasm
イクしかない/完全緊縛高手小手胸縄M字開脚吊り放置強制絶頂	cum bond	No choice but to cum/Complete bondage, hands high, hands low, chest rope, M-shaped leg spread, suspension, left alone, forced orgasm
イクしかない/完全緊縛胡座縛り吊りアイデア放置3点ピアス強制	cum pierc bond	No choice but to cum/Complete bondage, cross-legged bondage, suspension, idea, left alone, 3-point piercings, forced
イクしかない/完全拘束後手バイブ固定放置強制絶頂乳首ピアス	cum nip pierc	No choice but to cum/Complete restraint, hands behind, vibrator fixed, left alone, forced orgasm, nipple piercings
イクしかない/完全拘束後手M字開脚2穴放置強制絶頂	cum	No choice but to cum/Complete restraint, hands behind, M-shaped leg spread, 2 holes left alone, forced orgasm
イクしかない/完全拘束バイブ固定放置強制絶頂/美乳	cum tit	No choice but to cum/Complete restraint, vibrator fixed, left alone, forced orgasm/Beautiful breasts
イクしかない/吊り/美乳巨乳	cum tit	No choice but to cum/Suspension/Beautiful breasts/Big breasts
イクしかない/オナニー/乳首責め	cum nip mast	No choice but to cum/Masturbation/Nipple torture
イクしかない/アイデア/強制絶頂	cum	No choice but to cum/Idea/Forced orgasm
イクしかない	cum	No choice but to cum
イカ娘		Squid Girl
イカがわしい		Suspicious
イオ・ユークレース		Io Euclase
イオ		Io
イェーガー		Jaeger
イェラ(アークナイツ)	©	Yella (Arknights)
ア艦これ		AkanColle
アームレット		Armlet
アードウルフ(けものフレンズ)	©	Aardwolf (Kemono Friends)
アーチャーフィッシュ(アズールレーン)	©	Archerfish (Azur Lane)
アーチャーフィッシュ		Archerfish
アークロイヤル		Ark Royal
アークザラッド2		Arc the Lad 2
アヴリル・ヴァン・フルール		Avril Van Fleur
アヴリル		Avril
アヴィエーレ		Aviere
アン・ボニー		Anne Bonny
アンミラ		Ann Miller
アンナ・錦ノ宮		Anna Nishikinomiya
アンチラ(グラブル)	©	Anila (Granblue Fantasy)
アンチョビ		Anchovy
アンダーヘア		Underarm hair
アンダーグラウンド		Underground
アンスリウム		Anthurium
アンジェリーナ・菜夏・シーウェル		Angelina Nanaka Sewell
アンジェリーナ(アークナイツ)	©	Angelina (Arknights)
アンジェラ(聖剣伝説3)	©	Angela (Trials of Mana)
アンジェラ		Angela
アンケートに全部が無い		Not everything is in the survey
アン(神撃のバハムート)	©	Ann (Rage of Bahamut)
アロエ(異種族レビュアーズ)	©	Aloe (Interspecies Reviewers)
アレディの嫁		Aledy's Bride
アルミナ		Alumina
アルマ		Alma
アルプ・スイッチ		Alp Switch
アルプスの少女ハイジ		Heidi, Girl of the Alps
アルバコア(アズールレーン)	©	Albacore (Azur Lane)
アルテラ(Fate)	©	Altera (Fate)
アルティメットディーバ		Ultimate Diva
アルティメットまどか		Ultimate Madoka
アルシャト(プリコネ)	©	Alshat (Princess Connect)
アルコール浣腸		Alcohol Enema
アルギュロス		Argyros
アルカナ:フォーチュンメイト		Arcana: Fortune Mate
アルカナ(勝利の女神:NIKKE)	©	Arcana (Goddess of Victory: NIKKE)
アルカディア		Arcadia
アル		Al
アリーゼ		Alize
アリス・カータレット		Alice Cartalet
アリスフィーズ・フェイタルベルン		Alice Fies Fatalbern
アリスソフトはにほー		AliceSoft Honey
アリス(原神)	©	Alice (Genshin Impact)
アリシア・メルキオット		Alicia Melchiott
アリサ(シャドウバース)	©	Alisa (Shadowverse)
アリサ		Alisa
アリアンロッド・サガ		Arianrhod Saga
アラ・ハーン		Ara Haan
アラフォー男の異世界通販生活		A Middle-Aged Man's Otherworldly Online Shopping Life
アラビアン		Arabian
アラバマ(アズールレーン)	©	Alabama (Azur Lane)
アラトロン		Aratron
アラクネ		Arachne
アヤメ(GBD)	©	Ayame (GBD)
アマリリス組		Amaryllis Group
アマビエ		Amabie
アマテ・ユズリハ		Amate Yuzuriha
アマゾネス		Amazoness
アポロニア・ヴァール		Apollonia Vaal
アポロキャップ		Apollo Cap
アベル(モンスト)	©	Abel (Monster Strike)
アヘ顔ピース		Ahegao Peace
アヘ顔/強制開脚/Dilation_belt/性器ピアス	pierc	Ahegao / Forced leg spread / Dilation belt / Genital piercings
アヘガオ		Ahegao
アフリカオオコノハズク(けものフレンズ)	©	African Scops Owl (Kemono Friends)
アビゲイル・ウィリアムズ(水着)	swim ©	Abigail Williams (swimsuit)
アバドーン		Abaddon
アネモネ		Anemone
アネット		Annette
アニパロ		Aniparo
アニスフィア・ウィン・パレッティア		Anisphia Wyn Palettia
アニス		Anis
アニエス・オブリージュ		Agnes Oblige
アナールレーン		Anar Lane
アナーキー・パンティ		Anarchy Panties
アナル騎乗位	anal	Anal cowgirl position
アナル飲酒	anal	Anal drinking
アナル調教	anal	Anal training
アナル相撲	anal	Anal sumo wrestling
アナル皺	anal	Anal wrinkles
アナル出産	anal	Anal childbirth
アナルフック/ボンデージ/アームバインダー/ペニスギャグ	anal mouth bond dick	Anal hook / bondage / arm binder / penis gag
アナルファック	anal insert	Anal fuck
アナルパール/アナルビーズ	anal	Anal pearls/anal beads
アナルゼリー相撲	anal	Anal jelly sumo
アナルジュエリー	anal	Anal jewelry
アナルしっぽ	anal	Anal tail
アナルきつきつ丸	anal	Anal tightness
アナスタシア・ニコラエヴナ・ロマノヴァ(Fate)	©	Anastasia Nikolaevna Romanova (Fate)
アナスタシア/速水奏/鷹富士茄子/新田美波/高垣楓/三船美優		Anastasia / Hayami Kanade / Takafuji Nasu / Nitta Minami / Takagaki Kaede / Mifune Miyu
アナスタシア(Fate)	©	Anastasia (Fate)
アドミラル・ナヒーモフ(アズールレーン)	©	Admiral Nakhimov (Azur Lane)
アドミラル・グラーフ・シュペー(アズールレーン)	©	Admiral Graf Spee (Azur Lane)
アドベンチャータイム		Adventure Time
アトランタ(艦隊これくしょん)	©	Atlanta (Kantai Collection)
アトランタ		Atlanta
アダルトグッズ		Adult Goods
アダルトアニメ化/OVA化		Adult Anime Adaptation/OVA Adaptation
アセロラ(ポケモン)	©	Acerola (Pokemon)
アズールレーン陣営		Azur Lane Faction
アズールレーン七周年記念		Azur Lane 7th Anniversary
アズールはもう駄目だ		Azur Lane is No Good
アスナ(ポケモン)	©	Asuna (Pokemon)
アストルフォ(Fate)	©	Astolfo (Fate)
アステシア(アークナイツ)	©	Astesia (Arknights)
アスティカシア高等専門学園		Asticacia High School
アスカリ		Askari
アジタ		Ajita
アシュリー		Ashley
アサ狐		Asa Kitsune
アサギ(ボンバーガール)	©	Asagi (Bomber Girl)
アコぱい		Akopai
アゲハ		Ageha
アグライア(スターレイル)	©	Aglaia (Star Rail)
アクリルキーホルダー		Acrylic Keychain
アクメビーム		Acme Beam
アクションクルーズ		Action Cruise
アクシズ教		Axis Cult
アクエリオンEVOL		Aquarion EVOL
アクア・ケントルム		Aqua Centrum
アキラ(ゼンゼロ)	©	Wise (ZZZ)
アカネ		Akane
アオリ(スプラトゥーン)	©	Callie (Splatoon)
アオリ		Aori
アオイ(ポケモンSV)	©	Aoi (Pokemon SV)
アオのハコ		Blue Box
アウター・ラビア・ピアス	pussy pierc	Outer Labia Piercing
アイリスフィール・フォン・アインツベルン		Irisviel von Einzbern
アイリスは天使		Iris is an Angel
アイリス(トレーナー)	©	Iris (Trainer)
アイリス(アニポケ)	©	Iris (Anime Pokemon)
アイリス		Iris
アイリ		Airi
アイラ		Aira
アイマスク		Eye Mask
アイマス×ラブライブ	tm	Idolmaster x Love Live
アイボー		Aibo
アイプラ		Aipla
アイナちゃん		Aina-chan
アイドルマスターミリオンライブ!シアターデイズ		THE IDOLM@STER Million Live! Theater Days
アイドリープライド		Idolly Pride
アイテール		Aether
アイス		Ice
アイシャ・ベルカ		Aisha Belka
アイオワ		Iowa
アイちゃん(月曜日のたわわ)	©	Ai-chan (Tawawa on Monday)
アへ顔ダブルピース		Ahegao Double Peace
わたしの幸せな結婚		My Happy Marriage
わき		Armpit
わがままおっぱい	tit	Selfish Breasts
わかめ酒		Wakame Sake
わかさぎ姫		Wakasagihime
ろーあんぐる		Low Angle
れいかのバッドエンドビューティ虐め		Reika's Bad End Beauty Bullying
れいか(DOA)	©	Reika (DOA)
るるのアトリエ		Ruru's Atelier
り陸奥たか		Rimutsu Taka
りーさん		Rii-san
りんごの森とパラレルタウン		Apple Forest and Parallel Town
りんかん学校ではよくある風景		A common scene at Rinkan School
りぼんヘアピンちゃん		Ribbon Hairpin-chan
らんゆか		Ranyuka
らんま		Ranma
らんぱい		Ranpai
らくがきとはなんだったのか		What was that doodle all about?
よわよわ先生		Weak Teacher
よもまつ10yo		Yomomatsu 10yo
よもまつ		Yomomatsu
よいみや		Yoimiya
よいこの萌えっ娘!		Good Girl's Moe Girl!
ゆる触手		Slow Tentacles
ゆり	not_solo yuri	Yuri
ゆら		Yura
ゆゆゆ		Yuyuyu
ゆゆっぱい	tit	Yuyuko Saigyouji oppai
ゆみこ先生と僕		Yumiko-sensei and Me
ゆまちゃん		Yuma-chan
ゆっくりTRPG		Slow-paced TRPG
ゆきしま		Yukishima
ゆきおんな		Yukionna
ゆかきり		Yukakiri
ゆうえんち(けものフレンズ)	©	Amusement Park (Kemono Friends)
ゆいなちゃん		Yuina-chan
やり手水		Yaritemizu
やぶれタイツ		Torn Tights
やはり俺の青春ラブコメはまちがっている		My Youth Romantic Comedy Is Wrong, As I Expected
もーもーふれっしゅ		Moo Moo Fresh
もんじゃ		Monja
もりあがってまいりました		It's getting exciting
ももちゃん		Momo-chan
もみじえろえろ		Momiji is erotic
もふりたい尻尾		Want to Pet a Tail
もふもふしたい		I want to pet them
もっと逃避するべき		Should escape more
もっと評価されるべき		Should be more appreciated
もっと・・・		More...
もっとカッとなるべき		Should get more angry
もしドラ		If the Manager of a High School Baseball Team...
もう助からないゾ♡		There's no saving you now ♡
もうホモでいいや		It's fine to be gay now
もうこれが公式でいいよ		This can be the official version now
めーりん		Meirin
めんま		Menma
めゆーめゆー		Meyu Meyu
めだかボックス		Medaka Box
めぐりねルカ		Megurine Luka
めがねっ娘		Girl with Glasses
むらナイ		Muranai
むらびと		Villager
むっちり		Chubby
むしろ描いてください		Rather, please draw it
むしろ女王樣		Rather, Queen
みんなの着せ替え!		Everyone's Dress Up!
みなみけ		Minami-ke
みつバチすずめバチ		Honeybee Hornet
みつる君		Mitsuru-kun
みつあみ		Braids
みたらしアンコ		Mitarashi Anko
みずタイプ		Water Type
みこぱい		Mikopai
みうらっは		Miuraha
まんこ見えそう	pussy	Pussy almost visible
まんぐり返し/ぐぱぁ/拡張/ケツ毛	pussy ass	Cunt Reversal/Spread Legs/Expansion/Butt Hair
まろんちゃん		Maron-chan
まり		Mari
まな板の上の鯉		Carp on the cutting board
まどマギ		Madoka Magica
まどか		Madoka
まとめ		Summary
まつりは絵っち		Matsuri is erotic
まったく、駆逐艦は最高だぜ‼︎		Seriously, destroyers are the best!!
ましろ色シンフォニー		Mashiro-iro Symphony
まこぴーをいぢめ隊		Makopi Bullying Squad
まこぴー		Makopi
まえばり		Front-Facing
まいてつ		Maitetsu
まあ30分もゲザればなんとかしてくれる…よね…		Well, if I beg for 30 minutes, they'll probably do something about it... right...?
ま○こ習字	pussy	Calling by the Pussy
ぽんこつ娘の日常		The Daily Life of a Clumsy Girl
ぽっかり乳首	nip	Gap Nipple
ぽいっぱい	tit	Yuudachi (KanColle) Oppai - Poi + oppai
ぼったくり		Rip-off
ほーぅ、さっぱりだ		Wow, that's refreshing
ほろ酔い		Tipsy
ほっぺをチンポつつき	dick face	Cheek Poking with Dick
ほっこり		Heartwarming
ほたる		Firefly
ぺコリーヌ		Pecorine
ぺろくん	tongue	Lick
へんたいよくできました		Well Done, Pervert
へそ出しチャイナ		Navel Bare China Dress
へそぱんち		Navel Punch
ぷりけつ	ass	Pretty Butt
ぷよぷよSUN		Puyo Puyo SUN
ぷにケット21		Puniket 21
ぶっ掛け	cum	Cumshot
ぶっともも		Thick thighs
ぶっかけ眼鏡舐め	cum tongue	Cumshot glasses licking
ぶっかけ専用	cum	Cumshot only
ぶっかけうどん	cum	Cumshot udon
ぶっかけ/巨乳首/痴女/眼鏡/スパンキング/舌ピアス/爆乳	cum tongue pierc tit nip	Cumshot/Big nipples/Slut/Glasses/Spanking/Tongue piercing/Huge breasts
ぶち込みたい尻		Ass I want to thrust into
ぶざまんこ	pussy	Clumsy Vagina
ふとましい		Plump
ふたなり化		Futanari Transformation
ふたなりテント		Futanari Tent
ふぐり		Scrotum
ふぁーすと4		First 4
ぴっちり		Tight
ぴたけっと		Pitaketto
ぴえろ魔法少女シリーズ		Clown Magical Girl series
ひゃぁ!もう我慢できねぇ!		Ah! I can't take it anymore!
ひもパン		Thong
ひなこのーと		Hinako Note
ひとは		Hitoha
ひつじ		Sheep
ひぐらしのなく頃に業		Higurashi: When They Cry - Gou
ぱんもろ		Panty exposed
ぱいずり	tit	Boob rub
ばん馬		Draft horse
ばっちゃが言うなら間違いない		If Grandma says so, it must be true
ばくにゅう!!	tit	Big breasts!!
はるあみ		Haruami
はみ出したい乳	tit	Boobs that Want to Spill Out
はみクリ	clit	Hamikuri
はねらぎ		Haneragi
はつらつ		Lively
はたらく細胞		Cells at Work!
はじけて♪サマー		Sparkling Summer
はぐれ魂獣イヅナ		Stray Soul Beast Izuna
はあみこ		Haamiko
はあとArt		Heart Art
のほほんさん		Carefree-san
のけ反り		Leaning back
ねぶた		Nebuta
ねじ込む		Squeeze in
ねこ耳		Cat Ears
ねここ		Nekoko
ねこ		Cat
ぬら孫		Nurarihyon no Mago
ぬいぐるみと女の子		Stuffed animal and girl
にょーそろー		Nyosoro
にゃんにゃんでにゃんにゃんするにゃん		Nyan nyan de nyannyan suru nyan
にゃふぅ		Nyafuu
にじそうさく		Nijisousaku
にこにー		NicoNii
にくみ		Nikumi
なんだあのでっかいモノ・・・		What is that huge thing...
なるほど、わからん		I see, I don't get it
なめこ		Nameko
なのは		Nanoha
なにしてもいいのよ		You can do anything
なにこれ切ない		What is this, sad
なにこれエロカワイイ		What is this, sexy and cute
なにこれエロかっこいい		What is this, sexy and cool
なにこれエロい		What is this, sexy
ななしいんく		Nanashiink
なぜか偏るアンケート		A survey that's strangely biased
ながらプレイ		Playing while doing other things
ながもんなキャプション		Long caption
どや顔		Smug face
どたぷ～ん		Splish-splash
どたぷ〜ん		Splish-splash
どえむ		Dom
どう森	tm	Animal Crossing
とんがり帽子		Pointy hat
とら祭り2015		Tora Festival 2015
とら祭り		Tora Festival
とらぶる		Trouble
とらのあな		Toranoana
ととぱい		Totopai
ととさと		Totosato
としょかんコンビ		Library duo
でんぐり返し		Somersault
でんきタイプ		Electric Type
できる瑞鶴		Capable Zuikaku
でかすぎ姫		Too Big Princess
てゐ		Tewi
てっぺん		Top
てぃくび		Tickle
つるーぴー		Tsurupi
つま先		Toes
つけ耳		Fake ears
つう		Tsuu
ついんげ		Twintails
ちんちんない男の娘のちんちん		A boy with no penis has a penis
ちんこローター	dick toy	Penis vibrator
ちんぐり騎乗位		Chinguri cowgirl position
ちりこ		Chiriko
ちょろイン		Choroin
ちょっと乳がでかいくらい	tit	Just a little big boobs
ちょこぱい		Choco Pie
ちびムーン		Chibi Moon
ちはまこ		Chihamako
ちっくちっくびー☆		Chick Chick Bee☆
ちちりん		Chichirin
ちちゅーごく		Chichuugoku
ちさたき		Chisataki
だれうま		Who's good at this?
だるま/四肢欠損/四肢切断		Daruma/Limb loss/Amputation
だばぁ		Dabaa
だが男だ		But he's a man
だがそれがいい		But that's good
たんこぶ		Bump
たわわチャレンジ		Bountiful challenge
たわわな幼馴染		Bountiful childhood friend
たわわなおっぱい	tit	Bountiful breasts
たわわ		Bountiful
たゆんげ		Bouncy
たぷたぷ		Flabby
たぶんバッチパパ		Probably Batch Papa
たちばなももか		Tachibana Momoka
ただのやらしいマリア		Just a Naughty Maria
たこがため		Octopus Lock
たおやかじゃないわね		Not very graceful, is it?
たいせつなきみのために、ぼくにできるいちばんのこと		The best thing I can do for you, my precious one
それは気のせいです		That's just your imagination
その発想は無かった		I never thought of that
そに子ちゃん10周年		Sonico-chan's 10th Anniversary
そに子		Sonico
そして次の瞬間!!		And the next moment!!
そしてこのプロフ画である。		And then this profile picture.
そうりゅう		Souryuu
そ、そこー!		Y-You're right there!
ぜひ揉んでみたいおっぱい	tit	I'd love to grope those breasts
ぜかま尻	ass	Zekama Butt
ぜかまし		Zekamashi
せいふく		Uniform
ずっぽり		Fully inserted
ずっしり乳	tit	Heavy boobs
すーぱーたま娘		Super Tama Musume
すりすり		Rubbing
すばら汁		Subarajiru
すたっどばんぎゃっしゅ		Stud bangyash
すじスク	swim expose	Crotch swimsuit
すじまん		Sujiman
すこティッシュ		Suko tissue
すいかっぷ		Suikappu
す―ぱーそに子		Super Sonico
しーっ		Shhh
しり	ass	Butt
しょこらーと		Chocolat
しゃがみション		Crouching
しめじ		Shimeji
しまむー		Shimamura
しばられいむ	bond	Shibarareimu
しばきながら罵詈雑言を浴びせてください		Please beat me and hurl insults at me
しない		I won't
しつけ		Discipline
したいのにできない		I want to but can't
しずりん		Shizurin
しずか		Shizuka
しぐぱい		Shigupai
しかし犯される		But she is violated
し〜むす!8		Shims! 8
さや杏		Saya Anzu
さとぱい		Satopai
さとしさとり		Satoshi Satori
さくらんぼ		Sakuranbo
さくら		Sakura
さくにゅう		Sakunyuu
さかまた飼育日記		Sakamata Breeding Diary
ご褒美		Reward
ご依頼		Request
ごらんの有様だよ!		Look at this mess!
ごみ袋		Garbage Bag
ごっちん		Gotchin
ご、誤字はなおさないもん;w;		I'm not going to correct the typos lol
こんるる		Konruru
こんな家に住みたい		I want to live in a house like this
こんなに飛ばないけど		It doesn't fly this far though
これは良い「あーん」		This is a good "Aaah"
これはいい初音		These are nice Hatsune
これはいいおっぱい	tit	These are nice boobs
これでラフ・・・だと・・・!?		Is this rough...!?
これが現実		This is reality
これからが本番		The real fun starts now
こりこり祭り		Crunchy Festival
こまえーき		Komaeki
この世、全ての欲		All desires in this world
このヘンタイ!		You pervert!
このままながめてるのもいいか		Is it okay to just keep looking at them like this?
このおっぱいで魔女は納得でしょ	tit	A witch is understandable with those breasts
このおっぱいで仙女は無理でしょ	tit	A fairy is impossible with those breasts
このおっぱいで37kgは無理でしょ	tit	37kg is impossible with those breasts
このあと滅茶苦茶セックスした		We had crazy sex after this
ことよろ		Kotoyoro
こたつプレイ		Kotatsu Play
こたつ		Kotatsu
こすてろ		Cosplay
ここに軍法会議を設置しよう		Let's set up a court-martial here
ここに住みたい		I want to live here
こがぱい		Kogapai
こいちち		Koichichi
こぁ		Koa
げろを吐く	sca	Vomiting
げろ	sca	Gero (Vomit)
げっぷ		Burp
けも耳		Kemomimi
けもフレ風景画		Kemono Friends Landscape Painting
けもフレ		Kemono Friends
けもケット9.5		Kemoket 9.5
けもの		Kemono
けもにょ		Kemonyo
けっこう仮面		Kekko Kamen
けしからん乳	tit	Outrageous breasts
けしからんもっとかいて下さい		Outrageous, draw more
けしからんふともも		Outrageous thighs
けしからん		Outrageous
けいおん!!		K-On!!
ぐーてんもーげん♡ぐーてんもーげん♡		Gura Person
ぐるぐる目		Swirly Eyes
ぐだ邪ン		Kuon
ぐだネロ		Guda Jeanne
ぐだセミ		Guda Nagi
ぐだなぎ		Guda Nero
ぐだぐだ邪馬台国		Gudaguda Yamatai
くんずほぐれつ		Tangled and Entangled
くろシス		Kurosis
くぱあ		Kumuri-senpai
くぱぁの日		Kupa
くぱぁ?		Kupa Day
くつろぐおっぱい	tit	Relaxing boobs
くっころ		Kukkoro
くせっ毛		Curly hair
くおん		Kupa?
くいこみ		Tight fit
きんたまモザイク		Guda Semi
きれいなスッパテンコー		Beautiful Nyu
きれいなにゅう		Guillotine Restraint
きらめくセレナーデ		Sparkling Serenade
きょとんハテナ		Bewildered Question Mark
きゅうくらりん		Kyukurarin
がんばれ♥がんばれ♥		Go for it♥ Go for it♥
かんぱに☆ガールズ		Kanpani☆Girls
かんこうきゃく(トレーナー)	©	Tourist (Trainer)
かわみょん		Kawamyon
かわいい子		Cute Girl
かまかまーと		Kamakamart
かぼちゃの本気		Pumpkin's Seriousness
かばんちゃん		Kaban-chan
かつて魔法少女と悪は敵対していた。		Once upon a time, magical girls and evil were enemies.
かっこかわいい		Cool and cute
かげわか		Shadow
かがみもちち		Kagami Mochichi
かがみ		Mirror
お風呂ポスター		Bath poster
お金		Money
お酒		Alcohol
お薬		Medicine
お竜		Oryu
お札		Banknote
お散歩		Walk
お掃除クンニ	mouth	Cunnilingus cleaning
お持ち帰り		Take home
お巡りさんこっちです		Officer, over here
お尻少し見えてる	ass	Butt slightly visible
お尻ちん	ass dick	Butt penis
お宝マーク		Treasure mark
お嬢貧乳	tit	Young lady small breasts
お姫乳	tit	Princess breasts
お姫ちん	dick	Princess penis
お姉様		Big sister
お姉さんのおっぱい	tit	Big sister's boobs
お前のような潜水艦がいるか		Is there any submarine like you?
お前それ次やったらマジで〝これ〟だからな		If you do that again, it's seriously "this" for you
お兄様ホイホイ		Big brother bait
お仕置きシリーズ		Punishment series
お仕事絵		Work illustration
お仕事募集中		Looking for work
お仕事		Work
お互いに温めあいましょう		Let's warm each other up
おパンツ		Panties
おやこ		Parent and child
おもらし寸前		Almost wetting herself
おもらしっ娘		Wetting girl
おもらし×放尿○	uro	Incontinence × Urination ○
おもらし,お漏らし	uro	Wetting, peeing
おみぃさん		Omii-san
おまんこ丸出し	pussy	Full pussy exposed
おまんこカーテン	pussy	Pussy curtain
おまわりさんこの人です		Officer, this is the person!
おまわりさんこっちです		Officer, over here!
おまる		Omar
おへそ窓		Belly button window
おへそくぱぁ		Belly button spread open
おぱーい	tit	Boobs
おぱい	tit	Boobs
おばさん		Auntie
おのえねっと		Onoe net
おねロリ	loli	Onee-Loli
おねだり		Begging
おねえさん		Big sister
おにロリ	loli	Oni loli
おっパルテナ	tit	Oppai Palutena
おっパブ	tit	Oppai Pub
おっぱまりさ		Oppa Marisa
おっぱい魔女	tit	Boob witch
おっぱい責め	tit	Boob torture
おっぱい固め	tit	Boob hardening
おっぱい丸出し	tit	Boobs completely exposed
おっぱいロープウェイ	tit	Boob ropeway
おっぱいマウスパッド	tit	Boob mousepad
おっぱいプレート	tit	Boob plate
おっぱいフック	tit	Boob hook
おっぱいピカチュウ	tit	Boob Pikachu
おっぱいサンシャイン	tit	Boob sunshine
おっぱいグラブ	tit	Boob glove
おっぱいカーテン	tit	Boob curtain
おっぱいオバケ	tit	Boob ghost
おっぱいアイマスク	tit	Boob eye mask
おっぱいの中身	tit	What's inside boobs
おっぱいこわい	tit	Scary boobs
おっぱい/腹筋/飲み物	tit	Boobs/Abs/Drinks
おっき		Big
おちんぽミルク	dick milk	Penis milk
おちんちん	dick	Penis
おちくびごくもん	nip	Nipple torture
おだんご		Dumpling
おすわり		Sitting
おしっこ漏らし競技ソロ	uro	Peeing incontinence competition solo
おしっこの穴	uro	Pee hole
おしがま		Oshigama
おしおき		Punishment
おさわりまんこのひとです	pussy	Touching pussy person
おかあさん		Mom
えーちち様		Echichi-sama
えろケモ先生		Erotic furry teacher
えろいほんツリーズ07		Erotic book trees 07
えろいほんツリーズ03		Erotic book trees 03
えりんげ		Eringe
えりか		Erika
うんりゅう		Unryuu
うんちまみれ	sca	Covered in poop
うんこ付き	sca	With poop
うんこまみれ	sca	Covered in shit
うわキツ		Wow, it's tough
うるぱい		Urupai
うど純		Udo Jun
うつくしい		Beautiful
うちの娘		My daughter
うずまきクシナ		Uzumaki Kushina
うさみみポーズ		Bunny ear pose
うさだヒカル		Usada Hikaru
うさぎちゃん		Little bunny
うごイラ、		Moving Illustration
うごくアズレン		Moving Azur Lane
いろは(侍魂)	©	Iroha (Samurai Shodown)
いろは		Iroha
いぬみみ	fantasy	Dog ears
いつも頬を赤らめているみうらっは		Miura, who always blushes
いつもの水龍敬		The usual Mizuryu Kei
いっぱい	tit	Ippai - abundant breasts
いっそ塗り絵企画に		Why not make it a coloring book project?
いちご100%		Strawberry 100%
いたって普通のにゅう		Just an ordinary Nyu
いただきっ!		I'll take it!
いずれ最強の錬金術師?		The strongest alchemist of all time?
いずみちゃん		Izumi-chan
いすず		Isuzu
いい肉乳	tit-	Good meat breasts / Plump breasts
いい肉の日		Good Meat Day
いい笑顔		Nice smile
いいスジしてる		Nice muscles
いいだしっぺの法則		The rule of the one who suggests it
いいえ、ケフィアです。		No, it's kefir.
いいえ、ケフィアです		No, it's kefir
あんぱんの日		Anpan Day
あんあんあんな♡		Ah ah ah ah ♡
あわせてしょりしょり無処理しょり		Shrink together, unprocessed shrink
あるある		Common Experiences
あやらぶ絵巻		Ayarabu Picture Scroll
あやもみ		Ayamomi
あやね		Ayane
あやかしランブル!		Ayakashi Rumble!
あばら		Ribs
あの花		Anohana
あにゃまる探偵キルミンずぅ		Anyamaru Detective Kilminzu
あと4人		4 more people
あててんのよ		I've got it right
あつ森	tm	Animal Crossing
あそびにいくヨ!		Let's Go Play!
あそう…け…?		Oh... so...?
あずぱい(アイマス)	©	Azupai (Idolmaster)
あずにゃん		Azunyan
あざとい	mouth	Cunning
あさかぜ学園おっぱい組	tit not_solo	Asakaze Academy Oppai Group
あけましておめでとう		Happy New Year
あけおめこ		Happy New Year!
あくび		Yawn
あおり		Aori
ああっ女神さまっ		Ahhh My Goddess
ああ、次はメガシンカだ･･･		Ah, next is Mega Evolution...
ああ!窓に!窓に!		Ah! At the window! At the window!
【同人再録】		[Doujinshi Reprint]
【VS】魔女		[VS] Witch
【R-18】グリモア伝		[R-18] Grimoire Legend
★★		★ ★
●REC		● REC
⑨		⑨
※小学生です		*Elementary school student
※公式です		*Official
※よいこはマネしないでね		*Good kids should not imitate this
※しません		*Does not do
※6歳です		*6 years old
Оригинальный_персонаж	oc	Original_character
π/		Breasts out / Cleavage
zombies		zombies
zerotwo		zerotwo
zelda		zelda
yupachu		yupachu
yukiちゃん		Yuki-chan
younggirl		younggirl
yoruichishihouin		yoruichishihouin
yoruichi		yoruichi
yokai		yokai
yoimiya		yoimiya
yiyi		yiyi
x-ray		x-ray
wow		wow
wife_slut		wife_slut
widowmaker		widowmaker
whitney		whitney
whitehair		whitehair
wetting	uro	wetting
wet		wet
wedding		wedding
wapeach		wapeach
wallpaper		wallpaper
w		w
vtber		vtber
vshojo		vshojo
voyeur		voyeur
vomit	sca	vomit
vocaloid_china	©	vocaloid_china
vliver		vliver
viper-f50		viper-f50
vindictus		vindictus
vampire		vampire
v_flower		v_flower
uzaki		uzaki
usagi		usagi
urophagia	uro mouth	urophagia
uropha	uro mouth	uropha
urination	uro	urination
urethra		urethra
ump45		ump45
ullr		ullr
tsukishiroyanagi		tsukishiroyanagi
tracer		tracer
touko		touko
tomboy		tomboy
toilet		toilet
tickle		tickle
thigh		thigh
tenten_nipples	nip	tenten_nipples
tears		tears
teamrocket		teamrocket
swordswallowingposition		swordswallowingposition
swordmaiden		swordmaiden
sweat		sweat
supermario		supermario
sunset_shimmer		sunset_shimmer
sukja		sukja
suicidesquadfanart		suicidesquadfanart
suicidesquad		suicidesquad
suggestive		suggestive
studio		studio
street		street
stocking		stocking
stella		stella
stable	ai	stable
squigly		squigly
squeeze		squeeze
sporty		sporty
splatoon3		splatoon3
spit	mouth	spit
soulworker		soulworker
soultide		soultide
soulcalibur		soulcalibur
soraka		soraka
sonicthehedgehog		sonicthehedgehog
sona		sona
soles		soles
socks		socks
snuffy		snuffy
smoking		smoking
smile		smile
slave		slave
skeb依頼絵		Skeb commissioned illustration
shylily		shylily
shorthair		shorthair
shiranui		shiranui
shimapan		shimapan
shihouin_yoruichi		shihouin_yoruichi
shenhe		shenhe
shanoa		shanoa
shadowheart		shadowheart
sf5		sf5
sexygirl		sexygirl
sexyart		sexyart
sexpolice		sexpolice
seieki		seieki
seethrough		seethrough
see-through		see-through
sc60		sc60
sam		sam
sailormercury		sailormercury
sailor		sailor
rule34		rule34
ruirui		ruirui
roxannewolf		roxannewolf
roxanne		roxanne
rov		rov
ring		ring
revy		revy
reversebunnysuit		reversebunnysuit
retro		retro
residentevil		residentevil
rbq		rbq
raycast		raycast
raidian		raidian
raccoon		raccoon
pussyjuice	pussy	pussyjuice
pussy	pussy	pussy
purah		purah
punk		punk
psplive		psplive
psg		psg
prostitute		prostitute
princesszelda		princesszelda
pony		pony
playhome		playhome
play_home		play_home
pixiv年賀状2010		pixiv New Year's Cards 2010
pixivSnowEffect		pixivSnowEffect
pixivGlow2024		pixivGlow2024
pinup		pinup
pinkie_pie		pinkie_pie
pinkhair		pinkhair
phone		phone
petplay	pet	petplay
pervert		pervert
persona3		persona3
persica		persica
pawpose		pawpose
panties		panties
panit		panit
painting		painting
p3		p3
overlord		overlord
original_character	oc	original_character
oral_sex	mouth	oral_sex
onimai		onimai
oni		oni
onepunchman		onepunchman
one_bar_prison		one_bar_prison
olivier		olivier
okayu		okayu
occultism		occultism
nun		nun
nude		nude
nozama		nozama
nippletape	nip	nippletape
nipplepiercing	nip pierc	nipplepiercing
nintendoRP		nintendoRP
niku便器ですよ。兄さん。	uro	It's a Niku toilet, bro.
nierautomata		nierautomata
neuro-sama		neuro-sama
nerd_slut		nerd_slut
nekomata		nekomata
neko		neko
native		native
naruto		naruto
nami		nami
naked		naked
nadia		nadia
musclegirl		musclegirl
mujin		mujin
mothman		mothman
mother_and_daughter		mother_and_daughter
morrigan		morrigan
moon		moon
mona		mona
miniskirt		miniskirt
milking	milk	milking
milk	milk	milk
milf_project		milf_project
miku		miku
messyhair		messyhair
meme		meme
medusa		medusa
mature		mature
marina		marina
marian		marian
maplestory		maplestory
manga		manga
manface		manface
makima		makima
mai		mai
lu輪姦	not_solo sex sm	Lu gang rape
luna		luna
lulu		lulu
loen		loen
lillie		lillie
leonaheidern		leonaheidern
leona		leona
legs		legs
legend		legend
league_of_legends		league_of_legends
latexnuns		latexnuns
lass		lass
lapwing		lapwing
lappland		lappland
lactation	milk	lactation
kuromaru		kuromaru
kujousara		kujousara
kos-mos		kos-mos
komishouko		komishouko
komi-san		komi-san
kingsraid		kingsraid
kimono		kimono
kimetsunoyaiba		kimetsunoyaiba
kiana		kiana
kefla		kefla
kda		kda
katarina		katarina
karlach		karlach
kajinman		kajinman
kajin		kajin
justia		justia
jowyanderson		jowyanderson
jolyne		jolyne
jill		jill
jack-o		jack-o
itadaki		itadaki
irodori版けものフレンズ	©	irodori version Kemono Friends
invertednipple	nip	invertednipple
inuitoko		inuitoko
illust		illust
iPad		iPad
iDOLSURVIVAL		iDOLSURVIVAL
i2v		i2v
hyuugahinata		hyuugahinata
hypnosis		hypnosis
hunter		hunter
hrak男性向け		hrak for men
hotvr		hotvr
horizonwalker		horizonwalker
hooker		hooker
holojustice		holojustice
highheels		highheels
hex_maniac		hex_maniac
hex		hex
hentai		hentai
harevutai		harevutai
hanfu		hanfu
handjob	dick	handjob
halloween		halloween
hagane.f		hagane.f
h		h
gyaru		gyaru
gundam		gundam
guiltygear		guiltygear
gril		gril
grab		grab
gothic		gothic
gore		gore
goldenshower	uro	goldenshower
goddess		goddess
goblinslayer		goblinslayer
glasspress		glasspress
ghost		ghost
ggstrive		ggstrive
genshinimpact		genshinimpact
gbf		gbf
garter		garter
gangroad		gangroad
gamemarket		gamemarket
gamefreak		gamefreak
gag		gag
futa		futa
fur		fur
footfetish		footfetish
flou		flou
five_nights_at_freddy's		five_nights_at_freddy's
figure		figure
fighter		fighter
ffvii		ffvii
ff7r		ff7r
fetish		fetish
femboy		femboy
femaleninja		femaleninja
fellatio	mouth dick	fellatio
fategrandorder		fategrandorder
facial		facial
f2p		f2p
exhibitionism		exhibitionism
exercise		exercise
etheriarestart		etheriarestart
etheria		etheria
epicseven		epicseven
epic7		epic7
emily		emily
elphelt		elphelt
elegg		elegg
dualtail		dualtail
dragon		dragon
doublepeace		doublepeace
double_penetration	insert	double_penetration
doomer		doomer
doodle		doodle
doll		doll
doggystyle	sex	doggystyle
diletta		diletta
dildo		dildo
dilation_belt		dilation_belt
digital		digital
diaper		diaper
design		design
demongirl		demongirl
demon		demon
demitri		demitri
deepthroat	throat	deepthroat
debonair		debonair
dark_magician_girl		dark_magician_girl
daphne_blake		daphne_blake
danmachi		danmachi
dalle3		dalle3
d.va_(overwatch)	©	d.va_(overwatch)
cynthia		cynthia
cyberpunk2077		cyberpunk2077
curry		curry
cuming	cum	cuming
cuckold		cuckold
cryptids		cryptids
crying		crying
creampie		creampie
cowboy		cowboy
cow		cow
corruption		corruption
conceptart		conceptart
commy		commy
comicアンスリウム		Comic Anthurium
comics		comics
comic1☆4		comic1☆4
comdost		comdost
cocobandicoot		cocobandicoot
closer		closer
chun_li		chun_li
chiwan		chiwan
child		child
chii		chii
chastitybelt		chastitybelt
chastity		chastity
catfight		catfight
castlevania		castlevania
card		card
capcom		capcom
cammywhite		cammywhite
cameltoe		cameltoe
callillust		callillust
callie		callie
callidrip		callidrip
cacus		cacus
c91		c91
c85		c85
c84		c84
c82		c82
c78		c78
butt	ass	butt
buruaka		buruaka
bunny_girl		bunny_girl
bunny		bunny
bubbline		bubbline
browndust		browndust
bowsette		bowsette
booty		booty
booette		booette
bonndage		bonndage
bodysuit		bodysuit
boahancock		boahancock
blush		blush
bluesona		bluesona
blonde		blonde
blindfold		blindfold
blender		blender
blazblue		blazblue
bitchsuit		bitchsuit
biohazard		biohazard
bibi		bibi
bellybutton		bellybutton
belly		belly
belldandy		belldandy
beheading		beheading
beautifuldress		beautifuldress
baseball		baseball
ballgag		ballgag
baldursgate		baldursgate
avielynn		avielynn
avie-lynn		avie-lynn
armpit		armpit
armbinder		armbinder
ara		ara
aphrodisiac		aphrodisiac
aov		aov
anythingv3		anythingv3
anythingV3		anythingV3
animeart		animeart
angry		angry
anarchy		anarchy
amyrose		amyrose
alternate_hair_color		alternate_hair_color
allout		allout
akenohimejima		akenohimejima
akali		akali
ai少女		ai girl
aigirl		aigirl
aiart	ai	aiart
ahri		ahri
ah!mygoddess		ah!mygoddess
acerola		acerola
abs		abs
Z指定なのに性交できないこんな世の中じゃ(ノД`)		It's a world where you can't have sex even though it's rated Z (T_T)
Zでも家庭用では乳首は出ないんだ…出ないんだよ!	nip	Even in Z-rated movies, nipples don't show...they don't show!
Zxyori		Zxyori
ZhuYuan		ZhuYuan
Zbrush		Zbrush
ZZZ		ZZZ
Z11(アズールレーン)	©	Z11 (Azur Lane)
Z1		Z1
Z/X		Z/X
Yuri	not_solo yuri	Yuri
Yukikaze_Panettone_alter		Yukikaze_Panettone_alter
Yujin		Yujin
Youth		Youth
YouTube		YouTube
You		You
Yoruichi		Yoruichi
Yor		Yor
Yoimiya		Yoimiya
Yelan		Yelan
Yanfei		Yanfei
Yanagi		Yanagi
YaeMiko		YaeMiko
YES/NO枕		YES/NO枕
YDIYA		YDIYA
YAT安心!宇宙旅行		YAT peace of mind! Space travel
X字拘束		X-shaped restraint
Xhiemi		Xhiemi
Xenosaga		Xenosaga
Xayah		Xayah
XY(アニポケ)	©	XY (Pokemon anime)
XFrog		XFrog
XBLAZE		XBLAZE
X-02		X-02
X-00ティアマト		X-00 Tiamat
W手コキ	dick	Double Handjob
Wプリンツ・オイゲン		Double Prinz Eugen
Wファー		Double Fur
Wアナル挿入	anal insert	Double Anal Insertion
Wrestling		Wrestling
WorldofWarcraft		WorldofWarcraft
Wooden_Horse		Wooden_Horse
Wolfychu		Wolfychu
With		With
WhiteTails		WhiteTails
Welrod		Welrod
Webjob	dick	Webjob
WatsonAmelia		WatsonAmelia
Warwick		Warwick
Waitress		Waitress
WTエロ		WT Erotic
WOMAN		WOMAN
WIZ		WIZ
WIXOSS		WIXOSS
WAXED		WAXED
WA5		WA5
WA2000(ドールズフロントライン)	©	WA2000 (Girls' Frontline)
WA2000		WA2000
W		W
V字水着	swim expose	V-shaped swimsuit
Vチューバー		VTuber
Vサイン		V-sign
Vulpisfoglia		Vulpisfoglia
Vocaloid	©	Vocaloid
Vivian		Vivian
VirtualYouTuber		VirtualYouTuber
VirtuaReal		VirtuaReal
ViperGTS		ViperGTS
Vidya		Vidya
VestiaZeta		VestiaZeta
VenusBlood		VenusBlood
VelmaDinkley		VelmaDinkley
Veibae		Veibae
Vargr		Vargr
ValentinesDay2020		ValentinesDay2020
Valentine(スカルガールズ)	©	Valentine (Skullgirls)
Valentine		Valentine
VTuber可憐		VTuber Karen
VShojo		VShojo
VOICEVOX		VOICEVOX
VIPER(PCゲーム)	©	VIPER (PC game)
VEE		VEE
VA-11_HALL-A		VA-11_HALL-A
V4/A4		V4/A4
V.G.		V.G.
Urophagia	uro mouth	Urophagia
Ubel		Ubel
UW		UW
UNIY		UNIY
UMP45(ドールズフロントライン)	©	UMP45 (Girls' Frontline)
U-47(アズールレーン)	©	U-47 (Azur Lane)
Type.II		Type.II
Twitterまとめ		Twitter Summary
TwinBox学園		TwinBox Academy
TsukatsukiRio		TsukatsukiRio
Trigger		Trigger
Trickcal		Trickcal
Tracer		Tracer
Touhou		Touhou
Torture		Torture
Torso		Torso
Tongue	tongue	Tongue
TinaIsami		TinaIsami
Tiffy		Tiffy
TifaLockhart	©	TifaLockhart
ThornSin		ThornSin
Tenh		Tenh
Tekken		Tekken
Tayelle		Tayelle
Tanning		Tanning
Tamatoys		Tamatoys
Taki		Taki
TakanashiKiara		TakanashiKiara
TV		TV
TSUGUNAI		TSUGUNAI
TRPG		TRPG
TOX2		TOX2
TOWART		TOWART
TOV		TOV
TOKYO天魔		TOKYO Tenma
TOKYOEXEGIRLS		TOKYOEXEGIRLS
THE_資本主義		THE_Capitalism
TEENTITANS		TEENTITANS
TAIHO		TAIHO
T-elos		T-elos
T-3レプリコン		T-3 Replicon
Sランクモンスターのベヒーモス		S-Rank Monster Behemoth
Swimsuit	swim	Swimsuit
SummerPockets		SummerPockets
Succubus_Queen		Succubus_Queen
Stockings		Stockings
StellaSora		StellaSora
Steamセールちゃん		Steam Sale-chan
SteamSpringSale		SteamSpringSale
Steam		Steam
Starfire		Starfire
Spider		Spider
Sparkle		Sparkle
SoulWorker		SoulWorker
Snuffy		Snuffy
SlaytheSpire		SlaytheSpire
Skadi		Skadi
Siren		Siren
Sipher		Sipher
SilverWolf		SilverWolf
Shizuku		Shizuku
Shinji_Ikari		Shinji_Ikari
Shampoo		Shampoo
Shadowverse		Shadowverse
Selfcest		Selfcest
SecretAgent〜騎士学園の忍びなるもの〜		Secret Agent ~The Ninja of the Knight Academy~
Secazz		Secazz
ScoobyDoo		ScoobyDoo
Scat	sca	scat
SamsungSam		SamsungSam
SamekoSaba		SamekoSaba
SakuradaHane		SakuradaHane
Sabrith		Sabrith
SUPERCOMICCITY25		SUPERCOMICCITY25
STG		STG
SSSS.DYNAZENON		SSSS.DYNAZENON
SR-3MP		SR-3MP
SPYxFAMILY		SPYxFAMILY
SPH		SPH
SONA		SONA
SO5		SO5
SKEB		SKEB
SHOWBYROCK!!ましゅまいれっしゅ!!		SHOW BY ROCK!! Mashumairesh!!
SHIROBAKO		SHIROBAKO
SF		SF
SEKIRO		SEKIRO
SEED		SEED
SDXL		SDXL
SDGO		SDGO
SD		SD
S-スネーク		S-Snake
S-Force乱破小夜丸		S-Force Ranpa Sayomaru
Rｰ18		Rｰ18
Rosenkreuzstilette		Rosenkreuzstilette
Rosaria		Rosaria
Rope		Rope
Roma		Roma
RockwaLadynoTashinamidesh		RockwaLadynoTashinamidesh
Riasgremory		Riasgremory
Reina		Reina
Regina		Regina
Redh		Redh
Recluse		Recluse
Raven		Raven
Rapi		Rapi
Ranma1/2		Ranma1/2
Ranma		Ranma
Rane		Rane
RaidenMei		RaidenMei
RagnarokOnline		RagnarokOnline
Rabi-Ribi		Rabi-Ribi
RabbitGarden		RabbitGarden
RQ		RQ
ROOMガール		ROOM Girl
RO635		RO635
RJいじめ		RJ bullying
RIOTMUSIC		RIOTMUSIC
R17.9		R17.9
R.ミカ		R. Mika
R.O.D		R.O.D
R.Mika		R.Mika
R-17		R-17
Qpixiv2水着	swim	Qpixiv2 swimsuit
QRコード		QR code
QMA		QMA
QBZ-97(ドールズフロントライン)	©	QBZ-97 (Dolls Frontline)
QBZ-95		QBZ-95
Q-Bee		Q-Bee
Procreate		Procreate
PrinzEugen		PrinzEugen
PrincessConnect!Re:Dive		PrincessConnect!Re:Dive
PriConne		PriConne
Pramanix		Pramanix
Police		Police
Pokémon		Pokémon
PokemonBW		PokemonBW
Plump		Plump
Pixai.Art	ai	Pixai.Art
Phrolova		Phrolova
Persona		Persona
Perlica		Perlica
Penny		Penny
Parasoul		Parasoul
Palutena		Palutena
Palette		Palette
Pacific_Rim		Pacific_Rim
PSPo2i		PSPo2i
PPP(けものフレンズ)	©	PPP (Kemono Friends)
PPK(ドールズフロントライン)	©	PPK (Dolls Frontline)
PPAP		PPAP
POSER		POSER
POOTERS		POOTERS
PMNP		PMNP
PLAYHOME		PLAYHOME
PAさん		PAさん
Olga		Olga
OlchaS		OlchaS
Obese		Obese
OTs-12		OTs-12
ORASハルカ		ORAS Haruka
NottyTiffy		NottyTiffy
Nipple	nip	Nipple
Nikke		Nikke
Nicole		Nicole
Neopolitan		Neopolitan
Neo-Porte		Neo-Porte
Nekomimi		Nekomimi
Nejire		Nejire
Naruto		Naruto
Nana		Nana
Nachoneko		Nachoneko
NY		NY
NTRではない		Not NTR
NSFW		NSFW
NIJISANJI		NIJISANJI
NEWGAME!		NEWGAME!
NCISさんこっちです		NCIS, over here
M字開脚/ストライプソックス/ぐぱぁ/子宮口		M-shaped leg spread/striped socks/spread legs/cervix
M字		M-shape
Märchen_Star		Märchen_Star
Muscle		Muscle
Mt.レディ		Mt. Lady
Ms.Fortune		Ms.Fortune
Mr.インクレディブル		Mr. Incredible
Mother		Mother
MoriCalliope		MoriCalliope
Moona_Hoshinova		Moona_Hoshinova
Mitumi_Shiba		Mitumi_Shiba
MitsuruKirijo		MitsuruKirijo
Mita		Mita
Misato_Katsuragi		Misato_Katsuragi
MillenniumCAT		MillenniumCAT
Milk_Gun	milk	Milk_Gun
Miku		Miku
Mika		Mika
Mihara		Mihara
Midnight		Midnight
MiSide		MiSide
Mhu'Tiki		Mhu'Tiki
Metamorphy		Metamorphy
Mercury		Mercury
Meikasama		Meikasama
Megurine		Megurine
Maya		Maya
May		May
Mavuika		Mavuika
Mars		Mars
Marnie		Marnie
Marina		Marina
Maishiranui		Maishiranui
Mai_Shiranui		Mai_Shiranui
Mahouka		Mahouka
MahoSakuramori		MahoSakuramori
Magiabese		Magiabese
MX		MX
MUGEN		MUGEN
MONSTER		MONSTER
MMDR18		MMDR18
MLP		MLP
MIKU		MIKU
MID		MID
MI6さんこっちです		MI6, over here
MHW		MHW
MF文庫J		MF Bunko J
MERCY		MERCY
MARVEL		MARVEL
M249		M249
Lynae		Lynae
Lusamine		Lusamine
Lupin_III		Lupin_III
Lumine		Lumine
LumiNyu		LumiNyu
Luka		Luka
Louis		Louis
Loona		Loona
Lolita	loli	Lolita
LoV3		LoV3
Lillie		Lillie
Libeccio		Libeccio
LeagueofLegends		LeagueofLegends
LeagueOfLegends		LeagueOfLegends
Latex		Latex
Lapwing		Lapwing
Lancer		Lancer
LUX		LUX
LPLE		LPLE
LEGENDSアルセウス		LEGENDS Arceus
LEGENDSZ-A		LEGENDSZ-A
LCL		LCL
LATEX		LATEX
K点越えおっぱい	tit	Boobs beyond the K-point
Kyou		Kyou
Kuritorisu	clit	Kuritorisu
Kokomi		Kokomi
Kohaku		Kohaku
KelliSiren		KelliSiren
Karera		Karera
Kal'tsit		Kal'tsit
KaiSa		KaiSa
KENZEN		KENZEN
K/DA		K/DA
Juvia		Juvia
Juri		Juri
JotTouch		JotTouch
Jk		Jk
Jinx		Jinx
Jessie		Jessie
JaneDoe		JaneDoe
Jaina_Proudmoore		Jaina_Proudmoore
JUNGLE		JUNGLE
JK沙都子		JK Satoko
JKリフレ		JK Reflexology
JKめし!		JK Meshi!
JD		JD
JAV		JAV
JAPANESE		JAPANESE
I字放尿	uro	I-shaped urination
I型の谷間		I-shaped cleavage
Iバック		I-back
Irelia		Irelia
Iono(Pokemon)	©	Iono(Pokemon)
InugamiKorone		InugamiKorone
ISUKO		ISUKO
IRyS		IRyS
INAXがアップを始めました		INAX has started warming up
IGNITION		IGNITION
IDOLY_PRIDE		IDOLY_PRIDE
IDOLM@STER		IDOLM@STER
Hな水着	swim expose	Sexy swimsuit
Hな下着		Sexy underwear
Hysilens		Hysilens
Honkaiimpact3rd		Honkaiimpact3rd
HoneyWorks		HoneyWorks
HololiveID		HololiveID
Histoire-d'A		Histoire-d'A
Hinata		Hinata
HelluvaBoss		HelluvaBoss
Helltaker		Helltaker
HeavyCruiser		HeavyCruiser
Hatsune		Hatsune
HarleyQuinn		HarleyQuinn
HappyNewYear2024		HappyNewYear2024
HappyNewYear2022		HappyNewYear2022
HappyHalloween		HappyHalloween
Haman_Karn		Haman_Karn
HalloweenParty2025		HalloweenParty2025
HakuiKoyori		HakuiKoyori
HakosBaelz		HakosBaelz
HTH		HTH
HS2		HS2
HOTLIMIT		HOTLIMIT
HONEYSELECT		HONEYSELECT
H		H
Gストリング		G-string
Gwen(LoL)	©	Gwen(LoL)
Gwen		Gwen
GushingoverMagicalGirls		GushingoverMagicalGirls
GuiltyGear		GuiltyGear
GravityFalls		GravityFalls
Goldenglow		Goldenglow
GoldenShower	uro	GoldenShower
God		God
Go!プリンセスプリキュア		Go! Princess Precure
Go!プリプリ		Go! PriPri
Genshinimpact		Genshinimpact
GawrGura		GawrGura
Garrote		Garrote
GQuuuuuuX		GQuuuuuuX
GOTH		GOTH
GODEATER		GODEATER
GLF		GLF
GJ部		GJ部
GIF		GIF
GGXrd		GGXrd
GG		GG
GATE		GATE
GAINGAUGE		GAINGAUGE
G41(ドールズフロントライン)	©	G41 ( Dolls Frontline)
G15		G15
F子		F-ko
Fちゃん		F-chan
Fujiko_Mine		Fujiko_Mine
Fox		Fox
Formidable		Formidable
Forger		Forger
Footjob	foot dick	Footjob
Fleurdelys		Fleurdelys
FineFaunart		FineFaunart
FinalFantasy		FinalFantasy
Figure		Figure
Fgo		Fgo
Fern		Fern
Feet		Feet
Fate×スーツ		Fate x Suit
FateGO		FateGO
Fate/unlimitedcodes		Fate/unlimitedcodes
Fate/Zero		Fate/Zero
Fate/GrandOrderArcade		Fate/GrandOrderArcade
Fate/EXTELLA		Fate/EXTELLA
FUWAMOCO	©	FUWAMOCO
FORTUNE_ARTERIAL		FORTUNE_ARTERIAL
FNAF		FNAF
FLOWER_KNIGHT_GIRL		FLOWER_KNIGHT_GIRL
FGOイラコン4		FGO Illustration Contest 4
FGOイラコン3		FGO Illustration Contest 3
FFXV		FFXV
FFX		FFX
FFVII		FFVII
FF7リバース		FF7 Rebirth
FF7remake		FF7remake
FF15		FF15
FANZA		FANZA
FANBOX		FANBOX
Eye		Eye
Ewica		Ewica
EvilRose		EvilRose
Emma_Hardy		Emma_Hardy
ElvenForestMaker		ElvenForestMaker
EllenJoe		EllenJoe
Elin		Elin
ElectricChair		ElectricChair
Edelgard		Edelgard
Echidna		Echidna
E_Myo		E_Myo
EXCEED		EXCEED
EUDETENUS		EUDETENUS
Dva		Dva
DrunkOak		DrunkOak
Dragonquest		Dragonquest
DragonNest		DragonNest
Dr.STONE		Dr.STONE
Dom/Sub		Dom/Sub
DogDays,	tm	DogDays,
Dilation_belt/一穴二本/大量挿入/ガバマン	sm insert	Dilation_belt/One Hole, Two Strings/Massive Insertion/Gabaman
Dilation_belt		Dilation_belt
Digimon		Digimon
Dies_irae		Dies_irae
Dewi		Dewi
DestinyChild		DestinyChild
Derpy_Hooves		Derpy_Hooves
Degenbrecher		Degenbrecher
Darkness		Darkness
Dandadan		Dandadan
Dance		Dance
DW		DW
DRAGONBALL		DRAGONBALL
DQX		DQX
DQ9		DQ9
DQ5		DQ5
DQ2		DQ2
DOGDAYS	tm	DOGDAYS
DIZZY		DIZZY
DESTINY		DESTINY
DAZStudio		DAZStudio
DAZ		DAZ
DARKSOULS3		DARKSOULS3
DARKSOULS		DARKSOULS
DAP		DAP
DAL		DAL
DAF		DAF
D:キラーワイフ		D: Killer Wife
D:KillerWife		D:KillerWife
D.VA		D.VA
D(勝利の女神:NIKKE)	©	D (Goddess of Victory: NIKKE)
Cストリング		C-String
Cynthia		Cynthia
Cyberpunk2077		Cyberpunk2077
Cyberpunk		Cyberpunk
Cumvomit	cum sca	Cumvomit
Cradle		Cradle
CrackleCradle		CrackleCradle
Cow		Cow
Comicアンスリウム		Comic Anthurium
ComicMILF		ComicMILF
Club		Club
Cliffheart		Cliffheart
ClaireRedfield		ClaireRedfield
Citrus		Citrus
Citlali		Citlali
Cinderella		Cinderella
Chizuru		Chizuru
ChinatsuKashino		ChinatsuKashino
Chel		Chel
Character		Character
Cerberus		Cerberus
Catwoman		Catwoman
CategoryM		CategoryM
Cat's		Cat's
Cantarella		Cantarella
Cabbit		Cabbit
CV:種田梨沙		CV: Taneda Risa
CV:ゆかな		CV: Yukana
COMITIA124		COMITIA124
COMITIA122		COMITIA122
COMITIA120		COMITIA120
COMITIA106		COMITIA106
COMITIA		COMITIA
COMICリュウ		COMIC Ryu
COMIC1☆8		COMIC1☆8
COMIC1☆13		COMIC1☆13
COMIC1☆11		COMIC1☆11
CHUNITHM		CHUNITHM
CHAOS;HEAD		CHAOS;HEAD
CCさくら		CC Sakura
C90(3日目)	event	C90 (Day 3)
C79		C79
C77		C77
C100		C100
Brownhair		Brownhair
Browndust2		Browndust2
Bremerton		Bremerton
Bowser		Bowser
Booette		Booette
Boobs	tit	Boobs
BlueBox		BlueBox
Blowjob	mouth dick	Blowjob
BlazBlue		BlazBlue
Blades		Blades
Bernadetta		Bernadetta
BanGDream!		BanGDream!
Baiken		Baiken
BUNNYSUIT		BUNNYSUIT
BOX戦闘少女		BOX Battle Girl
BORUTO		BORUTO
BNHA		BNHA
BNA		BNA
BLAZBLUE		BLAZBLUE
BLACKLAGOON		BLACKLAGOON
BKエクソシスト		BK Exorcist
BC自由学園		BC Freedom Academy
BBホテップ		BB Hotep
BBペレ		BB Pele
BBW		BBW
BBB		BBB
BBA		BBA
Aランクパーティを離脱した俺は元教え子たちと迷宮深部を目指す		I Left the A-Rank Party and Now I'm Heading to the Depths of the Labyrinth with My Former Students
Aztec		Aztec
AyaToujou		AyaToujou
AveMujica		AveMujica
Ashe		Ashe
Arona		Arona
ArcTheLad		ArcTheLad
AnnaYamada		AnnaYamada
Anime		Anime
Angelina		Angelina
Angela_Ziegler		Angela_Ziegler
Android21		Android21
Alter		Alter
AliceThymefield	©	AliceThymefield
Alice	©	Alice
Alabama		Alabama
AkinoWisteria		AkinoWisteria
Akino		Akino
Akali		Akali
Aibo		Aibo
After		After
AdventChildren		AdventChildren
Acheron		Acheron
AbyssOrangeMix		AbyssOrangeMix
AV		AV
ASUKA		ASUKA
ARKNIGHTS		ARKNIGHTS
ANUBIS		ANUBIS
ANGEL倶楽部		ANGEL倶楽部
ANAL	anal	ANAL
ANA		ANA
AK-12(ドールズフロントライン)	©	AK-12 (Girls' Frontline)
AK-12		AK-12
AI着色	ai	AI Coloring
AI生成作品	ai	AI-Generated Work
AIR		AIR
AIBO		AIBO
AI-girl		AI-girl
AI-Syoujyo		AI-Syoujyo
AI(加筆)	ai	AI (Additional Editing)
AG-1ネレイド		AG-1 Nereid
AF		AF
AA-12(ドールズフロントライン)	©	AA-12 (Girls' Frontline)
A2		A2
>>アンケ_ﾄﾞｺﾞｫ	content	>>Poll_Smash
97式		Type 97
95式		Type 95
8号(Splatoon)	©	Number 8 (Splatoon)
765		765
6P		6P
69		69
5頭身		5 heads tall
5本腕		5 arms
5月26日はこころの日		May 26th is Kokoro Day
500円橙		500 yen orange
3穴バイブ攻め		3-hole vibrator attack
3段階		3 stages
3歳		3 years old
3p		3p
2穴責め		2-hole attack
2穴破壊		2-hole destruction
2次元風俗学園		2-dimensional brothel academy
2月2日はレムとラムの誕生日		February 2nd is Rem and Ram's birthday
2対1は卑怯だろ		2 against 1 is unfair, isn't it?
2Pカラー		2P color
2025年		2025
2022年		2022
2015		2015
2014年賀状		2014 New Year's card
2013		2013
2.5次元		2.5 dimensions
2.5D		2.5D
1枚で何この破壊力・・・		What is this destructive power from just one sheet? ...
1日1シッコ	uro	One pee a day
1ノリコ=7時間		1 Noriko = 7 hours
1girl		1 girl
1920x1080		1920x1080
18+		18+
17岁美少女(真)		17-year-old beautiful girl (real)
14歳		14 years old
10月27日はふみふみの誕生祭		October 27th is Fumifumi's birthday celebration
10年進化録		10-year evolution record
109号シティ		City No. 109
108回じゃヌけない煩悩		108 times isn't enough to satisfy my desires
100冊買うから乳首見せてください	nip	I'll buy 100 copies, so please show me your nipples
100億$$$の歌姫ファルファラ		Farfara, the 10 billion dollar diva
100カノ		100 girlfriends
00		00
.nsp		.nsp
.		.
-○-○-○-		-○-○-○-
*無名(甲鉄城のカバネリ)	©	*Nameless (Kabaneri of the Iron Fortress)
*コウテイペギン(けものフレンズ)	©	*Emperor Penguin (Kemono Friends)
(・ω・)		(・ω・)
(Pokémon)	tm	(Pokémon)
(:´д`)		(:´д`)
(*´ω`*)		(*´ω`*)